,stories_id,publish_date,media_name,title,url,text,keywords,sexual stigma and transmission routes,racial disparities and stigmatising name,global relations,public health failure,epidemic preparedness and surveillance,human-interest stories,broader health issues,Response
0,2380680882,2022-07-30 05:28:45,Mashable!,Who can get the monkeypox vaccine? When and how can I get vaccinated? Your questions answered.,https://mashable.com/article/monkeypox-vaccine-requirements,"Credit: ROBYN BECK/AFP via Getty Images

The odds are good that you don’t need to rush out and get the monkeypox vaccine. Assuming you do, I will tell you what you need to know in a minute, but I’d be remiss if I made it sound like this vaccine is something everyone needs right this second.

The situation for the time being is that there are two monkeypox vaccines available in the US. One of the two, JYNNEOS, is a fairly normal series of two injections, administered 28 days apart, but there's not currently enough of that to go around. The more plentiful of the two, ACAM2000, is a rather unpleasant medical procedure not far removed from the old-school smallpox vaccine, and is thought to be too dangerous to give to people with HIV or heart conditions.

So, long story short, unlike the COVID-19 vaccine, which is for pretty much everyone, this is something you should only get if you’re in a high risk group, particularly while JYNNEOS doses are in short supply. And since these were intended to be smallpox vaccines, much more data will be needed to confirm that these vaccines truly are effective against monkeypox, to what degree, and whether one is significantly better than the other.

Who needs the monkeypox vaccine?

With that preamble out of the way, you really need to get vaccinated if you've likely been exposed to monkeypox. In public health this concept is called ""post exposure prophylaxis,"" or PEP. The vaccine is thought to be effective four days after exposure, and can be administered up to 14 days after exposure, because it's also thought to be useful in easing symptoms even if you're infected. Men who have sex with men are the group most targeted with monkeypox awareness messaging, but according to the Centers for Disease Control and Prevention (CDC), you don't have to be in this group to be vaccinated. You qualify if:

you've been in close contact with someone known to have monkeypox, or

you've had sex in the past two weeks with someone who has since been diagnosed with monkeypox

So to a large degree, people receiving the vaccine right now are part of so-called ""ring vaccination"" campaigns, in which the small amount of the JYNNEOS vaccine available is given on an invite-only basis to those determined to be the most likely beneficiaries in the immediate term. It's a ""don't call us, we'll call you""-type deal.

But you can theoretically also get vaccinated if you've had sex with multiple people in the past two weeks in an area where monkeypox is known to be spreading, the CDC says. I say ""theoretically"" because this doesn't necessarily mean you can just go to your primary care physician, tell them you've had sex with multiple people, and get a referral to get the vaccine. Which brings me to…

How do I get the monkeypox vaccine?

It really depends where you are, and honestly, it might not even be practical right now no matter what, unless you find yourself in a ring vaccination campaign.

In New York City, for instance, there's a portal online where you can make an appointment. In Los Angeles, the online appointment portal was, as of this writing, ""paused,"" because it was overrun with people trying to make appointments, but walk-up vaccine clinics seem to pop up more and more. In San Francisco, rather than scheduling online, you're directed to locations accepting drop-in visits, along with numbers you can call for appointments. In Chicago, 100 doses are provided each Monday, in one location, on a first-come-first-served basis.

You get the idea. If you're concerned about infection, check online with your local health department, call around, and keep trying.

Is getting a monkeypox vaccination going to get easier?

The rollout of JYNNEOS in particular has been patchy and slow. Even though most US states have now had documented cases of monkeypox during this outbreak, not all health departments are making it easy or even possible to get jabbed. That's because for the time being it appears that jabbing everyone would mean widespread use of ACAM2000, and that seems to be exactly what authorities are avoiding. As of early July, the federal government had said only 800 people had been given ACAM2000.

About that ACAM2000 vaccine: it may be frustrating to know this vaccine is out there and mostly not being made available, but I should probably remind you that it's, well, nasty. According to the CDC, administering ACAM2000 means 30 punctures in the skin of your shoulder, delivered by quickly jabbing you 15 times with a bifurcated steel rod until you bleed. Successful ACAM2000 vaccination produces a lesion that scabs over during the healing process. During your recovery from your 30 needle pokes, you’re infected with, ""a live, infectious vaccinia virus that can be transmitted from the vaccine recipient to unvaccinated persons who have close contact with the inoculation site."" Afterward, you will have a scar.

So personally, I think of that vaccine as a last resort. Research could eventually prove that it's the superior vaccine, and that the virus is so scary that we all need to sign up for ACAM2000. In the meantime, measures of human immune responses and animal research strongly suggest that JYNNEOS is effective against monkeypox.

According to the White House, there are supposed to be 750,000 total JYNNEOS doses up for grabs in the summer, and 500,000 more rolling out through fall. On July 1, the US Department of Health and Human Services ordered 2,500,000 doses, meant to be in arms by early 2023. And bear in mind, JYNNEOS is a two-dose vaccine.

So if you're a man who has sex with men in a major US city, getting vaccinated is a good idea. But unless you've been exposed, it's not an emergency. Get tested regularly, and try the available portals and phone numbers until it's your turn to get, preferably, a JYNNEOS jab.

Topics Health","['questions', 'answered', 'vaccine', 'monkeypox', 'vaccinated', 'jynneos', 'youre', 'acam2000', 'sex', 'health', 'youve', 'vaccination', 'online', 'doses', 'vaccines', 'thought', 'men', 'group', 'exposure', 'effective', 'dont', 'days', 'cdc', 'weeks', 'virus', 'theoretically', 'smallpox', 'short', 'ring', 'research', 'portal', 'past', 'numbers', 'multiple', 'jabbing']",0,0,0,0,0,0,0,"You forgot to annotate the ‘sexual stigma and transmission routes’ frame. You have forgotten the ‘explicit’ criteria for frame presence, i.e., the codebook mention that the frames must be explicit. (1) A mention of slow rollout doesn’t implicate the government explicitly - hence ‘public health failure’ doesn’t appear. (2) Advocating for ring vaccination doesn’t explicitly express any trust/mistrust in the government, hence ‘epidemic preparedness and surveillance’ also doesn’t explicitly appear. (3) This article doesn’t mention any actual stories or personal narratives of the ring vaccination - so the justification for ‘human-interest’ stories is false. (4) “Broader health issues” must include a SIGNIFICANT deviation from Mpox. A simple mention of HIV or heart conditions doesn’t count, and hence ‘broader health issues’ also doesn’t exist in this article. "
1,2392454122,2022-08-12 20:42:41,Buzzfeed,It’s Time We Talk About Polio In The US And How To Protect Yourself,https://www.buzzfeednews.com/article/katiecamero/polio-spreading-in-unvaccinated,"Polio is a life-threatening disease that’s long been eradicated in the US. But a recent New York state case and traces of the virus found in NYC wastewater have experts recommending that unvaccinated adults and children get immunized ASAP.

Americans have a lot on their plates right now: the COVID pandemic, a monkeypox outbreak, and now polio, a serious and life-threatening disease that’s very contagious, has no treatment, and poses a low yet viable risk of paralysis in adults and children who get infected. Chaos has already erupted within family group chats, now littered with frantic messages to parents asking about polio vaccination records.

The latest public health threat got real when the New York health department in July confirmed the US’s first polio case in nearly a decade in an unvaccinated Rockland County resident, a finding bolstered by wastewater samples confirmed polio positive in the area as early as May.

The person experienced paralysis, which is typically permanent, but it's unclear how their health status has improved or changed.

(Health officials are not revealing the person’s age or sex for privacy reasons. But an anonymous health official told the Washington Post that this person is a 20-year-old man who had traveled to Poland and Hungary this year and was hospitalized in June. The man is able to stand but is having difficulty walking, the Washington Post reported in July.)

The last wild polio case that originated in the US occurred in 1979. However, since then, a handful of infections have emerged in people who live in regions where the virus still spreads. (There’s been a worldwide effort to eradicate polio, similar to the way smallpox was wiped from the earth thanks to vaccines, but stubborn pockets of infection persist in two countries, Pakistan and Afghanistan.)

The virus has been detected in wastewater samples in Orange County, New York, and more recently in New York City as early as June, which “is alarming, but not surprising,” New York State Health Commissioner Dr. Mary Bassett said in a news release posted Aug. 12.

All of the wastewater samples collected so far (except the ones from NYC) have been “genetically linked” to the Rockland County case, suggesting polio is spreading locally among people with no or mild symptoms. Polio symptoms can include fatigue, nausea, headache, stomach pain, and sore throat, and it can be nearly impossible to distinguish from other illnesses. What’s more, the Rockland County case is genetically linked to polio wastewater samples collected in Israel and London, despite the person having no travel history to or from these regions.

Officials in New York (and London) are urging unvaccinated children and adults, including pregnant people, to get vaccinated against polio if they haven’t already, stating that “for every one case of paralytic polio observed, there may be hundreds of other people infected.”

Bassett said officials are treating this case “as just the tip of the iceberg of much greater potential spread.”

Although the majority of polio cases cause mild symptoms, a few people with polio go on to develop mild meningitis, an infection in the brain and spinal cord membranes. Even fewer will become paralyzed if the virus enters their spinal cord. It’s said that about one out of every 200 polio cases will result in paralysis.

But it’s a dangerous illness that caused 15,000 cases of paralysis each year before vaccines became available in the 1950s. (One Texas man has lived more than 70 years in an iron lung due to a polio infection at age 6.) The development of the polio vaccine was considered one of the most important scientific accomplishments of the 20th century.

Given the history, BuzzFeed News set out to discover how much of our already depleted energy should be spent on worrying about polio infection, and whether those of us who were vaccinated as kids should seek a booster.

While experts we spoke to expressed genuine concern about the unexpected and disturbing local transmission we’re seeing, they made one point clear: Vaccinated people should be fine; unvaccinated people are not.

“It’s a real wake-up call for everybody that this vaccine-preventable disease is out there. It’s been over 40 years since there was a case acquired in the US, and that’s what makes it scary,” said Dr. Dean Blumberg, chief of pediatric infectious diseases at the University of California, Davis. “There's enough susceptibility because of vaccine hesitancy that it's almost certain it's going to spread and be detected in other communities.

“So I think everywhere, no matter where you are in the world, it’s important to be up to date with your vaccines in general, and specifically with the polio vaccine.”

How did the Rockland County resident get polio?

How the Rockland County resident contracted polio remains unclear, a spokesperson with the Rockland County Department of Health told BuzzFeed News. But we do know that this person did not travel out of the country within the period of infection based on when their symptoms emerged, the spokesperson said.

Genetic analyses show that the Rockland County resident’s infection was caused by “vaccine-derived poliovirus type 2,” or VDPV for short.

This is a mutated version of the weakened live polio virus that’s contained in the oral polio vaccine, or OPV, which is still given in other countries but has not been administered in the US since 2000. This weakened virus mutates into a different form that can cause illness — and paralysis — if allowed to spread in people who are not fully vaccinated, not vaccinated at all, or immunocompromised, in which the virus can be shed for longer periods of time.

All this means that the Rockland County resident likely contracted polio from another person in the US who was vaccinated with OPV in another country, but this has not been confirmed.

Poliovirus can live in your gut for several months, according to Blumberg, which isn’t great news considering the virus spreads primarily via the fecal–oral route. So touching a dirty diaper or public bathroom, or even eating food prepared by an infected person who didn’t wash their hands properly after using the restroom can expose you to polio.

The virus can last in the respiratory tract for about one to two weeks, Blumberg said, but airborne transmission isn’t how this virus spreads best.

In other words, the Rockland County resident could have contracted polio at any point while in public settings. Health officials do make clear, however, that this person is not necessarily the source of the ongoing local transmission in the New York area.

VDPVs can be responsible for polio outbreaks in regions where vaccination rates are low, like Rockland County, which has a polio vaccination rate of about 60%, meaning 60% of children have received three doses before their second birthday. Orange County, New York, where wastewater samples have turned up positive, has a polio vaccination rate of about 58%. These compare to the statewide average of about 79%.

Three cases of VDPVs have occurred in the US since 2000 prior to this event: one in 2005, another in 2008, and one fatal case in 2013, according to the CDC. All of these infections were related to mutated viruses from the OPV and happened in kids and adults who were not vaccinated or had a weakened immune system.

What’s the risk that vaccinated people get polio?

The only polio vaccine that has been administered in the US since 2000 is the inactivated polio vaccine, or IPV. The country began using this shot in 1987 but started using it exclusively in 2000 to get rid of the risk of VDPV from the oral vaccine.

IPV does not contain live poliovirus, so people cannot infect others once vaccinated. The only downside to IPV is that it cannot stop wild poliovirus from spreading (although this isn’t and hasn’t been a concern in the US for a while). This is because it offers lower levels of immunity inside our GI tract than the OPV.

It’s recommended that children receive a total of four doses of IPV, including at 2 months of age, 4 months, 6 through 18 months, and then the fourth dose between the ages of 4 and 6. Two doses of IPV are 90% protective against all wild polioviruses, as well as VDPVs. Three doses are 99% effective, the CDC says, adding that 99 out of 100 kids who get all recommended doses are protected.

Overall, vaccines protect us against infection. Breakthrough infections are very rare, but if they do occur, illnesses typically carry no or mild symptoms, the CDC says. Polio vaccines also protect against paralysis, even in people who do get a breakthrough infection.

Should you get a polio booster?

But what about us anxious adults? Should we get boosters to improve our protection as polio spreads? The short answer is no, according to Dr. Adam Ratner, director of pediatric infectious diseases at NYU Langone Health.

“People who are fully vaccinated, including adults who got their full series when they were kids, don’t have a lot to worry about right now in terms of your risk of getting paralytic polio, even if exposed to poliovirus,” Ratner said. “The most important thing is finding the people who are completely unimmunized and getting them their primary series.”

That said, if parents of young kids aren’t sure if their child received the polio vaccine or finished their series, it’s safe to give them a booster shot, according to Ratner. “It wouldn’t be dangerous to do that,” he said.

The only circumstances that warrant greater risks of polio infection are those that involve travel to a country where polio has not been eradicated, such as Afghanistan and Pakistan; work in a lab that involves handling polioviruses; and close contact with polio patients as a healthcare provider.

Adults in these groups who have been vaccinated can receive one lifetime booster of IPV. Those who have not been vaccinated should receive three doses. The first can happen at any time, followed by a second shot one to two months later, and the third six to 12 months after that.

Adults who have only had one or two doses should complete their vaccination series, experts suggest, no matter how long it’s been since their last dose.

“For people who are fully vaccinated, the risk of developing paralytic polio is not zero, but very close to zero,” Ratner said. “The people who should be worried are the people who either are not fully vaccinated or people who live with family who are not fully vaccinated against polio.”

How long does polio vaccine protection last?

We don’t know exactly how long protection from the IPV lasts, but the CDC says vaccinated people are “most likely protected for many years after a complete series.”

A 2021 study suggests that protection from OPV (which some older adults in the US may have received as a child) lasts for at least up to 18 years after vaccination, with some antibodies lasting for more than 30 years after a last dose.

A separate 2021 study published in the Journal of Infectious Diseases found some evidence that protection from IPV remained strong for at least 10 years post-vaccination.

Why is there a polio threat now after many years of no activity?

It really just comes down to not enough people being vaccinated against the disease.

“We've seen cases of vaccine-derived polio in the US in the past. But the repeated finding of polio in wastewater, especially from multiple sites, is really concerning, and that is not something we've seen for a long time in the US,” Ratner said. “Circulating polio is evidence that we need to do a better job as a society at vaccinating people, but it's not necessarily a danger to people who are vaccinated.”

Blumberg blames increasing vaccine hesitancy, even before COVID blew the phenomenon out of control, and a general shifting of public health resources both nationally and globally because of it.

CDC Director Rochelle Walensky said during an Aug. 12 interview with SiriusXM’s Doctor Radio Reports that childhood vaccination rates have gone down by 1% over the years, which equals about 35,000 children now entering kindergarten.

A CDC report released last year found that between January 2020 and June 2021, 44 outbreaks involving vaccine-derived polio globally were “ongoing” that resulted in more than 1,300 cases of paralysis. The agency said the COVID pandemic is at least partly to blame for the “disruptions” in surveilling these outbreaks that may have led to case undercounts.

Local polio transmission is really only possible now, too, because countries where wild poliovirus still spreads have not been able to eradicate the virus, either because of under-resourced public health systems or political conflict, Blumberg said.

“In the recent past, even five or 10 years ago, we were closer to the eradication of polio so that the only way you could get it was by travel to an endemic area and it was only in a few areas of the world,” Blumberg said, “but that's just really changed over the past couple years.”

How to protect yourself against polio

For now, the best way to protect yourself against polio is to wash your hands diligently, especially after using the restroom and before and after eating, because people can spread the virus without symptoms.

Blumberg said it takes more than just touching a contaminated surface; you have to also touch your eyes, mouth, or nose to secure infection.

Airborne transmission is not of concern at this time so masks are not necessary, although you may want to wear one anyway to avoid COVID.

Otherwise, make sure to check your vaccination records to confirm you’re protected against polio if you aren’t certain already.","['talk', 'protect', 'polio', 'vaccinated', 'virus', 'county', 'rockland', 'case', 'health', 'york', 'vaccine', 'vaccination', 'infection', 'wastewater', 'person', 'ipv', 'doses', 'adults', 'paralysis', 'months', 'children', 'cases', 'vaccines', 'transmission', 'symptoms', 'spreads', 'samples', 'risk', 'resident', 'ratner', 'public', 'protection', 'poliovirus', 'long', 'live']",0,0,0,0,0,0,1,This article is all about polio and is hence irrelevant to the framing analysis. 
2,2317195353,2022-05-23 10:02:58.937044,Reason.com,Don't Panic Over Monkeypox,https://reason.com/2022/05/23/dont-panic-over-monkeypox/,"Plus: The wrong way to address formula shortages, Clinton approved the plan to share Trump-Russia information, and more...

(Donal Husni/ZUMA Press/Newscom)

It's not just fear of disease that has folks on high alert over monkeypox, a viral illness that is similar to smallpox but less severe. Our society simply couldn't take another pandemic right now. But in the past 10 days, cases have been reported in the United States, as well as in Australia, Belgium, Canada, France, Germany, Italy, the Netherlands, Portugal, Spain, Sweden, and the U.K. Typically, monkeypox is rare outside West and Central Africa.

In total, there were 92 confirmed cases and 28 suspected cases as of yesterday, the World Health Organization (WHO) reports.

On the upside, there's little reason to think monkeypox will wreak the kind of havoc that COVID-19 did. It does not spread as easily or cause severe symptoms in most people. And it's not novel—we already know what monkeypox is and how to fight against it.

""Although the disease belongs to the same virus family as smallpox, its symptoms are milder"" and ""people usually recover within two to four weeks without needing to be hospitalized,"" notes U.S. News & World Report.

Monkeypox is ""not as highly transmissible as something like smallpox, or measles, or certainly not Covid,"" Anne Rimoin, an infectious disease epidemiologist at the University of California Los Angeles, told Vox.

In addition, we already have a vaccine that provides some protection against monkeypox: the smallpox vaccine. And the U.S. has ""enough to deal with the likelihood of a problem,"" said President Joe Biden in Tokyo this week.

""I just don't think it rises to the level of the kind of concern that existed with COVID-19,"" said Biden. He says he does not expect quarantine requirements even for people infected.

On the downside, governments worldwide—and the people they control—have gotten used to enacting extreme measures for disease mitigation purposes.

So we could see a lot of early overreaction to monkeypox from leaders fearful of another pandemic or of repeating coronavirus mistakes. And we now have recent precedent treating lockdowns and other restrictions as appropriate ways to contain public health threats.

Sweden has classified monkeypox as a ""disease dangerous to public health,"" which means authorities there could impose measures similar to those imposed for COVID-19. But they have not done so as of yet, and they say widespread restrictions are unlikely. (Sweden, of course, reacted to COVID with a relatively light hand.)

What are we dealing with here? Monkeypox is a viral disease that can cause lesions, fever, swollen lymph nodes, headaches, muscle aches, back pain, and fatigue. It can be transmitted through ""close contact with lesions, body fluids, respiratory droplets and contaminated materials such as bedding,"" explains the WHO. ""The incubation period of monkeypox is usually from 6 to 13 days but can range from 5 to 21 days.""

There are two types of monkeypox—the West African clade and the Congo Basin clade. The cases currently being seen are of the West African type, which spreads less easily.

""Monkeypox is usually self-limiting but may be severe in some individuals, such as children, pregnant women or persons with immune suppression due to other health conditions,"" says the WHO.

The disease has a fatality rate of 3.6 for the West African clade and 10.6 percent for the Congo Basin clade. But the fatality rate may be lower ""in high-resource countries like the United States because people living there generally have better access to the supportive care that resolves most monkeypox infections,"" reports Vox. ""In 2003, at least 53 people in the midwestern United States caught the infection from pet prairie dogs who'd been infected when they were housed near rodents imported from Ghana; none of the infected people died.""

In the current outbreak, ""reported cases thus far have no established travel links to an endemic area,"" says the WHO. ""Cases have mainly but not exclusively been identified amongst men who have sex with men (MSM) seeking care in primary care and sexual health clinics.""

""The identification of confirmed and suspected cases of monkeypox with no direct travel links to an endemic area represents a highly unusual event,"" the agency adds. ""WHO expects that more cases in non-endemic areas will be reported.""

FREE MINDS

Clinton approved sharing Trump-Russia ""link"" with reporter. Hillary Clinton personally approved her 2016 campaign's decision ""to share information with a reporter about an uncorroborated alleged server backchannel between Donald Trump"" and the Moscow-based Alfa Bank, reports CNN. This revelation came from Clinton's former campaign manager, Robby Mook, as he testified in federal court on Friday. ""Federal investigators ultimately concluded there weren't any improper Trump-Alfa cyber links,"" CNN adds.

Mook's testimony was part of the criminal trial of Michael Sussmann, who had been a Clinton campaign lawyer. Sussmann is being prosecuted as part of Trump-era special counsel John Durham's investigation into possible misconduct in the FBI's handling of Trump-Russia allegations.

FREE MARKETS

Shot, and chaser:

QUICK HITS

• President Biden said today that the U.S. would get militarily involved if China invades Taiwan.

• The achievement loss due to pandemic school closures ""is far greater than most educators and parents seem to realize,"" writes economist Thomas Kane, faculty director of the Center for Education Policy Research at Harvard University

• Singer John Legend on criminal justice reform and why people should care who their local district attorney is:

Prosecutors make policy decisions about which crimes they are going to focus on and prosecute, how much they're going to charge someone and what they're going to ask for in sentencing. They decide whether to use cash bail, which is a highly discriminatory policy that forces people to stay in jail simply because they can't afford bail, leading people to be punished just for being poor. All these decisions affect our incarceration rate. In 2017, we started a ""Know your DA"" education campaign with the ACLU, because most people probably couldn't tell you who their DA was and didn't vote that far down on the ballot or just voted for the incumbent. And then we started looking for more progressive alternatives to run.

• Ronald Reagan's daughter, , on her father and abortion.

• I talked with physician Eric Larson about Roe v. Wade and the future of abortion politics:

• Germany is temporarily banning outdoor cats.

• A British teacher of literature discusses why Derry Girls—a comedy set in '90s North Ireland—is so good.

• Sigh…

Latest","['panic', 'dont', 'monkeypox', 'cases', 'disease', 'health', 'west', 'smallpox', 'clade', 'care', 'united', 'trumprussia', 'states', 'severe', 'rate', 'policy', 'pandemic', 'links', 'highly', 'covid19', 'clinton', 'biden', 'approved', 'african', 'world', 'viral', 'vaccine', 'university', 'travel', 'theyre', 'symptoms', 'sweden', 'sussmann', 'suspected', 'started']",0,0,0,0,0,0,0,"Again, you’re bypassing the “explicit” presence requirement. (1) “Cases have mainly but not exclusively been identified amongst men who have sex with men (MSM) seeking care in primary care and sexual health clinics” doesn’t explicitly stigmatize gay men. Moreover, there’s only one dimension (problem definition) of the ‘sexual stigma and transmission route’ frame included, whereas we need at least 2 dimensions. (2) Global relations also doesn’t exist - just talking about other countries doesn’t count. The article must explicitly talk about relations between the US and other countries and how that is shaping the epidemic. (3) Epidemic preparedness is also not explicit enough - no advocation of trust/mistrust in establishments. (4) Broader health issues also doesn’t appear since the deviation to other illness is not significant enough. "
3,2380643484,2022-07-30 06:39:22,Washington Post,First monkeypox deaths outside Africa reported in Spain and Brazil,https://www.washingtonpost.com/world/2022/07/30/monkeypox-deaths-brazil-spain/?utm_source=rss&utm_medium=referral&utm_campaign=wp_world,"By Victoria Bisset

Updated July 30, 2022 at 6:39 a.m. EDT|Published July 30, 2022 at 6:14 a.m. EDT

Three people have died of monkeypox in Brazil and Spain, marking the first known fatalities outside Africa in the current outbreak.

In Brazil, a 41-year-old man with lymphoma and weakened immunity died in the southeastern city of Belo Horizonte, health officials said Friday. The country has confirmed at least 1,259 cases.

Hours later, Spain announced the first death in Europe, although no information about the individual has been released. The health ministry confirmed a second death Saturday. Spain has been one of the worst-affected countries, with 4,298 confirmed cases and at least 120 patients hospitalized.

At least five people have died in Africa.

[What to know about monkeypox symptoms, treatments and protection]

On July 23, the World Health Organization declared monkeypox a global health emergency, its highest-level warning. Globally 22,485 cases have been confirmed, according to the Centers for Disease Control and Prevention (CDC), the overwhelming majority outside of countries in central and western Africa where the virus is normally found.



The WHO says the risk from the virus is high in Europe and moderate elsewhere. Cases normally begin with flu-like symptoms, and a rash that appears days later, according to the CDC. Infections usually last between two and four weeks.

[Struggle to protect gay, bisexual men from monkeypox exposes inequities]

Most cases have so far been reported among men who have sex with men, with WHO Director General Tedros Adhanom Ghebreyesus suggesting earlier this week that they should consider temporarily reducing sexual partners as cases rise. Global health authorities have grappled with the risk of stigmatizing members of the community or downplaying the risk to the wider population.","['reported', 'deaths', 'monkeypox', 'spain', 'brazil', 'africa', 'health', 'cases', 'confirmed', 'risk', 'men', 'died', 'virus', 'symptoms', 'global', 'europe', 'death', 'countries', 'cdc', '30', '2022', 'worstaffected', 'world', 'wider', 'western', 'weeksstruggle', 'week', 'weakened', 'warning', 'victoria', 'treatments', 'temporarily', 'tedros', 'suggesting', 'stigmatizing']",1,0,0,0,0,0,0,"Only ‘sexual stigma and transmission routes’ frame is explicit. The rest are all insignificant. (1) Factual reporting of global numbers doesn’t imply ‘global relations’, as mentioned in the ‘when not to use’ portion of the frame. (2) Simple reporting of the public health emergency declaration doesn’t imply trust/mistrust in institutions and hence ‘epidemic preparedness and surveillance’ also doesn’t exist. (4) ‘Broader health issues’ also doesn’t appear since the deviation is minor. "
4,2334621162,2022-06-10 14:38:06,New York Times,C.D.C. Dismisses Airborne Transmission of Monkeypox. Some Experts Disagree.,https://www.nytimes.com/2022/06/10/health/monkeypox-airborne.html,"C.D.C. Dismisses Airborne Transmission of Monkeypox. Some Experts Disagree.

The virus “is not known to linger in the air,” agency officials said. But the research is far from definitive.

June 10, 2022

Officials at the Centers for Disease Control and Prevention on Friday pushed back against the idea that the monkeypox virus can spread through the air, saying the virus is usually transmitted through direct physical contact with sores or contaminated materials from a patient.

The virus may also be transmitted by respiratory droplets expelled by an infected patient who comes into physical contact with another person, they said. But it cannot linger in the air over long distances.

Experts on airborne transmission of viruses did not disagree, but some said the agency had not fully considered the possibility that respiratory droplets, large or small, could be inhaled at a shorter distance from a patient.

The World Health Organization and several experts have said that while “short-range” airborne transmission of monkeypox appears to be uncommon, it is possible and warrants precautions. Britain also includes monkeypox on its list of “high-consequence infectious diseases” that can spread through the air.

“Airborne transmission may not be the dominant route of transmission nor very efficient, but it could still occur,” said Linsey Marr, an expert on airborne viruses at Virginia Tech.

“I think the W.H.O. has it right, and the C.D.C.’s message is misleading,” she added.

In the United States, the monkeypox outbreak has swelled to 45 cases in 15 states and the District of Columbia, C.D.C. officials said at a news conference. The global tally has risen swiftly since May 13, when the first case was reported, to more than 1,450. At least 1,500 cases are still under investigation.","['dismisses', 'disagree', 'cdc', 'transmission', 'monkeypox', 'airborne', 'experts', 'virus', 'air', 'access', 'viruses', 'verify', 'transmitted', 'times', 'states', 'spread', 'respiratory', 'physical', 'patientthe', 'patience', 'officials', 'log', 'linger', 'droplets', 'contact', 'cases', 'article', 'agency', 'world', 'warrants', 'virginia', 'view', 'united', 'uncommon', 'timesthank']",0,0,0,0,0,0,0,"You forgot to annotate for ‘sexual stigma and transmission routes’. (1) As you said, the discussion surrounding global spread is superficial and hence ‘global relations’ doesn’t appear. (2) ‘epidemic preparedness and surveillance’ is also not explicit enough. Concerns are implicit.  "
5,2332770850,2022-06-08 19:12:44,Orange County Register,Second presumed case of monkeypox reported in LA County,https://www.ocregister.com/2022/06/08/second-presumed-case-of-monkeypox-reported-in-la-county/,"The newest patient was described only as an adult who had recently traveled, although further details were not released.

A second presumed case of monkeypox has been identified in Los Angeles County, health officials said on Wednesday, June 8, stressing that the risk of infection in the general population remains low.

The newest patient was described only as an adult who had recently traveled, although further details were not released. The person is showing symptoms but is “doing well and isolating away from others,” according to the county Department of Public Health.

Health officials said they are continuing to investigate the case and identify people who had contact with the patient.

It is the second presumptive case of monkeypox announced by the county in the past week. Last Thursday, the county revealed it had found its first presumed case, which was later verified by the U.S. Centers for Disease Control and Prevention. That person was an adult who had recently traveled and had “a known close contact to a case,” health officials said.

According to the CDC, there have been eight confirmed monkeypox cases in California, and 40 nationally, as of Wednesday.

County health officials insisted that “the risk of monkeypox in the general population remains very low.”

The infection can cause lesser symptoms such as fever and body aches before developing into a rash that spreads across the body.

Since monkeypox cases are usually more common in African nations, its appearance in the United States and more than a dozen other countries has generated headlines, particularly among a populace weary of the COVID-19 pandemic. But health officials insist COVID is far more infectious than monkeypox.

Public Health Director Barbara Ferrer said last week that spread of the illness “requires close contact with an infected person or with belongings that the infected person has used.”

“Am I worried we’re going to have a massive outbreak of monkeypox? No,” she said.

Health officials said the infection spreads through contact with bodily fluids, monkeypox sores or shared items such as bedding or clothing that were contaminated with fluids. It can also be transmitted through saliva and sexual contact.

Most people who develop monkeypox have only mild illness that goes away within two to four weeks without treatment.

People with symptoms are urged to visit a medical provider, cover the rash area with clothing, wear a mask and avoid close or skin-to-skin contact with others.

The CDC particularly recommends those steps for people who recently traveled to an area where monkeypox cases have been reported, or who have had contact with a confirmed or suspected monkeypox cases. A full list of countries that have confirmed monkeypox cases is available at https://wwwnc.cdc.gov/travel/notices/alert/monkeypox.","['reported', 'la', 'monkeypox', 'case', 'county', 'presumed', 'officials', 'contact', 'health', 'cases', 'traveled', 'recently', 'person', 'symptoms', 'infection', 'confirmed', 'close', 'adult', 'week', 'spreads', 'risk', 'remains', 'rash', 'population', 'patient', 'newest', 'lowthe', 'infected', 'illness', 'general', 'fluids', 'details', 'countries', 'clothing', 'cdc']",0,0,0,0,0,0,0,"(1) You’re right that it explicitly discusses transmission routes via saliva and sex, hence causal attribution is a dimension that exist. However, that’s only one dimension and hence this isn’t sufficient to mark the frame as existent. (2) ‘global relations’ have to be explicitly mentioned (3) ‘epidemic preparedness and surveillance’ also doesn’t exist since as you mentioned, its not explicit. (4) Deviation to COVID-19 is not significant enough, and hence ‘broader health issues’ doesn’t count. "
6,2430814160,2022-09-09 08:00:00,Orlando Sentinel,"Monkeypox cases are rising, and so are reactions to the vaccine",https://www.orlandosentinel.com/health/fl-ne-monkeypox-cases-vaccine-reactions-rising-20220909-oumdc3qzyvcezit7rg7dtueifa-story.html#ed=rss_www.orlandosentinel.com/arcio/rss/category/health/,"A growing number of South Floridians are reporting a painful red lump the size of an egg at their Jynneos vaccine injection site.

The side effect of the monkeypox shot, which for some is lasting up to two weeks, comes as the federal government tries to stretch the limited supply of the vaccine by giving smaller doses using a different method of injection. Instead of giving a full dose of the vaccine plunged into the arm tissue, the new method injects a fifth of the original dose between layers of skin.

“The inflammation is incredibly itchy but tolerable. The area is raised and firm to the touch,” one social media user wrote, displaying his red lump.

“It was the size of half a golf ball earlier today about 24 hours after my second shot,” wrote another.

Dr. Stephen Fallon at Latino Salud, which operates four clinics in South Florida, said some gay and Latino community members have been hearing about “bad side effects” and are now scared to get their second shot or even to begin vaccination.

Jynneous is given as a two-shot series 28 days apart. Those locally who got their shots earlier in the summer received their first dose using the original method into their arm muscle. But as of last month, the U.S. Food and Drug Administration authorized the intradermal method as part of a dose-stretching strategy.

“Some of our patients are seeing an angry red rash, and if they also have fever or fatigue they are blaming the shot,” Fallon said. “I’m not sure if there’s a higher incidence of a reaction now, but there’s a perception of a higher incidence.”

Healthcare providers say they are reassuring Jynneos recipients that this common reaction is expected with the change in how the vaccine is administered.

“The skin is more sensitive to injections than the muscle, so there is more of a chance of getting a reaction,” said Dr. Margaret Gorensek, an infectious disease specialist at Holy Cross Hospital in Fort Lauderdale. “Your body’s immune system is making a response. It’s worth the protection you will get.”

Nurses giving out the shots are recommending patients take Tylenol or Motrin to ease inflammation, and they suggest avoiding any medication directly on the injection site.

Kristofer Fegenbush of Wilton Manors received his second monkeypox vaccine on Wednesday and had been warned about the redness and swelling that followed. “It’s not debilitating; I am avoiding touching it,” he said Thursday.

According to the FDA packaging insert for Jynneos, the side effects related to the vaccine include pain, redness and swelling at the injection site, muscle pain, headache, fatigue, nausea, and chills.

The original Jynneos vaccine studies in 2015 reported some degree of local swelling in over half of the people who received the vaccine. “About 20% did not show up for the second shot because they had a big reaction to the first,” said Dr. Scott Burstin, interim national director of infectious disease for the Aids Healthcare Foundation. “This is being done on an emergency basis and the calculations were done by smart people who determined that giving vaccine outweighs any pain in the arm.”

Reynier Tapanex, a nurse practitioner with Latino Salud in Miami, said he has had a few patients with swelling that resembled cellulitis, along with pain so severe they couldn’t move their arms. Still, he said, “For almost everyone, by the third day the redness is coming down.”

Monkeypox mainly spreads through close physical contact, including sexual contact, and has been circulating mostly in the men-who-have-sex-with-men community. People with monkeypox often experience flu-like symptoms and get rashes or lesions, including near their genitals. They are supposed to isolate until the lesions are gone, which could take up to four weeks.

Michael Nicotera was among the first in Broward County to get the Jynneos vaccine in June. Nicotera said he received both shots using the original method and had no reaction. Regardless, he said the reactions now being reported wouldn’t scare him: “I would rather have cellulitis on the arm than monkeypox on my thing.”

Nicotera said the red rash from the shot has become a badge of honor of sorts in the gay community. “Some guy who was helping me with something the other day pointed to the welt on his arm and said “Yeah, monkeypox.”

As of Thursday, Florida is reporting 2,158 confirmed or probable cases of monkeypox, an increase of more than 300 cases in the last two weeks. However, the rapid rate of rise seen during the summer appears to have slowed.

“The numbers are starting to plateau and go down,” Gorensek at Holy Cross Hospital said. “We are not as many new cases as we did a few weeks ago. I think it’s both the vaccine and awareness.”

Dr. Zachary Henry at Medical Director of the AHF Healthcare Center in Fort Lauderdale said the initial demand for the Jynneos vaccine demand is declining, too. His clinic is holding a mass vaccination event this weekend in hopes of giving out more shots. He encourages patients to look past the reactions and get vaccinated: “If your arm is red and swollen, that means your immune system is working for you.”

Sun Sentinel health reporter Cindy Goodman can be reached at cgoodman@sunsentinel.com.","['rising', 'vaccine', 'monkeypox', 'cases', 'reactions', 'shot', 'jynneos', 'red', 'reaction', 'method', 'giving', 'arm', 'swelling', 'shots', 'received', 'patients', 'pain', 'original', 'injection', 'weeks', 'redness', 'muscle', 'latino', 'dose', 'community', 'wrote', 'system', 'summer', 'south', 'size', 'salud', 'reporting', 'reported', 'rash', 'nicotera']",0,0,0,0,0,0,0,"(1) ‘sexual stigma and transmission routes’ doesn’t appear since there is only one dimension covered (causal interpretation), whereas we need at least 2 dimensions. (2) public health failure doesn’t appear. (3) ‘epidemic preparedness and surveillance’ doesn’t appear since there is no trust/mistrust in institutions that is implied. (4) broader health issues don’t occur.  "
7,2334734697,2022-06-10 18:05:31,UPI,"Monkeypox symptoms can mimic STDs, be misdiagnosed, CDC says",https://www.upi.com/Top_News/US/2022/06/10/CDC-monkeypox-STDs/9861654893283/,"June 10 (UPI) -- Monkeypox symptoms can often be mistaken for symptoms of some STDs, making the virus difficult to detect, the Centers for Disease Control and Prevention warned Friday.

CDC Director Rochelle Walensky said additionally, recent cases of monkeypox haven't displayed the virus' typical symptoms. The virus usually presents with flu-like symptoms, including fever, body aches and swollen glands, before the patient breaks out in a rash, often in the genital area.



Recent cases haven't included the preceding flu-like symptoms, Walensky told reporters during a telebriefing.

""We have seen presentations of monkeypox that are mild and sometimes only limited areas of the body, which differs from the classic presentation seen in endemic countries in Western Central Africa,"" she said.

""This has prompted concern that some cases may go unrecognized or undiagnosed.""

Symptoms may mimic those seen in patients with syphilis, herpes, gonorrhea or chlamydia, she added. She warned that people recently diagnosed with these STDs may in fact also have monkeypox.

""Healthcare providers should not rule out monkeypox just because a patient has another diagnosis or another"" sexually transmitted infection, Walensky said.

The CDC said the United States has confirmed 45 cases of monkeypox, double what was reported as of last week. There have been more than 1,300 cases worldwide.



The virus doesn't usually spread beyond West and Central Africa, prompting the World Health Organization to warn Thursday that monkeypox could spread to non-endemic countries.

""The risk of monkeypox becoming established in non-endemic countries is real,"" WHO Director-General Tedros Adhanom Ghebreyesus said at a news conference. ""WHO is particularly concerned about the risks of this virus for vulnerable groups including children and pregnant women.""","['misdiagnosed', 'mimic', 'cdc', 'monkeypox', 'symptoms', 'stds', 'virus', 'cases', 'walensky', 'warned', 'spread', 'patient', 'nonendemic', 'including', 'havent', 'flulike', 'countries', 'central', 'body', 'africa', 'worldwideadvertisementthe', 'world', 'women', 'western', 'west', 'week', 'warn', 'vulnerable', 'upi', 'unrecognized', 'united', 'undiagnosedsymptoms', 'typical', 'transmitted', 'told']",0,0,0,0,0,0,0,"(1) ‘sexual stigma and transmission routes’ doesn’t appear since there is only one dimension covered (causal interpretation), whereas we need at least 2 dimensions. (2) ‘global relations’ doesn’t exist since the article doesn’t take a stance on the globalist/isolationist spectrum (3) ‘epidemic preparedness and surveillance’ doesn’t appear since there is no trust/mistrust in institutions that is implied. (4) ‘broader health issues’ don’t occur since simple mentions of other diseases doesn’t count as significant deviation. "
8,2389592707,2022-08-09 15:59:38,CNBC,FDA expands monkeypox vaccine authorization to increase dose supply five-fold,https://www.cnbc.com/2022/08/09/fda-expands-monkeypox-vaccine-authorization-to-increase-dose-supply-five-fold.html,"Published Tue, Aug 9 2022 3:47 PM EDTUpdated Tue, Aug 9 2022 6:58 PM EDT

Key Points

The FDA will allow health-care providers to administer the shots through intradermal injection, or between the layers of the skin, for adults.

This will increase the supply of monkeypox shots by as much as fivefold, according to the FDA.

The emergency authorization also allows people under age 18 to receive the vaccine if they are at high risk of monkeypox infection.

People under age 18 would receive the shot through subcutaneous injection, or beneath the skin.

Jill Connelly | Bloomberg | Getty Images

The Food and Drug Administration on Tuesday expanded its authorization for the monkeypox vaccine in a way that would significantly boost the limited supply of shots.

The FDA is also now allowing children to receive the vaccine if they are at high risk of monkeypox infection. Dr. Peter Marks, head of the FDA's vaccine division, said there has been an increase in possible exposures among children over the past week.

Health-care providers can now administer the shots to adults through intradermal injection, or between the layers of the skin. This will increase the supply of doses by as much as fivefold, according to the FDA. The vaccine is traditionally administered through subcutaneous injection, which goes into the fat layer beneath the skin.

The intradermal injections for adults use a lower volume dosage that will allow 400,000 vials in the strategic national stockpile to provide up to 2 million shots, according to Robert Fenton, the White House monkeypox response coordinator.

watch now

Children will receive the vaccine through the typical subcutaneous injection. Marks said there isn't enough data to allow intradermal injections for kids and this method is also difficult to administer to very young children.

Jynneos is the only FDA-approved monkeypox vaccine in the U.S. The shots are administered in two doses 28 days apart. Jynneos is manufactured by Bavarian Nordic, a biotech company based in Denmark.

FDA Commissioner Dr. Robert Califf said there isn't data on how well the vaccine prevents disease because there were no smallpox cases and monkeypox outbreaks have been small in the past. The vaccine was approved by the FDA in 2019 based on immune response data.

Dr. Rochelle Walensky, director of the Centers for Disease Control and Prevention, said the public health agency is launching various studies to collect real-world effectiveness data as the shots roll out across the country.

Demand for the shots has outstripped available supply as the monkeypox outbreak grows. People have struggled to get appointments, which book up quickly, and there have been long lines outside clinics around the country.

The U.S. is fighting the largest monkeypox outbreak in the world with nearly 9,000 cases across 49 states, Washington, D.C., and Puerto Rico, according to the CDC. Health and Human Services Secretary Xavier Becerra declared the outbreak a public health emergency last week.

Monkeypox is rarely fatal, and no deaths have been reported in the U.S. so far. But the virus causes lesions that can be very painful. Some patients need hospitalization to manage the pain.

Monkeypox is primarily spreading through skin-to-skin contact during sex, according to public health officials. But people can also catch the virus through close physical contact in general, such as hugging and kissing, as well as through contaminated materials such as towels or bedsheets.

Gay and bisexual men are at the highest risk of infection right now. About 98% of patients who provided demographic information to clinics identified as men who have sex with men, according to the CDC. But monkeypox could begin to spread more in the broader population if the outbreak is not contained.

Children at a day care center in central Illinois may have been exposed to the virus last week after a caretaker at the facility tested positive. Walensky said infections and exposures among children are still relatively rare. Walensky said public health authorities want to make sure the vaccine is available to kids if they are exposed to the virus.

HHS has made more than 1 million doses available to state and local health departments since May. More than 620,000 doses have been shipped to jurisdictions so far, according to HHS.","['expands', 'dose', 'authorization', 'vaccine', 'monkeypox', 'shots', 'supply', 'fda', 'increase', 'children', 'health', 'injection', 'receive', 'public', 'outbreak', 'intradermal', 'doses', 'walensky', 'virus', 'subcutaneous', 'risk', 'men', 'data', 'administer', 'skin', 'sex', 'robert', 'response', 'providers', 'patients', 'past', 'million', 'marks', 'layers', 'kids']",0,0,0,0,0,0,0,"(1) ‘sexual stigma and transmission routes’ doesn’t appear since there is only one dimension covered (causal interpretation), whereas we need at least 2 dimensions. (2) ‘epidemic preparedness and surveillance’ doesn’t appear since there is no trust/mistrust in institutions that is implied. (3) ‘human-interest stories’ don’t occur since as you said - there are no direct quotes or anecdotes about personal experiences of patients (4) ‘broader health issues’ don’t occur"
9,2347003135,2022-06-23 20:09:10,foxbusiness.com,Florida meningococcal outbreak among gay and bisexual men is one of worst in US history: CDC,https://www.foxnews.com/health/florida-meningococcal-outbreak-gay-bisexual-men-one-of-worst-us-history-cdc,"The Centers for Disease Control and Prevention (CDC) is investigating one of the worst meningococcal outbreaks among gay and bisexual men in U.S. history, according to a recent press release.

""Getting vaccinated against meningococcal disease is the best way to prevent this serious illness, which can quickly become deadly,"" said Dr. José R. Romero, director of the National Center for Immunization and Respiratory Diseases.

""Because of the outbreak in Florida, and the number of Pride events being held across the state in coming weeks, it’s important that gay and bisexual men who live in Florida get vaccinated, and those traveling to Florida talk to their healthcare provider about getting a MenACWY vaccine.""

The agency has reported at least 24 cases and 6 deaths among gay and bisexual men related to this disease, with approximately half of the outbreak cases among Hispanic men.

CDC PANEL RECOMMENDS SENIORS GET NEWER FLU VACCINES

The cases related to the current outbreak are most among those who live in Florida but also affected some who traveled to the state.

The CDC recommends the MenACWY vaccine, which protects against meningococcal disease caused by four strains of the meningococcal bacteria – A, C, W and Y.

The agency noted all HIV patients should be routinely immunized with the MenACWY vaccine.

The outbreak is caused by serotype C, but there are six serotypes that cause the disease worldwide, although mainly serotypes B, C and Y cause most of meningococcal cases in the United States.

WHO MEETING ON MONKEYPOX, POSSIBLE GLOBAL HEALTH EMERGENCY

The CDC is also monitoring a monkeypox outbreak in countries that normally don’t report the disease, with early data showing high numbers among gay, bisexual, and other men who have sex with men.

As of June 23, 173 monkeypox/orthopoxvirus cases have been reported in the United States, including approximately 16 Florida cases, per the CDC website.

Meningococcal disease is caused by a bacteria called Neisseria meningitidis.

Approximately 10% of people are colonized with the bacteria in the back of their nose and throat, which means they are ""carriers"" who harbor the bacteria in their body without being sick.

It is spread by close contact usually through coughing, kissing or prolonged contact.

It is not as contagious as cold or flu germs, so people don’t get infected with the bacteria through ""casual contact"" or breathing the air where someone with active meningococcal disease has been.

But when the bacteria invades the body, it can cause two main illness: septicemia, where the bacteria invades the bloodstream and causes organ damage; and meningitis, which is an inflammation of the protective membranes (known as the meninges) that cover the brain and spinal cord.

Typical symptoms of meningitis may start as flu-like symptoms that rapidly progress into a fever, headache and a stiff neck as the bacteria infect the protective lining of the brain and spinal cord.

Meningococcal septicemia, also known as meningococcemia, causes bleeding into the skin and other organs as the bacteria multiply and destroy the walls of blood vessels, which often leads to a dusky, purple rash in the later stages of the disease.

Septicemia symptoms also include fatigue, vomiting, diarrhea, cold extremities, rapid breathing and severe aches in the muscles, joints, chest or belly.



""People can find a meningococcal vaccine by contacting their doctor’s office, pharmacy, community health center, or local health department. Insurance providers should pay for meningococcal vaccination for those whom it is recommended for during an outbreak. In Florida, anyone can get a MenACWY vaccine at no cost at any county health department during the outbreak,"" the CDC said.","['worst', 'history', 'meningococcal', 'outbreak', 'florida', 'cdc', 'men', 'gay', 'bisexual', 'bacteria', 'disease', 'cases', 'menacwy', 'health', 'vaccine', 'symptoms', 'caused', 'vaccinethe', 'vaccinated', 'united', 'spinal', 'serotypes', 'septicemia', 'reported', 'related', 'recommends', 'protective', 'monkeypox', 'meningitis', 'live', 'invades', 'illness', 'flu', 'dont', 'department']",0,0,0,0,0,0,0,(1) ‘global relations’ doesn’t appear since there is no mention about relations between different countries and how that is affecting the spread. (2) ‘epidemic preparedness and surveillance’ doesn’t appear since there is no trust/mistrust in institutions that is implied. (3) ‘broader health issues’ don’t occur since simple mentions of other diseases doesn’t count as significant deviation. 
10,2313884843,2022-05-19 14:30:00,nj.com,Monkeypox virus: The symptoms you need to know and what to do if you have it,https://www.nj.com/healthfit/2022/05/monkeypox-virus-the-symptoms-you-need-to-know-and-what-to-do-if-you-have-it.html,"U.S. health officials are investigating the first case of monkeypox in the country for 2022 in Massachusetts.

The patient recently traveled to Canada and is currently hospitalized in an isolation unit at Massachusetts General Hospital, where he is in stable condition, according to the Massachusetts Department of Public Health.

“This patient, fortunately, is doing quite well now, although did have symptoms that require the hospitalization,” Dr. Erica Shenoy told reporters.

While health officials say there is no need to worry about this case posing a risk to the public, here is a guide to the symptoms and what to do if you have it.

What is monkeypox? When was it first discovered?

According to the CDC, researchers first discovered monkeypox in 1958 when a “pox-like” outbreak appeared on monkeys being kept for research, which is how the disease “monkeypox” got its name.

But it was not until 1970 when the first human case of monkeypox surfaced in the Democratic Republic of Congo.

Since then, monkeypox has surfaced in humans who have lived in or traveled to central and western African countries.

Monkeypox does not naturally occur in the U.S. Cases are very rare, and almost all cases followed international travel or importing animals from areas where monkeypox is more common, according to the CDC.

What are the symptoms of monkeypox in humans?

The symptoms of monkeypox are like a milder version of smallpox, except monkeypox causes swollen lymph nodes while smallpox does not.

According to the CDC, monkeypox starts out with the following symptoms:

Fever

Headache

Muscle aches

Backache

Swollen lymph nodes

Chills

Exhaustion

One to three days within the onset of symptoms, such as a fever, patients then begin to develop a rash on the face before spreading elsewhere on the body.

The illness usually lasts for two to four weeks before it runs its course through the body. However, in some areas of the world, like Africa, the disease can be fatal.

The CDC states that 1 in 10 people in Africa who catch monkeypox die from it.

Is monkeypox contagious? How is it transmitted?

Monkeypox is mostly transmitted when someone comes into contact with an animal, another human or materials contaminated with the virus, according to the CDC.

The virus can enter the body through broken skin, respiratory tract, eyes, nose or mouth.

The CDC said this most recent outbreak of monkeypox began over the past two weeks in countries that do not normally report monkeypox, such as Portugal, the United Kingdom and Spain.

“It’s not clear how people in those clusters were exposed to monkeypox, but cases include individuals who self-identify as men who have sex with men,” the CDC said in a press release.

What should you do if you have symptoms of monkeypox?

If you develop symptoms in line with monkeypox or were exposed to someone with the disease, it is best to contact your doctor.

According to the Cleveland Clinic, people should contact their doctor if they develop lesions or unusual rashes or lymph node swelling.","['contagious', 'monkeypox', 'symptoms', 'virus', 'outbreak', 'cdc', 'lymph', 'disease', 'develop', 'contact', 'cases', 'case', 'weeks', 'traveled', 'surfaced', 'smallpox', 'public', 'patient', 'officials', 'men', 'massachusetts', 'human', 'health', 'exposed', 'body', 'areas', 'africa', 'worry', 'world', 'western', 'version', 'unusual', 'united', 'unit', 'travel']",0,0,0,0,0,0,0,(1) ‘global relations’ doesn’t appear since there is no mention about relations between different countries and how that is affecting the spread. (2) ‘broader health issues’ don’t occur since there are no discussions of other diseases or public health system as a whole. 
11,2433224059,2022-09-28 08:50:40,CNN,"First on CNN: Unvaccinated individuals 14 times more likely to get monkeypox than vaccinated, new US data shows",https://www.cnn.com/2022/09/28/politics/white-house-monkeypox-vaccine/index.html,"Eligible individuals who did not receive the monkeypox vaccine were around 14 times likelier to become infected with the virus than those who were vaccinated, according to federal government data posted by the US Centers for Disease Control and Prevention.

That figure reflects the first wave of authoritative data collected by the Biden administration on the efficacy of the monkeypox vaccine that is currently being administered across the United States. The data marks an important milestone in the administration’s fight against monkeypox, particularly given the unprecedented nature of this year’s outbreak.

“There have been limited data on how well the Jynneos vaccine performs against monkeypox in real-world conditions,” CDC Director Dr. Rochelle Walensky said. “These new data provide us with a level of optimism that the vaccine is working as intended.”

Multiple health officials said that the vaccines data has the administration feeling increasingly optimistic about the efficacy of the two-dose Jynneos monkeypox vaccine – and the possibility of ultimately eliminating the current outbreak in the US altogether.

“We are cautiously optimistic about the study and think if we continue to get vaccines out to those that are at highest risk for disease, and if we continue to promote the behavioral changes that we know work, that the combination of those two will allow us to continue to see decreases in cases and hopefully eliminate the current monkeypox outbreak in the United States,” one senior health official told CNN.

The official cautioned that there are some important caveats to the findings. For example, the latest study can’t say how much changes in human behavior might be a factor for the vaccinated individuals, they said.

“What it doesn’t let us do is fully disentangle pieces of this that may be behavioral change pieces that may be related to sexual networks or to who people are coming into contact with,” the official said. “We know that at the start of the monkeypox outbreak, a lot of gay and bisexual men changed their behaviors.”

There are also outstanding questions about durability of the vaccine and how long the protection would last. US health officials have seen protection from monkeypox for those vaccinated with Jynneos as early as two weeks after the first dose, but are continuing to push for anyone eligible to get both doses of the vaccine regimen for maximum protection.

“We know this is a two-dose vaccine and we’re continuing to encourage people to get the second dose because all of the prior studies have shown that when you get that second dose, you have a more profound immune response,” the official said.

Bob Fenton, the White House monkeypox response coordinator, said that so far more than 800,000 doses of monkeypox vaccines have been given.

The CDC estimates 1.7 million gay and bisexual men in the US are at highest risk for catching monkeypox.

Recent case trends suggest the monkeypox outbreak is slowing in the United States. According to data collected by the CDC, average daily new monkeypox cases have been coming down in the United States since mid-August, a sign that the vaccination campaign is working.

As of September 27, there have been 25,300 cases of monkeypox diagnosed across all 50 states. The CDC announced Wednesday it is expanding eligibility for the Jynneos monkeypox vaccine to include pre-exposure prophylaxis, or PrEP.

“By expanding eligibility and shifting to a PrEP strategy across the country, we’re looking to ensure those at the highest risk for monkeypox receive the vaccine before exposure and that vaccines continue to be made available equitably to those who need them,” Walensky said.

The Biden administration is encouraging states and counties to leverage money they’ve received for sexually transmitted diseases and mental health to pay for their efforts to fight monkeypox.

The White House had asked Congress to approve $4.5 billion to fund the monkeypox response. But that request, along with a request for more money to fight Covid-19, was stripped from the latest version of a short-term funding bill that Congress hopes to pass this week to avert a government shutdown.","['unvaccinated', 'times', 'shows', 'cnn', '14', 'monkeypox', 'data', 'vaccinated', 'individuals', 'vaccine', 'states', 'vaccines', 'united', 'outbreak', 'jynneos', 'health', 'continue', 'cdc', 'risk', 'response', 'highest', 'fight', 'dose', 'cases', 'administration', 'white', 'walensky', 'twodose', 'study', 'request', 'receive', 'protection', 'pieces', 'optimistic', 'officials']",0,0,0,0,1,0,0,(1) ‘global relations’ doesn’t appear since there is no mention about relations between different countries and how that is affecting the spread. (2) Mentioning individual behavior change doesn’t count as a ‘human-interest stories’ occurrence since this is not a personal anecdote (3) ‘broader health issues’ don’t occur since there are no discussions of other diseases or public health system as a whole. 
12,2320604464,2022-05-26 16:49:24,Newsmax,Monkeypox Warning Sent by Gay Dating App in Europe,https://www.newsmax.com/newsfront/lgbtq-monkeypox-outbreak-2022-europe/2022/05/26/id/1071722,"The gay dating app Grindr released a warning to users in Europe amid the monkeypox virus outbreak, which has disproportionately affected the LGBTQ+ community, The Telegraph reported.

According to Breitbart, Grindr is now also preparing a similar message for its users in the United States.

Continental users were directed to the European Centre for Disease Prevention and Control's website on monkeypox, while British users were pointed toward official guidance from the country's Health Security Agency.

U.K. chief medical adviser Dr. Susan Hopkins said that the disease is primarily ""transmitted through close contact, and sex is definitely close contact.""

""We need people who have new sex partners of all sexualities and all genders to be aware. If you find new spots, ulcers, or blisters, come forward for a test,"" Hopkins said. ""Our teams will work with you confidentially to ensure close contacts are aware, and you are monitored carefully.""

Contact tracing efforts from U.K. authorities are now being carried out in the British Isles, with a vaccine for the disease being made available for those who have yet to show symptoms.

The European Centre for Disease Prevention and Control has reported 118 confirmed cases of the virus within the European Union as of Wednesday, with the U.K. reporting 79 total cases.

""The clinical presentation is generally described to be mild, with most cases presenting with lesions on the genitalia or peri-genital area, indicating that transmission likely occurred during close physical contact during sexual activities,"" said the European agency.

""This is the first time that chains of transmission are reported in Europe without known epidemiological links to West or Central Africa,"" the organization continued. ""These are also the first cases worldwide reported among [gay, bisexual, and other men who have sex with men].""","['dating', 'app', 'monkeypox', 'gay', 'europe', 'warning', 'users', 'european', 'disease', 'close', 'sex', 'reported', 'cases', 'virus', 'uk', 'transmission', 'prevention', 'men', 'hopkins', 'grindr', 'contact', 'centre', 'british', 'aware', 'worldwide', 'work', 'west', 'website', 'vaccine', 'united', 'union', 'ulcers', 'transmitted', 'tracing', 'total']",1,0,0,0,0,0,0,(1) ‘global relations’ doesn’t appear since there is no mention about relations between different countries and how that is affecting the spread. (2) No explicit trust/mistrust in institutions advocated - hence ‘epidemic preparedness and surveillance’ frame doesn’t occur. 
13,2328255819,2022-06-03 16:41:07,Hot Air  ,Monkeypox might now be spreading exponentially,https://hotair.com/allahpundit/2022/06/03/monkeypox-might-now-be-spreading-exponentially-n473849,"Not all exponential growth is equal, of course. In the case of monkeypox, we’re not talking about 10,000 cases turning into 20,000 in a matter of days, a la COVID. We’re talking about 10 cases turning into 20.



Even so, if there’s one thing we’ve learned from two years of pandemic misery, it’s that a small number of infections can turn into a big number quickly if growth continues exponentially.

Virologist Trevor Bedford has been tracking monkeypox cases across various countries and spotted a worrisome trend. It’s possible that scientists have detected more cases recently simply because they’re now on the lookout for them. But the fact that growth is so similar in different places suggests the virus really is spreading in the community. This isn’t an artifact of surveillance, he thinks. It’s evidence of transmission.

We’ve all seen this movie before. The ending isn’t great.

There’s some good news. Per CNN, 643 cases of monkeypox have now been recorded in countries outside Africa. As far as I’m aware, not a single person has died. In the first days of the global outbreak we were told that there were two strains of the virus known in Africa, one with a fatality rate of around one percent and the other with a fatality rate of 10 percent(!). The fact that monkeypox is 0 for 643 outside Africa may mean that the African death rate is due to lack of access to basic health care more so than the innate virulence of the virus. Fortunately, the virus is also less likely to mutate aggressively than, say, COVID was. Because its genome is made of double-stranded DNA rather than single-stranded RNA, like SARS-CoV-2, it doesn’t change as rapidly, CNN points out.



Meanwhile, evidence continues to mount that gay men are the subpopulation most at risk of infection. The number of confirmed cases across the U.S. doubled in the past week to 20, but “[o]f the 17 patients that have provided detailed information to the CDC, 16 self identified as men who have had sex with men.” That matches what scientists in other countries have seen. Monkeypox hasn’t traditionally been an STD — in the past it spread through airborne droplets during sustained close contact — but it turns out that an outbreak in Nigeria five years ago also had a sexual component.

In Nigeria, too, doctors first picked up hints of a new pattern that would be repeated around the world. Many of the patients were men, and many had genital lesions, suggesting transmission via sexual contact. Four years later, many of the cases in Europe and the Americas are also in men and also characterized by genital lesions. “It looks like déjà vu to me,” says Dimie Ogoina, a doctor at Niger Delta University Teaching Hospital, which treated the first and many subsequent cases of monkeypox in Nigeria in 2017. The virus was known to spread through droplets and any kind of physical contact with infectious sores and scabs—but sex, specifically, had never been high on the list of transmission risks. (Past cases were usually linked to contact with wild animals or household contact.) The unusual pattern and unusual size of the Nigeria outbreak should have been a signal that something had changed for monkeypox. But the world ignored it until too late, and a global outbreak is now well under way.



Read that again. The same unusual type of monkeypox that appears to be spreading now in the west was spreading in Africa *five years ago.* “What happened in 2017 in Nigeria was absolutely a warning sign,” said one epidemiologist to The Atlantic. But because westerners tend to overlook outbreaks in Africa (“there’s always something spreading there”) resources weren’t rushed in to try to contain the spread before it broke out continent-wide and ultimately into Europe and the U.S.

Scientists have already confirmed a connection between the “new” monkeypox and the one that’s been spreading in Africa for years. “In [new] research, genetic sequences showed that the first monkeypox cases in 2022 appear to have descended from an outbreak that resulted in cases in Singapore, Israel, Nigeria and the United Kingdom from 2017 to 2019,” CNN reports. But that’s not the only surprise the genetic data contains: Apparently the current global outbreak is actually two separate outbreaks, each driven by their own distinct lineage of the virus. Scientists at the CDC analyzed 10 viral samples from patients in the U.S. and found that three of them differ genetically from the samples being gathered in Europe. All three samples came from people who had traveled abroad to different places too — Nigeria, west Africa, and east Africa/the Middle East.

Experts’ best shot at explaining the two-track outbreak for now is that monkeypox has been out there circulating at low levels for much longer than anyone realized. Which is … reassuring, I guess? If it had years to ignite explosive exponential growth and didn’t, that must mean transmission is difficult. On the other hand, it may now have established enough of a foothold in western populations such that there’s no way to get rid of it. New York City has recorded a mere five cases but health officials there believe that’s sufficiently strong evidence of community spread that it may be “too late to contain.” The nightmare scenario is that it’ll jump from people to native animals, which will then become a “reservoir” for an endemic virus in the wild. That didn’t happen in the 2003 monkeypox outbreak in the U.S. but it has happened with other viruses like West Nile.","['exponentially', 'monkeypox', 'spreading', 'cases', 'outbreak', 'virus', 'nigeria', 'africa', 'men', 'contact', 'spread', 'growth', 'west', 'unusual', 'transmission', 'scientists', 'samples', 'rate', 'patients', 'past', 'number', 'global', 'evidence', 'europe', 'countries', 'cnn', '2017', 'world', 'wild', 'turning', 'talking', 'sexual', 'sex', 'recorded', 'places']",1,0,1,0,0,0,0,"(1) ‘public health failure’ doesn’t appear since the article doesn’t implicate the governmental response with respect to the US in particular. The mentioned quote applies to ‘global relations’, but not the public health failure frame. (2) ‘epidemic preparedness and surveillance’ doesn’t appear since there is not explicit advocation for trust/mistrust in institutions. (3) ‘broader health issues’ don’t occur - while covid-19 is mentioned briefly, its only for comparison and doesn’t denote a significant deviation"
14,2351510727,2022-06-28 22:30:05,pilotonline.com,"US health officials working to get ahead of monkeypox outbreak via testing, vaccines",https://www.pilotonline.com/nation-world/ct-aud-nw-monkeypox-outbreak-20220629-7ay6pwoxznaorpkwujqt5fn2dm-story.html#ed=rss_www.pilotonline.com/arcio/rss/,"Reacting to a surprising and growing monkeypox outbreak, U.S. health officials on Tuesday expanded the group of people recommended to get vaccinated against the monkeypox virus.

They also said they are providing more monkeypox vaccine, working to expand testing, and taking other steps to try to get ahead of the outbreak.

“We will continue to take aggressive action against this virus,” said Dr. Ashish Jha, White House COVID-19 response coordinator, who has also been playing a role in how the government deals with monkeypox.

The administration said it was expanding the pool of people who are advised to get vaccinated to include those who may realize on their own that they could have been infected. That includes men who who have recently had sex with men at parties or in other gatherings in cities where monkeypox cases have been identified.

Most monkeypox patients experience only fever, body aches, chills and fatigue. People with more serious illness may develop a rash and lesions on the face and hands that can spread to other parts of the body.

The disease is endemic in parts of Africa, where people have been infected through bites from rodents or small animals. It does not usually spread easily among people.

Last month, cases began emerging in Europe and the United States. Many — but not all — of those who contracted the virus had traveled internationally. Most were men who have sex with men, but health officials stress that anyone can get monkeypox.

Case counts have continued to grow. As of Tuesday, the U.S. had identified 306 cases in 27 states and the District of Columbia. More than 4,700 cases have been found in more than 40 other countries outside the areas of Africa where the virus is endemic.

There have been no U.S. deaths and officials say the risk to the American public is low. But they are taking steps to assure people that medical measures are in place to deal with the growing problem.

One of the steps was to expand who is recommended to get vaccinated. Vaccines customarily are given to build immunity in people before they are ever infected. But if given within days or even a few weeks of first becoming infected, some vaccines can reduce severity of symptoms.

A two-dose vaccine, Jynneos, is approved for monkeypox in the U.S. The government has many more doses of an older smallpox vaccine — ACAM2000 — that they say could also be used, but that vaccine is considered to have a greater risk of side effects and is not recommended for people who have HIV. So it’s the Jynneos vaccine that officials have been trying to use as a primary weapon against the monkeypox outbreak.

So far, the government has deployed over 9,000 doses of vaccine. U.S. officials on Tuesday said said they are increasing the amount of Jynneos vaccine they are making available, allocating 56,000 doses immediately and about 240,000 more over the coming weeks. They promised more than 1 million more over the coming months.

Officials said limited Jynneos doses will be allocated “using a four-tier distribution strategy that prioritizes jurisdictions with the highest case rates of monkeypox,” and that the number of doses distributed would be based on the number of people at risk for monkeypox and on how many of them can’t get ACAM2000 because of HIV.

That suggests the largest number of doses might go to states like New York, California and Illinois, each of which has reported more than 40 cases. However, officials on Tuesday did not say exactly which jurisdictions would be at the top of the list.

David Harvey, executive director of the National Coalition of STD Directors, was critical of the government’s announcement.

“.We have more questions than ever about how this vaccine will make it to those most at-risk in an equitable way and how the U.S. will ramp up testing and provide access to the best therapeutics,” Harvey said, in a statement.

Another change announced Tuesday: Until now, the Centers for Disease Control and Prevention has advised that vaccines be given after exposure to people whom health officials identify as close personal contacts of cases. But on Tuesday, CDC officials say they are expanding the recommendation to people who were never identified but may realize on their own that they may have been infected.

That can include men who have sex with men who have recently had multiple sex partners in a venue where there was known to be monkeypox or in an area where monkeypox is spreading.

“It’s almost like we’re expanding the definition of who a contact might be,” said the CDC’s Jennifer McQuiston. If people have been to a party or other place where monkeypox has been known to spread “we recommend they come in for a vaccine,” she said.

The CDC’s expansion follows similar steps taken in New York City and the District of Columbia.

The District of Columbia has identified 19 cases, but case-tracking investigations revealed that some of the infected men had been in gatherings where they were hugging, kissing or in other forms of close intimate contact with people they didn’t know, said Anil Mangla of the D.C. health department.

It was clear that “we were missing something here,” and needed to start offering services to others, said Mangla, an epidemiologist.

Last Thursday, New York City’s health department — armed with 1,000 of doses of Jynneos from the federal government — announced it was opening a temporary clinic to offer the vaccine to all gay, bisexual and other men who have sex with men who have had multiple or anonymous sex partners in the previous two weeks.

But all the appointments quickly filled up that day, and the last round of appointments was Monday. “Until we receive more supply we are unable to release additional vaccination appointments,” said Patrick Gallahue, a spokesman for the city’s health department, in an email.

On Monday, the District of Columbia’s health department took a similar step. The department started taking appointments at 1 p.m. Monday but had to stop after 20 minutes, Mangla said.

The department only had 200 doses of Jynneos, and it was clear at the point that it the department didn’t have the vaccine supply or staffing to continue to sign up new people, he said.","['working', 'outbreak', 'ahead', 'monkeypox', 'officials', 'health', 'vaccines', 'testing', 'vaccine', 'men', 'doses', 'cases', 'sex', 'jynneos', 'department', 'infected', 'steps', 'district', 'appointments', 'york', 'virus', 'vaccinated', 'taking', 'states', 'spread', 'risk', 'recommended', 'number', 'mangla', 'identified', 'expanding', 'weeks', 'supply', 'similar', 'saidthe']",0,0,0,0,0,0,0,"(1) ‘sexual stigma and transmission routes’ doesn’t appear since there is only one dimension covered (causal interpretation), whereas we need at least 2 dimensions. (2) ‘global relations’ doesn’t appear since simply reporting international spread and global numbers doesn’t advocate for a globalist/isolationist position. (3)  ‘epidemic preparedness and surveillance’ doesn’t appear since there is no trust/mistrust in institutions that is implied. (4) ‘broader health issues’ don’t occur since they don’t significantly discuss any other public health concern."
15,2318129164,2022-05-24 07:13:13,Newsmax,"WHO: 131 Monkeypox Cases Confirmed Outside Africa, Remains 'Containable'",https://www.newsmax.com/health/health-news/monkeypox-africa-cases-131/2022/05/24/id/1071204,"The World Health Organization (WHO) said on Tuesday there have been 131 confirmed monkeypox cases and 106 further suspected cases since the first was reported on May 7 outside the countries where it usually spreads.

While the outbreak is unusual, it remains ""containable"" and limited, the WHO said, and it is convening further meetings to support member states with more advice on how to tackle the situation.

Monkeypox is a usually mild viral infection that is endemic in parts of west and central Africa. It spreads chiefly through close contact, and until the recent outbreak has only rarely been seen in other parts of the world. The majority of the recent cases have been reported in Europe.

""We encourage you all to increase the surveillance of monkeypox to see where transmission levels are and understand where it is going,"" said Sylvie Briand, WHO director for Global Infectious Hazard Preparedness.

She said it was unclear if the cases were the ""tip of the iceberg"" or if the peak in transmission has already passed.

Speaking at the World Health Assembly in Geneva, Briand reiterated WHO's view that it is unlikely that the virus has mutated but said that transmission may be being driven by a change in human behavior, particularly as people return to socializing as COVID-19 restrictions are lifted worldwide.

Many, but not all, of the cases have been reported in men who have sex with men, and Briand said it was particularly important to try to prevent sexual transmission.

Symptoms include a fever and a distinctive bumpy rash. The West African strain of monkeypox, which is the one identified in the current outbreak, has a mortality rate of around 1%.

While she said the outbreak was ""not normal,"" she stressed that it was ""containable."" There are also vaccines and treatments available for monkeypox, she added, calling for appropriate containment measures, more research, and global collaboration.

""Let's not make a mountain out of a molehill,"" she said.","['remains', 'confirmed', 'africa', '131', 'cases', 'monkeypox', 'containable', 'outbreak', 'world', 'transmission', 'reported', 'briand', 'west', 'recent', 'parts', 'men', 'health', 'global', 'worldwidemany', 'whos', 'virus', 'viral', 'view', 'vaccines', 'unusual', 'understand', 'unclear', 'treatments', 'transmissionsymptoms', 'tip', 'tackle', 'sylvie', 'suspected', 'surveillance', 'support']",0,0,0,0,1,0,0,"(1) ‘sexual stigma and transmission routes’ doesn’t appear since there is only one dimension covered (causal interpretation), whereas we need at least 2 dimensions. (2) ‘global relations’ doesn’t appear since simply reporting on WHO’s decision to convene and discuss Mpox internationally doesn’t advocate for a globalist/isolationist position. (3)  ‘epidemic preparedness and surveillance’ doesn’t appear since there is no trust/mistrust in institutions that is implied."
16,2391690669,2022-08-11 21:36:37,The Boston Globe,Mass. leaders call on Baker to declare a monkeypox emergency,https://www.boston.com/news/health/2022/08/11/mass-leaders-call-on-baker-to-declare-monkeypox-emergency/,"A letter sent to the Governor by members of congress and both senators urged him to take further action.

A group of Massachusetts politicians are calling on Gov. Charlie Baker to declare a public health emergency in response to the state’s monkeypox outbreak. The federal government and a number of other states have already taken this step.

The effort has been led by Representatives Ayanna Pressley and Seth Moulton. In a letter sent to Baker earlier this week, officials wrote that declaring a public health emergency on the state level would open up resources that residents badly need.

“By declaring a public health emergency, you will have greater flexibility and more tools to enact a whole-of-government response. There are more than 26,000 vaccines allotted to the Commonwealth, and it is important that you act quickly to prevent the MPV outbreak from escalating, including augmenting health care staff, expediting testing and vaccinations, and informing people on how to reduce their risk of infection,” the letter reads.

:

In addition to Pressley and Moulton, the letter was signed by Senators Elizabeth Warren and Ed Markey, and Representatives Bill Keating, Stephen Lynch, Jim McGovern, Jake Auchincloss, Lori Trahan, Katherine Clark, and Richard Neal. They are all Democrats.

Monkeypox causes a variety of symptoms, from fever to chills, to fatigue and swollen lymph nodes. Its most distinctive characteristic is a rash and liquid-filled lesions that eventually scab over. Although the virus can cause severe illness for two to four weeks, there have been no deaths recorded in the U.S. connected to the recent outbreak.

The virus can be transmitted multiple ways, but mostly travels through skin-to-skin contact or contact with fabrics that have been contaminated. Prolonged face-to-face contact can also spread the virus.

In the current outbreak, monkeypox has mostly been spread through networks of men who have sex with men, but it can infect anyone and is not considered a sexually transmitted disease.

As of Aug. 11, there are 10,768 total confirmed monkeypox cases in the U.S., according to the CDC. Massachusetts, which recorded the first case in the country back in May, has some of the highest case counts in the country. There have been 202 recorded cases in the state, CDC data shows. On Thursday, state public health officials announced that there were 45 new cases recorded in the past week. Updates are provided weekly.

:

“Current case counts underscore the need to quickly test, vaccinate, and treat high-risk communities, collect, and disclose demographic data, and embark on a multilingual and destigmatizing public education campaign,” the letter reads.

Currently, 14 health care providers throughout Massachusetts are offering vaccinations. The state has also activated mobile providers to expand the vaccination effort. America’s limited supply of the vaccine is distributed by the CDC to states. Massachusetts has received several allocations so far, but more are not expected until after the summer.

The monkeypox vaccine, like many COVID-19 vaccines, is administered in a two-dose series. The state announced that, beginning Aug. 8, officials will prioritize first doses for as many people as possible in an effort to provide the broadest possible protection for residents. Second dose appointments that are already scheduled will be honored, but no new second dose appointments will be scheduled until more doses are made available to the state.

The Baker administration said that “nothing outlined in this letter would provide any additional resources,” in a statement to The Boston Globe. The governor did not clarify whether he would consider declaring a public health emergency.

Executive Vice President of External Relations at Fenway Health Carl Sciortino said that, although the declaration of public health emergencies in New York, California, and Illinois helped push the federal government to follow suit, a move like this in Massachusetts would not provide notable benefits.

:

“I don’t think there is any significant practical benefit to a state declaration,” Sciortino told the Globe.

Dr. Paul Biddinger, medical director for emergency preparedness at Mass General Brigham, said that the type of declaration being asked of Baker would send “an important signal,” but wouldn’t accomplish much else, according to the Globe.","['mass', 'leaders', 'declare', 'monkeypox', 'emergency', 'baker', 'health', 'public', 'state', 'letter', 'massachusetts', 'recorded', 'states', 'provide', 'outbreak', 'officials', 'effort', 'declaring', 'declaration', 'contact', 'cdc', 'cases', 'case', 'week', 'virus', 'vaccines', 'vaccine', 'vaccinations', 'transmitted', 'spread', 'senators', 'sciortino', 'scheduled', 'response', 'resources']",0,0,0,0,1,0,0,"(1) ‘sexual stigma and transmission routes’ doesn’t appear since there is only one dimension covered (causal interpretation), whereas we need at least 2 dimensions. (2) ‘global relations’ doesn’t appear since the discussion about CDC and US allocating vaccines is strictly internal to the US. (3)  ‘epidemic preparedness and surveillance’ doesn’t appear since there is no trust/mistrust in institutions that is implied. (4) ‘broader health issues’ don’t occur - the quote you gave just talks about mpox and no other public health issues. "
17,2440332641,2022-10-06 03:30:25,Washington Post,"Monkeypox cases are down, but concern over intradermal vaccine lingers",https://www.washingtonpost.com/health/2022/10/06/monkeypox-outbreak-scars-vaccine-side-effects/?utm_source=rss&utm_medium=referral&utm_campaign=wp_health,"With many in the gay community clamoring for the monkeypox vaccine this summer, hoping for protection from a virus that causes painful and gruesome lesions, the United States faced a challenge.

“The monkeypox virus has continued to spread at a rate that has made it clear our current vaccine supply will not meet the current demand,” Food and Drug Administration Commissioner Robert M. Califf said at the time.

So in August, the FDA announced that it was issuing an emergency use authorization for the Jynneos monkeypox vaccine to be administered by intradermal injection — delivering the vaccine into the immune cells between the layers of the skin, often in the forearm, rather than a deeper injection into fat or muscle tissue in the shoulder. The method, while used for other vaccinations, had not previously been authorized by the United States for the monkeypox vaccine. It uses a smaller amount of vaccine, meaning one dose could be split among five people.

Monkeypox’s toll: Stories of agony, isolation and government incompetence

Two months later, the outbreak appears to be waning and monkeypox vaccine appointments are more plentiful in many parts of the country than earlier in the summer, when obtaining a shot was like “winning the sweepstakes or getting concert tickets,” one recipient said.



However, the makeshift vaccination plan has not been without its downsides. The intradermal injection can leave a painful, itchy red mark for weeks, potentially worsening the stigma of an outbreak mostly affecting gay men, and it can cause long-term discoloration or scarring. The FDA’s emergency authorization of the intradermal method largely relied on a single study done in 2015, which showed that intradermal and traditional “subcutaneous” injections of the vaccine produced similar immune responses.

All of which has left some people with lingering concerns about stigma, discomfort and efficacy.

How the U.S. is stretching the monkeypox vaccine supply

Cooper Newnam, a 25-year-old Phoenix resident, said he skipped getting the second shot in the two-dose regimen because of concerns about the intradermal injection method. Other gay men he knew who had received their second doses in their forearms were left with a red welt, a visual reminder of the outbreak that changed how they felt at work and “made them feel sort of marginalized,” he said.



“I felt like no one told us, ‘You’re about to have a clear sign of monkeypox on your body, even though you’re being vaccinated.’ Still, to some degree it is a clear sign because the straight communities are not going to have that giant bump on their arm,” Newnam said. “It was further marginalizing.”

Max, a 36-year-old who lives in New York City, said he was worried not about the safety of the intradermal shot, but about whether it would be as effective as his first dose, which was administered via the traditional method.

“I was concerned that maybe what I was receiving — one-fifth of the dose in this different way — was perhaps not as effective as the recommended dose administered to me in my arm the first time,” said Max, who spoke on the condition that his full name not be used because of concerns about professional repercussions and the stigma associated with monkeypox.



The pain was “not horrible,” but enough to wake him in the middle of the night, he said. He found himself wondering: What “did I do to myself to need to get this?”

The intradermal injection method is “a more difficult technique to learn,” said William Schaffner, an infectious-disease specialist at Vanderbilt University Medical Center. “You have to use a smaller needle, and you have to be very deft in learning how to do that, because you don’t want to go through the skin.” Too deep, and the smaller dose won’t be enough to provide a sufficient immune response, he said.

Should I still be worried about monkeypox?

Top federal health officials, including Rochelle Walensky, the director of the Centers for Disease Control and Prevention, wrote in an opinion piece published in the New England Journal of Medicine last week that “despite limited clinical evidence,” data suggested that the intradermal shots would produce an equal immune response “for preventing monkeypox infection and illness.”



The CDC and the FDA are “committed to performing the studies needed to assure that our expectations are borne out,” the article said. In the meantime, people at high risk of infection are recommended to receive both doses, and vaccine manufacturers are urged to test the method to “expand our understanding” of it.

But even the manufacturer of the vaccine used in the United States has expressed concern to the Biden administration about the intradermal method. “We do have some reservations … due to the very limited safety data available,” Bavarian Nordic chief executive Paul Chaplin wrote in a letter sent to top administration officials and obtained by The Washington Post in August. Chaplin said “it would have been prudent” to conduct further studies before switching up the vaccination strategy.

In its response, the FDA told Chaplin that the continued spread of the virus “necessitated that FDA vigorously explore all available vaccine options to provide protection for the population at risk.”

Monkeypox vaccine maker voices concerns on U.S. dose-splitting plan

As the FDA began looking into the intradermal method, it found that it would be an “effective strategy” with “an acceptable safety profile,” a top U.S. health official said in an interview, speaking on the condition of anonymity to speak candidly about the administration’s response to the outbreak.



“It was clear that there were a couple of trade-offs,” the official said, noting the discomfort and duration of the markings at the site of the injection. Despite those drawbacks, “it was really an appealing option for us to actually be able to make vaccine available to all” who were at risk of infection, the official said, noting that the quality of the 2015 study was “really good.”

Schaffner agreed that the study was “very well done” and that there was a long history of other vaccines being administered intradermally. Still, when the FDA announced its emergency authorization, “it was a bit of a surprise to all of us,” he said, though the data of its efficacy was “very reassuring.”

Despite concerns, Schaffner said it was “absolutely” better for the vaccines to be administered intradermally than not administered at all.



Joe Wood, 34, said he still needs to get his second dose but didn’t take issue with the intradermal injection. “I trust what the CDC and FDA are saying,” he said. “Protection would be my top priority, so I’m not at all worried about getting it that way, personally.”

The CDC advises people younger than 18 and those with a history of keloid scarring — thick, raised scars — to receive the vaccine via the “standard regimen.” Concerns about discoloration or scarring are “real — we can’t trivialize it,” Schaffner said.

He wondered whether there could be processes to remove the remnants of the welts, similar to how tattoos are removed, “because it would make a lot of people happier if they don’t walk around with this mark of Cain on their forearm. I regard that as a real issue.”

Joey Uy, 25, received a second dose intradermally on Monday in New York City. “This one is definitely different from the first,” which was administered in the shoulder, said Uy, who has been wearing long sleeves to avoid scratching the injection site and bathing frequently to keep it clean.

“It’s similar to getting a mosquito bite, but three or four times worse,” Uy said. “I try not to think about it.”","['lingers', 'concern', 'cases', 'vaccine', 'intradermal', 'monkeypox', 'injection', 'method', 'fda', 'dose', 'administered', 'concerns', 'response', 'immune', 'clear', 'worried', 'virus', 'uy', 'united', 'study', 'stigma', 'states', 'smaller', 'similar', 'shot', 'schaffner', 'scarring', 'safety', 'protection', 'outbreak', 'intradermally', 'infection', 'gay', 'emergency', 'effective']",1,0,0,1,1,1,0,(1)  ‘global relations’ don’t occur - no discussion about relations between US and other countries. (2) ‘broader health issues’ don’t occur - discoloration and scarring is still with respect to Mpox and doesn’t count towards broader health concerns. 
18,2384501754,2022-08-03 16:01:06,Raw Story,DeSantis scorns idea of monkeypox emergency; sees other states’ declarations as power plays,https://www.rawstory.com/desantis-scorns-idea-of-monkeypox-emergency-sees-other-states-declarations-as-power-plays/,"Gov. Ron DeSantis lashed out at big blue-state governors who’ve declared emergencies over monkeypox, accusing them and the news media of attempting to stoke fear as a way of controlling people.

The governor was asked about the matter during a news conference he called in Brevard County to announce an opioid treatment initiative.

“Any of these politicians you see out there trying to scare you about this — do not listen to their nonsense,” he said.

Florida Surgeon General Joseph Ladapo speaking about vaccine concerns, along with Gov. Ron DeSantis. October 21, 2021. Credit: Screenshot, Florida Channel

“I am so sick of politicians — and we saw this with COVID — trying to sow fear into the population. We’ve had people calling — mothers worried about whether their kids could catch it at school.

“Anything we deal with from a public health perspective, particularly with Joe at the helm, you know, we are not doing fear. They’re going to do facts. And we are not going to go out and try to rile people up and try to act like people can’t live their lives as they’ve been normally doing, you know, because of something,” DeSantis said.

“Joe” was Joseph Ladapo, Florida’s surgeon general and head of the state Department of Health.

Governors in California, Illinois, and New York have already declared emergencies to ease coordination between agencies and get the outbreak under control.

Cases mounting

As of Tuesday, the U.S. Centers for Disease Control and Prevention (CDC) reported 25,391 monkeypox cases in 83 countries, with 6,326 cases within the United States.

In Florida, the state Department of Health shows a caseload of 525 statewide, including 237 cases in Broward County, 135 in Miami-Dade, 32 in Orange, 30 in Palm Beach, 22 in Pinellas, and 21 in Hillsborough counties.

Gov. Ron DeSantis addresses a news conference in Brevard County on Aug. 3, 2022. Source: Screenshot/Facebook

Brevard County, where DeSantis held the news conference, has one monkeypox case. Brevard is in Central Florida, on the Atlantic side of the peninsula.

The disease is caused by a virus related to smallpox that’s transmitted by skin-to-skin contact or exposure to contaminated clothing, bedclothes, towels, or other materials. It causes fever and a rash that can feature painful pustules. The disease can be lethal.

Agricultural Commissioner Nikki Fried, a Democrat seeking her party’s nomination to oppose DeSantis’ reelection in November, released a letter to him on Tuesday in which she argued an emergency declaration would allow “a strong, statewide emergency response that coordinates and leverages our county health departments [and] will help Floridians access vaccines and other resources to protect themselves and others from the spread of monkeypox.”

DeSantis was having none of it.

“You see some of these states declaring states of emergency. They’re going to abuse those emergency powers to restrict your freedom — I guarantee you, that’s what will happen. We saw it so much with COVID,” he said.

“Who knows what’ll be in the future with whatever? I mean, who knows what they’re cooking up in Wuhan? You just never know, right?” He referred to the place in China where the coronavirus is believed to have emerged.

“So, it ends up coming, ya gotta deal with this rationally,” he continued.

Media bashing

DeSantis argued that fear of COVID deterred people from seeking hospital treatment for potentially deadly ailments like heart disease and stroke, or parents from sending their children to school.

“The fear, it killed people,” DeSantis said.

Ladapo backed up the governor.

“It’s just kind of remarkable to see some of the headlines — the headlines that very clearly are trying to make you afraid of monkeypox or fill-in-the-blank. You know, because if you’re not afraid of this there will be something else after that and something else after that,” he said.

“These people are determined to make you afraid and do whatever it is they want you to do. And, um, you know, I hope that more and more people choose not to do that,” he said.

Ladapo did acknowlege that the official caseload short-shrifts the number of infections, saying, “only heaven knows how many actual cases there have been.” Some “98 percent, maybe 99 percent are in men” with “a handful” in women, he added, but no fatalities have been reported in Florida.

The state has received about 24,000 doses of vaccines and distributed about 8,500, he said.

“That being said, you should know that there’s actually very little data on this vaccine,” Ladapo said. “Believe it or not, there’s actually less data on this than on COVID vaccines at the time they were” released.

His department is working with the federal government to acquire more vaccine and on communicating information about where to get the vaccine if people want it.

Punishing Florida

Toward the end of his remarks, DeSantis brought up what’s become a familiar complaint for him: that the Biden administration uses its power to punish Floridians because of the president’s political differences with the governor.

He harkened back to January of this year, when the federal government restricted distribution of the antiviral drug Regeneron after concluding it was of little use against the then-emerging omicron strain of coronavirus.

He recalled criticism he said he drew for emphasizing treatment ahead of vaccination in defiance of federal guidelines.

“If I say the sky is blue, they’re going to attack me for that, so I get that,” the governor said.

“But it was just such the zeal in which they were trying to say that this was not something that was good. And the clinical data on it was solid,” he insisted.

“They rationed it out of Florida partially because they don’t like me. That’s just the reality of why they did that and why they treated Florida they way they’ve treated [it]. So, do you want your access to medical care to be circumscribed by some political grudge that somebody, you know, up in D.C. many have against one of our states or local communities? That’s not the way to go.”","['sees', 'scorns', 'power', 'plays', 'idea', 'declarations', 'desantis', 'monkeypox', 'emergency', 'states', 'florida', 'fear', 'county', 'vaccine', 'theyre', 'disease', 'covid', 'cases', 'vaccines', 'treatment', 'state', 'ron', 'ladapo', 'health', 'federal', 'department', 'data', 'conference', 'brevard', 'afraid', 'treated', 'theyve', 'surgeon', 'statewide', 'seeking']",0,0,0,0,1,0,1,(1) ‘global relations' doesn’t appear since the example you mentioned is still about the US - there is no mention of other countries. 
19,2448166617,2022-10-14 16:17:06,Salon,Monkeypox didn't become a pandemic. Are we celebrating too soon?,https://www.salon.com/2022/10/14/is-monkeypox-over/,"The summer of 2022 might be remembered as a moment when the proverbial canary in the coal mine sang a few false notes. In July the World Health Organization (WHO) declared a global health emergency after more than 16,000 monkeypox infections were confirmed in 75 countries all over the globe. By early the following month, California, Illinois and New York had also declared public health emergencies, and some experts believed a new pandemic had already begun in the United States. On Aug. 4th American officials declared a national public health emergency, prompting millions to fear that they would catch a disease that was notorious for causing pustules to emerge all over your body.

That was only two months ago. As of today, the seven-day average for new monkeypox infections is one-seventh of what it was at its early August peak. Why?

""We caution that a declining outbreak can be the most dangerous outbreak, because it can tempt us to think that the crisis is over and to let down our guard.""

There is not a singular reason for monkeypox's decline, though the vaccines that exist played a starring role. Indeed, the two vaccines that already existed for the virus proved to be effective. Moreover, the virus primarily spreads through close contact, meaning it did not have the easy transmissibility of the SARS-CoV-2 virus (which causes COVID-19).

n addition, because the virus primarily impacted gay and bisexual men with multiple partners, its spread was reduced when individuals in those communities began to take more safety precautions — and a vaccination drive played a huge role. Similarly, as Pride Month celebrations subsided, there were fewer instances of casual sex to facilitate spread of the disease.

Want more health and science stories in your inbox? Subscribe to Salon's weekly newsletter The Vulgar Scientist.

Not all experts agree with the rosier assessments about monkeypox's future. Indeed, some experts are warning that celebrations of a non-pandemic may be premature.

Speaking at a press conference in Geneva on Wednesday, WHO Director-General Dr. Tedros Adhanom Ghebreyesus noted that their organization has recorded more than 70,000 monkeypox cases and 26 deaths. Although cases are declining globally, 21 countries saw an increase the previous week — and 90% of those countries were in North or South America.

""This isn't something that we're going to see go away in a matter of weeks or months, but it's something that if we keep the pedal to the metal, as it were, we should be able to get to a point where we have really potentially good outbreak control...""

""Once again, we caution that a declining outbreak can be the most dangerous outbreak, because it can tempt us to think that the crisis is over and to let down our guard,"" Ghebreyesus explained. ""That's not what WHO is doing. We are continuing to work with countries around the world to increase their testing capacity, and to monitor trends in the outbreak.""

American policymakers are equally cautious about premature declarations of triumph. Demetre Daskalakis, the White House's national monkeypox response deputy coordinator, told reporters in September that this is a ""long game"" situation.

""This isn't something that we're going to see go away in a matter of weeks or months, but it's something that if we keep the pedal to the metal, as it were, we should be able to get to a point where we have really potentially good outbreak control and the ultimate goal being that we do not have endemicity in the U.S. But that means investing,"" Daskalakis explained.

To protect yourself from monkeypox, the Centers for Disease Control and Prevention (CDC) urges people to thoroughly clean their homes, avoid allowing their pets to be in close contact with people who have monkeypox, and only engaging in safe sex. The CDC also urged people to obtain monkeypox vaccinations if they have not already done so. The monkeypox vaccine is also effective in fighting smallpox, which is a similar disease.","['pandemic', 'didnt', 'celebrating', 'monkeypox', 'outbreak', 'health', 'virus', 'countries', 'months', 'experts', 'disease', 'declining', 'declared', 'world', 'weeks', 'vaccines', 'tempt', 'spread', 'sex', 'role', 'public', 'primarily', 'potentially', 'point', 'played', 'pedal', 'organization', 'national', 'month', 'monkeypoxs', 'metal', 'matter', 'isnt', 'infections', 'increase']",0,0,0,0,1,0,0,"(1) 'sexual stigma and transmission routes’ doesn't appear since its not explicit enough, (2) ‘global relations’ doesn’t appear since simple reporting of WHO’s declaration of global health emergency doesn’t count "
20,2332542742,2022-06-07 10:00:00,Politico,U.S. buys more monkeypox vaccines as cases rise,https://www.politico.com/newsletters/politico-pulse/2022/06/07/u-s-buys-more-monkeypox-vaccines-as-cases-rise-00037638,"QUICK FIX

— HHS has bought tens of thousands of doses of the new monkeypox vaccine as U.S. cases are expected to rise.

— Emergent and J&J to call it quits, accusing each other of violating their contracts to produce Covid-19 vaccines.

— Republican-voting counties experienced more Covid-19 deaths, according to a new study.

WELCOME TO TUESDAY PULSE — In some personal news, a rogue pet turtle has taken up residence under my hibiscus, leaving one of your Pulse authors faced with the critical question of how to ensure its survival. It’s pretty fast, and I think it’s mad? Please send your turtle care news and tips to [email protected] and [email protected].

HHS UPS U.S. MONKEYPOX VACCINE SUPPLY — After previously declining to state how many monkeypox vaccines the government had, HHS announced on Monday that it had ordered 36,000 more doses of Jynneos, a relatively new vaccine to fight monkeypox outbreaks, Daniel reports.

The order comes as case counts in the U.S. continue to rise, leading the agency to prepare for more cases and exposures that would increase demand for the shot. As of Saturday, the government had 36,000 doses in its stockpile, HHS said.

The U.S. also owns more than 1 million doses that are held by the maker of the shot, Bavarian Nordic, and more than 16 million additional doses can be finished and filled by government request, the agency said.

Though older smallpox vaccines, which could be used to stop the spread of monkeypox, have been stockpiled in the millions around the world, the newer product from Bavarian Nordic has been in short supply — and high demand, as the newer vaccine comes with fewer risks, global health leaders have said.

The U.S. is one of many countries placing orders for more shots. Germany recently ordered 40,000 doses of the vaccine, and the European Union has also been in talks with manufacturers to increase supplies.

Read our new monkeypox primer here.

EMERGENT, J&J TO CUT TIES … AND NOT IN A NICE WAY — Emergent BioSolutions, a specialty pharmaceutical manufacturing plant, and Johnson & Johnson have each accused one another of violating the terms of their contracts, Katherine reports.

The U.S. government had tasked Emergent with manufacturing millions of Covid-19 vaccines from AstraZeneca and Janssen, the Johnson & Johnson subsidiary.

On Monday, Johnson & Johnson formally told Emergent it would dissolve their manufacturing agreement because of Emergent’s “failure to supply Covid-19 vaccine drug substance,” the company said in a statement. The company had told Emergent on May 31 that it intended to break off the manufacturing agreement.

In turn, Emergent notified Johnson & Johnson of a “material breach” of its contract. By winding down production of its Covid-19 vaccine and confirming it wouldn’t be purchasing the minimum of agreed-upon vaccines, Janssen could owe Emergent between $125 million to $420 million, Emergent said.

It’s not the first problem the companies have run into. In early May, the FDA updated the authorization for Johnson & Johnson’s vaccine, restricting it to adults who are unwilling or unable to receive mRNA vaccines. The agency said the risk of recipients developing thrombosis with thrombocytopenia syndrome, a rare but serious side effect that can cause blood clots and low platelet counts, merited limiting the vaccine’s use in adult populations.

In November 2021, the Biden administration terminated a $628 million contract with Emergent after the company had extensive problems scaling up vaccine production. A congressional investigation recently found that the company had to discard hundreds of millions of contaminated or low-quality doses of both Johnson & Johnson and AstraZeneca Covid-19 vaccines.

GOP COUNTIES’ HIGHER COVID DEATH RATE — Counties that voted largely Republican in the 2020 elections saw significantly higher rates of Covid-19 deaths than counties that voted Democrat, a study published on Monday in Health Affairs found.

The study, led by researchers at the University of Maryland, found that Republican counties saw an average of nearly 73 more deaths per 100,000 residents than in Democratic counties.

The researchers said their findings suggested that voting trends in the last presidential elections “may act as a proxy” to how individuals complied — or didn’t comply — with mitigation measures such as mask mandates and vaccine uptake.

Neil Jay Sehgal, assistant professor of health policy and management in UMD’s School of Public Health, noted, however, that vaccine uptake accounted for only 10 percent of the mortality difference, indicating that other measures are still needed as cases continue to rise and the CDC forecasts deaths will increase in coming weeks.

“The vaccine-only approach to public health isn’t doing enough to combat the continued toll we are paying,” Sehgal said in a UVM press release.

Coronavirus

BUTTIGIEG TESTS POSITIVE FOR COVID-19 — Department of Transportation Secretary Pete Buttigieg said on Monday he had tested positive for Covid-19, POLITICO’s Tanya Synder reports.

The DOT head had been traveling around the country touting the administration’s infrastructure plans.

“I have tested positive for COVID-19 and am experiencing mild symptoms,” he tweeted. “I plan to work remotely while isolating according to CDC guidelines, and look forward to when I can safely return to the office and the road.”

At the Agencies

MAYORS BACK CMS’ ACO REACH MODEL — The U.S. Conference of Mayors voted on Monday in favor of a resolution to support the Centers for Medicare and Medicaid Services’ Accountable Care Organization REACH initiative, citing the program’s potential to help increase primary care availability in historically underserved neighborhoods.

The ACO Realizing Equity, Access, and Community Health model is designed to improve health equity by requiring several updates to CMS’ Global and Professional Direct Contracting Model. The new program requires ACOs applying for the program to demonstrate their experience working with underserved organizations, submit health equity plans and collect demographic data, among other measures.

In Congress

REGENERATIVE MEDICINE HITS THE HILL — Members of the Alliance for Regenerative Medicine are meeting with lawmakers on Capitol Hill today and Wednesday to push for the reauthorization of the Prescription Drug User Fee Act.

They will also advocate for policymakers to pass Medicaid VBPs for Patients Act, which the group says “will enable innovative payment models to improve access to advanced therapies.”

Names in the News

Alexandra LaManna, the senior spokesperson at the Treasury Department, is joining the White House as an assistant press secretary. She’ll focus on reproductive rights and portions of the economic portfolio, including technology and crypto regulations.

Kirsten Beronio is now senior adviser on mental health and substance use disorder issues for the Center for Medicaid and CHIP Services at CMS. She previously was director of policy and regulatory affairs for the National Association for Behavioral Healthcare.

Benjamin Teicher is now associate director of media relations for the American Hospital Association. He was previously media relations manager at West Health.

The Rare Disease Company Coalition has brought on Amanda Malakoff as its next executive director. She was most recently senior director of member relations for the National Association of Manufacturers.","['buys', 'vaccines', 'monkeypox', 'rise', 'cases', 'vaccine', 'johnson', 'covid19', 'health', 'emergent', 'doses', 'million', 'counties', 'company', 'politico', 'medicaid', 'manufacturing', 'increase', 'director', 'deaths', 'voted', 'supply', 'senior', 'reportsthe', 'relations', 'recently', 'pulse', 'previously', 'positive', 'model', 'millions', 'hhs', 'equity', 'daniel', 'cms']",0,0,0,0,0,0,0,"Oh boy, you really need to pay attention to the ‘explicit’ presence requirements. (1) Germany’s actions of ordering vaccines doesn’t imply that ‘global relations’ exists. (2) Struggles faced during the epidemic doesn’t implicate the government explicitly, so ‘public health failure’ doesn’t count, (3) ‘epidemic preparedness and surveillance’ also doesn’t count since ordering more vaccines is not a view towards the establishment (4) The deviation to bad public health infrastructure is not significant enough and hence ‘broader health issues’ don’t occur either. "
21,2314763503,2022-05-20 10:10:31,CNET,What You Should Know About Monkeypox     - CNET,https://www.cnet.com/health/medical/what-you-should-know-about-monkeypox/#ftag=CAD590a51e,"Mpox, formally known as monkeypox, has faded to the point that US health officials no longer consider it a public health emergency. Cases have dwindled significantly since the peak of the outbreak last summer, with only a handful being reported daily in January and February, according to data from the US Centers for Disease Control and Prevention.

Health experts have credited the uptake of Jynneos, the mpox vaccine, as well as a shift in sexual health behavior among people most affected by mpox -- gay men and others in the men who have sex with men, or MSM, community -- for keeping the global outbreak from spreading more widely in the US. Another element is the fact that mpox is more difficult to spread, compared with respiratory illnesses for example, because it requires close contact with someone with mpox.

Still, even as cases of mpox remain controlled in wealthier countries like the US and the UK, the virus is still spreading in African countries, which have less access to treatments and vaccines. Prior to the global outbreak of 2022, mpox was primarily concentrated in African countries. And as the science journal Nature reports, global complacency in regard to areas of the world still experiencing the brunt of the virus could allow mpox to spread widely again -- perhaps in the form of a more deadly subvariant.

Major cities in the US that were hit harder by the outbreak last summer, including San Francisco and New York, still offer vaccinations for people who want one and are at higher risk of getting the disease. And other therapeutics, as well as best practices for avoiding transmitting mpox to your close contacts, remain the same this year.

Here's what to know.

What is mpox?

Mpox, which is now formally referred to as mpox after the World Health Organization renamed the virus in November, is a disease caused by an orthopoxvirus that belongs to the same family as the viruses that cause smallpox and cowpox. It's endemic in West and Central Africa, and reports of it in the US prior to 2022 have been rare but not unheard of. (There were two reported cases in 2021 and 47 cases in 2003 during an outbreak linked to pet prairie dogs.) Mpox is a zoonotic disease, which means it's transmitted from animals to humans.

Of the two types of the virus -- Clade I and Clade II -- Clade II is the outbreak strain in the US, according to the CDC, and it's typically less severe than Clade I. Of more than 30,000 cases of mpox, CDC data shows, 28 deaths occurred in the US during the outbreak.

The 2022 pox outbreak was thought to be linked to a case detected by a Nigerian infectious disease doctor in 2017, according to an NPR report. Dr. Dimie Ogoina identified a case with characteristics that more closely resemble mpox now, with cases spreading between men with a link to sexual contact. His and his teammates' warnings to the broader medical community may have fallen on deaf ears as the outbreak spread beyond Nigeria, according to the report.

In August, mpox was declared a public health emergency in the US, with the declaration meant to open up more funding and resources needed to respond to the outbreak, including vaccines, testing and treatments. The government's response to the crisis was criticized earlier in the outbreak, in part over inadequate vaccine access and testing resources. However, citing very low case numbers and a promise to not ""take our foot off the gas,"" Department of Health and Human Services Secretary Xavier Becerra announced in December that health officials weren't planning on renewing the emergency past January.

How is it spread?

Mpox mostly spreads between people through very close contact, according to the CDC, which includes skin-to-skin contact through sex or prolonged kissing. You usually need direct contact with an mpox rash or scabs, or contact with someone's saliva or mucus that has the virus in order for it to spread. The risk of getting it from a contaminated surface or object is currently ""considered low,"" the CDC says.

However, as of February 2023, the CDC says new data shows some people are able to spread the virus between one and four days before symptoms appear, so you should take precautions if you were a close contact of someone with mpox.

Cases in the US and other countries that don't normally experience the virus have primarily been linked to sexual contact among gay men and other MSM, but anyone with close contact with someone with the virus can get it. Gay and bisexual communities tend to have particularly ""high awareness and rapid health-seeking behavior when it comes to their and their communities' sexual health,"" Dr. Hans Henri P. Kluge, the WHO's regional director for Europe, said in a statement at the end of May, noting that people who sought health care early in the outbreak should be applauded.

The ""close"" in ""close contact"" is a key element in the transmission of mpox. That, along with the fact that the virus that causes mpox appears to have a slower reproduction rate than the COVID-19 virus, sets it apart from the ongoing COVID-19 pandemic, Dr. Tom Inglesby, director of the Center for Health Security at the Johns Hopkins Bloomberg School of Public Health, said in June at a media briefing.

Is there an mpox test? What about treatment?

The test involves taking a swab from a lesion or sore to test for the virus that causes mpox. For people who first develop flulike symptoms before lesions or sores appear, that may mean waiting for lesions or ""pox"" to appear. If you have symptoms, get tested and isolate at home.

Antiviral medication like tecovirimat, or TPOXX, can be used in people who are at risk of getting severely sick from mpox, according to the CDC, including some people with HIV or eczema. While it's originally meant for treating smallpox, it's been used in mpox cases because the viruses are similar. If you have a health condition that makes you immunocompromised, you should reach out to your health care provider for therapeutic options and more guidance, especially if you haven't had an mpox vaccine (which can also be given post-exposure).

What are the symptoms of mpox?

Symptoms of mpox in humans are similar to (but usually significantly milder than) those of smallpox, which the WHO declared eliminated in 1980.

An mpox infection can begin with flu-like symptoms -- including exhaustion, headache, fever, muscle aches, chills, respiratory symptoms and swollen lymph nodes -- followed by a rash, but some people will only develop the rash, according to the CDC. The mpox rash or individual sores can look like pimples or blisters and can be found pretty much anywhere on the body, including the hands, genitals, face, chest and inside the mouth or anus. Lesions can be flat or raised, full of clear or yellowish fluid and will eventually dry up and fall off. For some people, they can be very painful.

You can spread mpox until the sores heal and a new layer of skin forms, according to the CDC. People will most likely develop symptoms within three weeks of being exposed, per the CDC.

Read more: Mpox Symptoms to Look Out For

Is there an mpox vaccine?

Yes. The US Food and Drug Administration has approved Jynneos to prevent smallpox and mpox. Because mpox is so closely related to smallpox, vaccines for smallpox are also effective against mpox. In addition to Jynneos, the US has another smallpox vaccine in its stockpile, called ACAM2000. Because ACAM2000 is an older generation of vaccine with a different side effect profile, it isn't recommended for everyone, including people who are pregnant.

Jynneos is the vaccine currently available to people who are at higher risk of getting mpox, or may have already been exposed to it. During the outbreak, the FDA authorized a new way of giving people Jynneos meant to stretch out the limited supply through intradermal vaccination, which requires a lower dose of vaccine compared with subcutaneous injection.

People at higher risk of being exposed to mpox can get the vaccine, though eligibility and availability ultimately depends on where you live and your local health department. Gay men and other MSM who've had more than one sexual partner in the past six months or a newly diagnosed sexually transmitted infection; people who've had sex at a public sex venue or public event in the past six months; those who anticipate participating in the above scenarios and the sexual partners of those folks should all be eligible for an mpox vaccine, per the CDC. People with a weakened immune system, including an HIV infection, should also get the vaccine if they could have a future exposure. Certain health care workers may also be recommended one.

Vaccinating people who've been exposed to mpox is what Dr. Amesh Adalja, an infectious-disease expert and senior scholar at the Johns Hopkins Center for Health Security, calls ""ring vaccination,"" where health officials isolate the infected person and vaccinate their close contacts to stop the spread.

Dr. Daniel Pastula, chief of neuroinfectious diseases and associate professor of neurology, medicine and epidemiology at the University of Colorado Anschutz Medical Campus, said the vaccine is used in people who've been exposed but aren't yet showing symptoms of mpox, because the incubation period for the disease is so long.

""Basically what you're doing is stimulating the immune system with the vaccine, and getting the immune system to recognize the virus before the virus has a chance to ramp up,"" Pastula said.","['summer', 'heres', 'dropped', 'dramatically', 'mpox', 'cases', 'health', 'virus', 'vaccine', 'outbreak', 'contact', 'symptoms', 'cdc', 'close', 'smallpox', 'including', 'spread', 'sexual', 'men', 'disease', 'risk', 'public', 'exposed', 'whove', 'sex', 'rash', 'jynneos', 'gay', 'dr', 'countries', 'clade', 'vaccines', 'test', 'system', 'spreading']",1,0,1,1,0,0,0,(1) ‘public health failure' is a frame that appears in the article - as shown by the quote: “The government's response to the crisis was criticized earlier in the outbreak..” (2) ‘broader health issues’ don’t occur in this article since the deviation from mpox is not significant 
22,2456187498,2022-10-22 17:45:52,ABC News,2 die of monkeypox weeks after being diagnosed,https://abcnews.go.com/US/people-die-chicago-weeks-diagnosed-monkeypox/story?id=91913356,"Two Chicago residents died after being diagnosed with the monkeypox virus, the city's Department of Health announced. The two were diagnosed with monkeypox over six weeks ago and had been hospitalized.

The two had several other health conditions, including weakened immune systems, city officials said. The two deaths were unrelated to each other, they said.

""Though the number of new MPV cases has declined substantially since summer, this is a stark reminder that MPV is dangerous and can cause serious illness, and in very rare cases, even death,"" said Chicago Department of Public Health Commissioner Allison Arwady on Friday. ""Our hearts go out to these individuals' families and friends.""

Officials said they would not disclose any other information about the two cases, including where they were being treated, to protect their privacy.

The U.S. has reported over 27,000 cases and six total deaths due to monkeypox, according to the Centers for Disease Control and Prevention. Monkeypox cases have been reported in all 50 states.

The first confirmed case of monkeypox in the U.S. was reported in Massachusetts in May.

Monkeypox symptoms usually start within three weeks of exposure to the virus and the illness typically lasts two to four weeks, according to the CDC.

People with monkeypox get a rash that may be located on or near the genitals or anus and could be on other areas like hands, feet, chest, face or mouth. Other symptoms can include fever, chills, swollen lymph nodes, exhaustion, muscle aches and backache, headache and respiratory symptoms, according to the CDC.

Those infected may experience all or only a few symptoms. If someone has flue-like symptoms they will usually develop a rash one to four days later, the CDC says.

Officials said death due to monkeypox still remains rare. Among more than 75,000 cases reported in 2022, there have been 32 reported deaths, according to the World Health Organization.

""The vast majority of people with [monkeypox] who died have had other health conditions along with [monkeypox] causing severely weakened immune systems,"" said Arwady.

She added, ""Please continue to take it seriously. If you’re at risk of MPV infection, take prevention steps and get vaccinated to protect yourself and your loved ones. These measures are especially important if you have comorbidities and/or a weakened immune system.""

Chicago health officials encourage individuals who meet the eligibility criteria to get two doses of the monkeypox vaccine, 28 days apart.","['die', 'monkeypox', 'weeks', 'diagnosed', 'chicago', 'health', 'cases', 'symptoms', 'reported', 'weakened', 'mpv', 'immune', 'deaths', 'virus', 'systems', 'rash', 'rare', 'protect', 'prevention', 'officials', 'individuals', 'including', 'illness', 'died', 'department', 'death', 'days', 'conditions', 'youre', 'world', 'vast', 'vaccine', 'vaccinated', 'unrelated', 'typically']",0,0,0,0,0,0,0,"(1) Public health failure has not been explicitly mentioned, as you said (2) ‘epidemic preparedness and surveillance’ doesn’t even occur - you failed to give a quote. (3) mention of deaths don’t count as a personal anecdote - hence ‘human-interest stories’ don’t occur. (4) ‘broader health issues’ doesn’t appear since there is no mention of other illnesses. "
23,2390521318,2022-08-10 15:06:00,radaronline.com,Brazilians Turn To Poisoning Monkeys Over Fear They Are Spreading Monkeypox: Report,https://radaronline.com/p/brail-monkeypox-kiled-poision-who/,"People in Brazil, seemingly confused, have started to kill monkeys thinking they are spreading the monkeypox virus, RadarOnline.com has learned.

But it’s just in a name.

Article continues below advertisement

The reason the monkeypox virus is so named is because it was first identified in a group of monkeys in Denmark.

That namesake association is now costing monkeys lives. In Sao Jose do Rio Preto, a Brazilian city in the state of Sao Paulo, police are investigating the poisoning of at least 10 monkeys, seven of whom died. There have been three confirmed cases of monkeypox in Sao Jose do Rito Preto.

Elsewhere in the South American country, there have been reports of people throwing stones at monkeys.

Article continues below advertisement

""What people need to know very clearly is the transmission we are seeing is happening between humans,"" said WHO spokesperson Margaret Harris during an Aug. 9 press conference in Geneva, according to the Daily Mail. ""The concern should be about where it's transmitting in the human population and what humans can do to protect themselves from getting it and transmitting it. They should certainly not be attacking any animals.""

MORE ON:

NEWS

Patient's Nose ROTS OFF After Contracting Monkeypox, Virus Was Initially 'Dismissed' As Sunburn

Dog Contracts Monkeypox After Sharing Bed With Owners Who Tested Positive For The Virus

Mamma Mia! Spanish Vacation Results In Triple Whammy For Italian Man: COVID, Monkeypox and HIV

""The monkeypox virus is in a number of different animals,” she added. “It's much more commonly in various rodents.”

Article continues below advertisement

Brazilians previously attacked monkeys during an outbreak of yellow fever. Locally, Lt. Fábio Leme of the Brazilian Environmental Police is similarly trying to educate the public about the fact that capuchin monkeys are not the transmitters of monkeypox.

The Environmental Police rescued eight monkeys. The animals were taken to a local zoo, but five died. So far, the substance being used to poising the animals has not been identified, according to the Latin Post.

According to the latest CDC data, Brazil has recorded 2,131 confirmed cases of monkeypox. That total places it at sixth on the worldwide list, behind the United States, Spain, Germany, the United Kingdom and France.



DAILY. BREAKING. CELEBRITY NEWS. ALL FREE.","['turn', 'spreading', 'report', 'poisoning', 'fear', 'brazilians', 'monkeypox', 'monkeys', 'virus', 'sao', 'continues', 'animals', 'united', 'transmitting', 'jose', 'identified', 'humans', 'environmental', 'died', 'confirmed', 'cases', 'brazilian', 'brazil', 'zoo', 'yellow', 'worldwide', 'whammy', 'virusmamma', 'vacation', 'triple', 'transmitters', 'transmission', 'total', 'throwing', 'thinking']",0,0,0,0,0,0,0,(1) ‘global relations’ doesn’t appear since there is no mention about relations between different countries and how that is affecting the spread. (2) ‘epidemic preparedness and surveillance’ doesn’t appear since simply reporting on numbers is not advocating for trust/mistrust in institutions. (3) ‘broader health issues’ don’t occur since there are no discussions of other diseases or public health system as a whole. 
24,2305831340,2022-05-11 09:46:18,Business Insider,"UK confirms case of monkeypox, which causes boils and full-body rashes",https://www.businessinsider.com/monkeypox-virus-symptom-treatment-spread-case-detected-uk-2022-5,"A rare case of monkeypox has been detected in the UK.

The illness causes puss-filled boils as well as flu-like symptoms.

The UK Health Security Agency has said the risk to public health is ""very low.""

Monkeypox, a rare but potentially deadly illness, has been detected in the UK, according to the country's health officials.

The virus is much less contagious than the virus that causes COVID-19, and can cause flu-like symptoms and puss-filled boils that cover the body.

In a statement released on Saturday, the UK Health Security Agency said that they believed the infected person had caught the virus while in Nigeria and then traveled to the UK. The agency didn't detail the age or sex of the individual.

The agency said the patient was being treated at a specialist infectious disease facility in London, UK. Individuals that may have been in close proximity to the person and were at were risk of infection were being contacted, the agency said.

The UKHSA told Insider on Wednesday that there were no further updates on the case.

According to the Centers for Disease Control and Prevention, monkeypox is ""very rare"" in the US. The most recently reported case was in Maryland in November 2021, in a person who had traveled to Nigeria.

What is monkeypox and how does it spread?

Monkeypox is caused by the same virus as smallpox, which was declared eradicated in 1980.

The first case of monkeypox was recorded in 1970 in the Democratic Republic of the Congo (DRC). Since then, the majority of cases have been reported in central and western Africa including countries such as Cameroon, Central African Republic, Cote d'Ivoire, Gabon, Liberia, Nigeria, Republic of the Congo, and Sierra Leone, according to the CDC.

Monkeypox has been reported outside of Africa, but is typically linked to international travel or contact with imported animals.

It can spread when a person comes in contact with a infected human or animal, or a contaminated surface. The virus can enter the body through broken skin, the respiratory tract, or the eyes, nose and mouth. Transmission between people usually happens through large respiratory droplets, which usually don't travel more than a few feet.

Prolonged face-to-face contact is needed for it to spread between people.

What are the symptoms of monkeypox?

Typically monkeypox causes a mild illness that lasts two to four weeks. In Africa, where the illness is most common, about 1 in 10 people that catch the virus die from it, according to the CDC.

Initial symptoms include fever, headache, muscle aches, backache, swollen lymph nodes, chills and exhaustion. A rash that starts on the face and spreads to the rest of the body can then occur within one to three days of a person developing a fever.

The rash begins as flat, red bumps, that form into blisters that fill with pus. These boils crust over and fall off after several days.

It can take between five to 21 days to develop symptoms after catching the virus.

There is currently no proven treatment for monkeypox.

How worried should I be about monkeypox?

""It is important to emphasize that monkeypox does not spread easily between people and the overall risk to the general public is very low,"" said Dr. Colin Brown, director of clinical and emerging infections at UKHSA.

Professor Grant McFadden, director of the Center for Immunotherapy, Vaccines, and Virotherapy at Arizona State University, told Insider the virus is mostly found in rodents in Africa and rarely infects humans.

""US readers should not be too worried about this, however US health professionals watch carefully to ensure that the virus doesn't get introduced into wild rodents in North America, such as prairie dogs. But otherwise, the danger of this virus to people in the US is relatively minimal,"" he said.","['rashes', 'fullbody', 'confirms', 'monkeypox', 'uk', 'case', 'boils', 'virus', 'person', 'health', 'agency', 'symptoms', 'illness', 'africa', 'spread', 'risk', 'republic', 'reported', 'rare', 'contact', 'worried', 'traveled', 'travel', 'told', 'security', 'rodents', 'respiratory', 'rash', 'pussfilled', 'public', 'nigeria', 'insider', 'infected', 'flulike', 'disease']",0,0,0,0,0,0,0,(1) ‘global relations’ doesn’t appear since there is no mention about relations between different countries and how that is affecting the spread. (2) ‘epidemic preparedness and surveillance’ doesn’t appear since simply reporting on measures taken by public health officials is not advocating for trust/mistrust in institutions. (3) ‘broader health issues’ don’t occur since there are no significant discussions of other diseases or public health system as a whole. 
25,2459265338,2022-10-26 13:04:00,ABC News,"Immunocompromised at high risk for severe effects, death from monkeypox: CDC report",https://abcnews.go.com/Health/patients-weakened-immune-system-suffer-severe-effects-death/story?id=92128529,"Immunocompromised patients who contract monkeypox can suffer devastating consequences, according to new federal data.

A report, published Wednesday by the Centers for Disease Control and Prevention, looked at 57 people who were hospitalized with severe cases of the disease between Aug. 10 and Oct. 10.

Almost all the patients had severely weakened immune systems and 82% had HIV.

Just 9% of the HIV patients were receiving antiretroviral therapy -- medication that can suppress viral loads -- making the virus nearly undetectable and therefore intransmissible.

Over time, HIV can weaken a person's immune system, which makes it difficult to fight off diseases such as monkeypox, according to the CDC.

Of the remaining immunocompromised patients, 5% were solid organ transplant recipients. Five percent were pregnant and 3% -- including one HIV patient -- were undergoing chemotherapy.

Because the patients had weakened immune systems, their monkeypox symptoms were also more severe, the CDC said.

All the patients experienced severe rashes while 68% also had severe lesions on various body parts including the face, torso, hands, feet and genitals.

Some patients had damage to other organs, including the eyes, lungs, brain and spinal cord.

The World Health Organization says monkeypox can lead to complications including bacterial lung infections, sepsis, brain inflammation and infection of the cornea.

The report found 30% of patients received ICU care for their symptoms and 21% died. Of the 12 patients who died, monkeypox was a cause of death or contributing factor in five deaths and was not a factor in one death. The other six remain under investigation.

In addition, the report revealed further racial and ethnic disparities. Overall, 68% of patients were Black, highlighting not only the disproportionate effect the monkeypox outbreak has had on minorities but also the disproportionate risk Black Americans have of contracting HIV.

The authors say the report is a ""reminder"" of the severe consequences some patients can face and that public health officials and clinicians need to work to ensure not only that patients at risk for monkeypox are vaccinated but those with HIV receive treatment.

""Monkeypox and HIV have collided with tragic effects,"" said CDC monkeypox incident commander Dr. Jonathan Mermin. ""Today's report reminds all of us that access to monkeypox and HIV prevention and treatment matters -- for people's lives and for public health.""","['suffer', 'effects', 'patients', 'monkeypox', 'severe', 'immune', 'weakened', 'systems', 'death', 'cdc', 'hiv', 'report', 'including', 'health', 'symptoms', 'risk', 'public', 'prevention', 'immunocompromised', 'factor', 'face', 'disproportionate', 'disease', 'died', 'consequences', 'brain', 'black', '68', 'world', 'work', 'weaken', 'virus', 'viral', 'vaccinated', 'undetectable']",0,1,0,0,0,0,0,"(1) ‘public health failure’ doesn’t appear since the article doesn’t implicate the governmental response with respect to the US in particular. (2) ‘epidemic preparedness and surveillance’ doesn’t appear since there is not explicit advocation for trust/mistrust in institutions. Simply reporting on WHO’s involvement doesn’t count (3) ‘broader health issues’ don’t occur - while immunocompromised individuals are mentioned, their relevance is tied to Mpox and they don’t get a significant deviation"
26,2342333077,2022-06-19 04:58:16,Guardian US,"UK monkeypox outbreak not yet under control, say experts",https://www.theguardian.com/world/2022/jun/19/uk-monkeypox-outbreak-not-yet-under-control-say-experts,"The monkeypox outbreak in the UK is not yet under control, experts have warned, with some suggesting that vaccines may need to be offered to all men who have sex with men.

Monkeypox, which is to be given a new name by the World Health Organization (WHO), is typically found in west and central Africa, but an unprecedented outbreak in recent weeks has resulted in cases appearing in a host of countries from France to Canada and Australia. It is understood the WHO will hold a meeting next week to decide whether to label the outbreak as a public health emergency of international concern.

As of 12 June, 470 cases had been identified in the UK, including a rise of 104 cases reported in England last Monday. Experts are warning further action may be needed to curb the rise.

“At the moment there is no clear evidence that the current epidemic is coming under control,” said Paul Hunter, a professor of medicine at the University of East Anglia.

Cases so far have predominately been found among men who are gay or bisexual or otherwise have sex with men – although experts have raised concerns around particular communities becoming stigmatised, stressing anyone can get monkeypox and that it is spread between humans through close contact.

A smallpox vaccine that also offers protection against monkeypox is available, with current guidelines advising jabs should ideally be given to close contacts of cases within four days of exposure to monkeypox to prevent or lessen the impact of infection, although in some circumstances it can be given to individuals up to 14 days after exposure to reduce symptoms should infection have occurred.

“I guess that if we do not see this coming under control very soon, then we are looking at offering vaccination to all men who have sex with men, and possibly female sex workers,” said Hunter.

Prof Jimmy Whitworth of the London School of Hygiene and Tropical Medicine also raised concerns. “These numbers of new cases suggest that we are not yet getting the monkeypox epidemic under control,” he said, although he cautioned it was necessary to look at the trend in cases over a longer period, while it could take a week or two before the number of new cases fell once transmission was under control.

But Whitworth said it was clearly a very challenging outbreak to control. “There seem to have been some superspreading events that have enabled infections to spread rapidly into many different countries, and there are chains of transmission that suggest that there might have been some cases without any obvious signs of infection which has allowed further spread which has not been detected,” he said.

Hunter said there were probably many factors at play. “The thing that worries me the most is that for a disease whose transmission may have significant stigma for some is that people may not be fully honest about their contacts and if that is the case then a public education and a ring vaccination strategy approach may not be sufficient,” he said, adding another concern was how well contacts were adhering to the self-isolation period.

“For someone who is not openly gay having to self-isolate for 21 days would be tantamount to coming out,” Hunter said, noting the situation was sensitive and complex, particularly for bisexual men who have not come out to their female partners.

Sign up to First Edition, our free daily newsletter – every weekday morning at 7am BST

According to the UK Health Security Agency (UKHSA), individuals who have been tested are usually informed of their result within 24 hours, with contacts identified and followed up with as soon as possible, and vaccination offered if appropriate.

However, the agency has flagged challenges with the outbreak, noting: “Most cases reported having sexual contact with new or casual partners, sometimes in the context of cruising grounds or during chemsex, frequently where contact details were unavailable for tracing.”

Dr Michael Head, a senior research fellow in global health at the University of Southampton, said public health teams in the UK and internationally had done an excellent job, both with contact tracing and reporting as well as accurate and sensitive public health messaging.

Head said there was a small signal in UK data that the outbreak was slowing down – although this was not yet certain – while the lack of infections within the wider community showed transmission relied on very close contact.

“This is less complex to address than, for example, a Covid-19 outbreak, and gives encouragement that the outbreak will be brought to an end in the coming weeks or months,” he said.

Dr Hugh Adler of the Liverpool School of Tropical Medicine said there could be a positive view of the rising case numbers. “Maybe this is [reflecting] that the public health messaging is getting out and people are presenting for assessment,” he said.

Adler said vaccination was not appropriate for all contacts of cases, particularly if they did not have close or intimate contact. Instead such individuals can be monitored for possible symptoms.

“Their risk is so low that vaccination wouldn’t be the right thing for them anyway, because of our limited supplies of the vaccine, as well as side-effects,” he said.","['outbreak', 'uk', 'monkeypox', 'control', 'experts', 'cases', 'health', 'men', 'vaccination', 'public', 'contacts', 'transmission', 'sex', 'contact', 'coming', 'close', 'spread', 'medicine', 'infection', 'individuals', 'days', 'whitworth', 'weeks', 'week', 'vaccine', 'university', 'tropical', 'thing', 'suggest', 'sensitive', 'school', 'reported', 'raised', 'offered', 'numbers']",1,0,0,0,0,0,0,"(1) ‘epidemic preparedness and surveillance’ doesn’t occur since there is no trust/mistrust advocated when simply reporting on public health measures. (2) ‘human-interest stories’ don’t appear since the anecdotes have to be about people who are afflicted by the epidemic, not public health experts (as clearly mentioned in the codebook), (3) There is no mention of other diseases, hence ‘broader health issues’ doesn’t appear"
27,2383090915,2022-08-02 07:24:26,foxbusiness.com,Biden announces White House monkeypox response team with 3 states declaring emergencies,https://www.foxnews.com/politics/biden-announces-white-house-monkeypox-response-team-3-states-declaring-emergencies,"President Biden on Tuesday announced a team to coordinate and manage the White House’s monkeypox response efforts, as the virus spreads in cities and states across the nation.

The president named Robert Fenton, a regional administrator for the Federal Emergency Management Agency, to serve as White House National Monkeypox Response Coordinator, and Dr. Demetre Daskalakis to serve as the deputy coordinator.

""Fenton and Deaskalakis will lead the administration’s strategy and operations to combat the current monkeypox outbreak, including equitably increasing the availability of tests, vaccinations and treatments,"" the White House said Tuesday.

Fenton has twice served as acting administrator of FEMA and has led ""multiple challenging prevention, response and recovery operations"" throughout his career.

NEW YORK CITY, ILLINOIS DECLARE STATE OF EMERGENCY OVER MONKEYPOX

Daskalakis, a leading public health expert, is currently the director of the Centers for Disease Control and Prevention Division of HIV Prevention. The White House said he ""is an expert on health issues affecting the LGBTQIA+ communities."" Daskalakis previously oversaw management of infectious diseases for the New York City Department of Health and Mental Hygiene.

The White House said both officials played ""critical roles in making COVID vaccines more accessible for underserved communities and closing the equity gap in adult vaccination rates.""

MONKEYPOX BY THE NUMBERS: FACTS ABOUT THE RARE VIRUS THAT'S CURRENTLY SPREADING

Chief medical advisor to the president, Dr. Anthony Fauci, added that the team ""will allow the Biden administration to further accelerate and strengthen its monkeypox response.""

The two officials are expected to coordinate and manage response efforts across the White House and all federal departments and agencies, as well as work with local, state, national and international stakeholders on ""tracking and fighting the spread"" of monkeypox.

California, Illinois and New York have declared monkeypox states of emergencies.

The first case of monkeypox was confirmed in the United States on May 18.

So far, the Biden administration has made more than 1.1 million doses of vaccine available to states and cities across the country to control the spread of the virus, and has expanded testing capacity from 6,000 tests per week to more than 80,000 tests per week.

""Monkeypox is a rare disease caused by infection with the monkeypox virus. Monkeypox virus is part of the same family of viruses as variola virus, the virus that causes smallpox,"" the CDC notes on its website.

MONKEYPOX: WHAT YOU MUST KNOW ABOUT THE VIRUS — AND HOW TO PROTECT YOURSELF

Monkeypox symptoms are milder than smallpox symptoms — and monkeypox is rarely fatal.

The virus is not related to chickenpox, says the CDC. Monkeypox was discovered in 1958 when two outbreaks of a pox-like disease showed up in monkeys kept for research.

Monkeypox symptoms include headache, muscle aches, exhaustion, fever, backache, the swelling of lymph nodes and chills.

Within one to three days, a rash and lesions can also develop, according to the CDC.

The CDC shares many healthy actions all of us can take to limit contact and transmission of the disease.

WHO DECLARES MONKEYPOX A GLOBAL HEALTH EMERGENCY

Among these tips: Avoid close, skin-to-skin contact with people who have a rash; do not touch the rash or scabs of anyone who has monkeypox; do not share eating utensils, plates or cups with someone who has the virus; do not handle or touch the bedding, towels or clothing of a person with monkeypox; wash your hands often with soap and water — or use an alcohol-based hand sanitizer.

The CDC recommends that those infected with monkeypox isolate at home, noting that very close personal contact is another cause of the rapid spread of the virus.



Anyone having an active rash or other symptoms should, ""stay in a separate room or area away from people or pets you live with, when possible,"" noted the CDC.

Fox News' Deirdre Reilly contributed to this report.","['emergencies', 'declaring', 'announces', 'monkeypox', 'white', 'house', 'states', 'response', 'biden', 'team', 'virus', 'symptoms', 'rash', 'health', 'cdc', 'york', 'tests', 'spread', 'prevention', 'president', 'disease', 'contact', 'touch', 'state', 'smallpox', 'serve', 'rare', 'operations', 'officials', 'national', 'management', 'manage', 'illinois', 'federal', 'expert']",0,0,0,0,0,0,0,"(1) ‘global relations’ doesn’t appear since there is no mention about relations between different countries and how that is affecting the spread. All discussions are about handling the internal spread (2) ‘epidemic preparedness and surveillance’ doesn’t appear since simply reporting on measures taken by public health officials is not advocating for trust/mistrust in institutions. (3) ‘broader health issues’ don’t occur since there are no significant discussions of other diseases or public health system as a whole (smallpox is only mentioned, but not discussed). "
28,2388921829,2022-08-09 00:03:19,Conversation,Monkeypox can be transmitted to babies during and after pregnancy. We should be watchful but not alarmed,https://theconversation.com/monkeypox-can-be-transmitted-to-babies-during-and-after-pregnancy-we-should-be-watchful-but-not-alarmed-188283,"So far, there have been 57 confirmed and probable cases of monkeypox reported by Australian authorities.

In July, the Australian government issued a health alert for monkeypox as a communicable disease following the World Health Organization’s declaration of it as a public health emergency.

The disease has been reported at higher rates among men who have sex with other men. But this does not mean it can’t be spread to anyone. In fact, it has been seen in pregnant and birthing women and their newborn babies in some Western countries.

What do we know about monkeypox?

Monkeypox is a viral disease spread between animals and people.

The UK government guidance described the first case of “Monkey Pox” in 1958, when it was found in monkeys used for research purposes.

It was 1970 when it was first reported in human populations in the African country, Democratic Republic of the Congo. The disease is now endemic in some African countries including Nigeria, Liberia, Sierra Leone and the Democratic Republic of the Congo.

Read more: How does monkeypox spread? An epidemiologist explains why it isn't an STI and what counts as close contact

What does this mean for pregnant women?

Fortunately, monkeypox does not spread easily. The infection is spread by close physical contact, and so far there is limited information available about the impact on pregnancy, particularly in high income countries.

The virus can enter the body via broken skin, the respiratory tract or mucous membranes (the moist inner lining of cavities and some organs in the body).

The US Centers for Disease Control and Prevention advises the virus can be transmitted to a baby before birth via the placenta, and after the baby is born by close physical contact.

It also recommends pregnant, postnatal and breastfeeding women should be prioritised for medical treatment as there is a significant risk to the baby.

The Australian government’s treatment guidelines identify pregnant and breastfeeding women at high risk of severe disease from monkeypox infection. They also identify these groups as eligible for treatment and encourage health care providers to consult infectious disease specialists.

What symptoms should you watch for?

Symptoms of monkeypox can include headaches and fever, muscle and joint pain, tiredness, swollen lymph glands and a telltale rash with lesions that develop anywhere on the body.

The lesions change and will eventually burst, scab over and heal. The amount and location of the lesions can vary from lots all over the body to only a few that are isolated to one or two areas.

Read more: Monkeypox in Australia: should you be worried? And who can get the vaccine?

Deadly for some

The European Centre for Disease Prevention and Control has said most people (who are not pregnant) have mild disease with recovery within a few weeks, but that the Nigerian cases have had a fatality rate of roughly 3%. Mortality is likely higher in vulnerable groups such as newborn babies and pregnant or breastfeeding women.

A recent paper published in medical journal The Lancet provides guidelines for doctors and midwives on the management of monkeypox infection during pregnancy. These guidelines include increased fetal monitoring and increased surveillance of the mother in hospital isolation rooms if necessary, depending on her symptoms.

If the woman has genital lesions at the time of birth, she may be offered a caesarean. The newborn baby will need careful monitoring and precautions to reduce the risk of transmission from the mother. Consultation with a specialist infectious diseases paediatrician is recommended in these cases.

The Australian government has supplies of a monkeypox vaccine called Jynneos, and this may be considered in cases in which a woman has had close physical contact with an infected person or meets other criteria. The safety profile of this medication in pregnancy is unknown, but it is thought to be able to be used following a risk and benefit analysis by the medical practitioner. Women should not seek vaccination without risk factors being present.

Read more: Australia secures 450,000 new monkeypox vaccines. What are they and who can have them?

Known cases

Several cases of monkeypox infection were reported in the Democratic Republic of the Congo as a part of a larger study. The study wasn’t specifically looking at pregnant women, but four women were found to be pregnant in the study of more than 200 people with monkeypox infection.

Of the four women with monkeypox infection in pregnancy, two experienced miscarriage, one gave birth to a stillborn baby, and one gave birth to a living full-term baby. The three women who had fetal losses all experienced moderate to severe disease and lost their babies either in the first or second trimester of pregnancy.

Australian women shouldn’t be overly concerned at this stage given the low numbers of infected people in Australia. Women are highly unlikely to catch monkeypox unless they have had close contact with someone already infected with the disease or they have visited countries where the disease is endemic.

There are no known cases of women infected in pregnancy within Australia to date but there are such cases in the UK and US.","['watchful', 'transmitted', 'alarmed', 'monkeypox', 'pregnancy', 'babies', 'disease', 'women', 'pregnant', 'cases', 'spread', 'risk', 'infection', 'close', 'baby', 'reported', 'lesions', 'infected', 'health', 'birth', 'australian', 'australia', 'treatment', 'study', 'republic', 'physical', 'newborn', 'medical', 'guidelines', 'democratic', 'contact', 'breastfeeding', 'woman', 'virus', 'uk']",0,0,0,0,0,0,0,"(1) ‘sexual stigma and transmission routes’ doesn’t appear since there is only one dimension covered (causal interpretation), whereas we need at least 2 dimensions. (2) ‘global relations’ doesn’t appear since simply reporting on the global emergency declaration is not taking a position on the globalist/isolationist spectrum. (3) ‘epidemic preparedness and surveillance’ doesn’t appear since there is no trust/mistrust in institutions that is implied - the article simply reports public health measures. (4) ‘broader health issues’ don’t occur - the quote you gave just talks about mpox and no other public health issues. "
29,2338203454,2022-06-14 18:42:27,Central Maine News,Is monkeypox a health emergency? Experts to decide if outbreak a global threat,https://www.centralmaine.com/2022/06/14/is-monkeypox-a-health-emergency-experts-to-decide-if-outbreak-a-global-threat/,"Health Care

News

Nation & World

Is monkeypox a health emergency? Experts to decide if outbreak a global threat

Declaring monkeypox to be an international health emergency would give it the same designation as the COVID-19 pandemic and mean that the normally rare disease is a continuing threat to countries globally.

GENEVA — The World Health Organization will convene an emergency committee of experts to determine if the expanding monkeypox outbreak that has mysteriously spread outside Africa should be considered a global health emergency.

WHO Director-General Tedros Adhanom Ghebreyesus said Tuesday he decided to convene the emergency committee on June 23 because the virus has shown “unusual” recent behavior by spreading in countries well beyond parts of Africa where it is endemic.

“We believe that it needs also some coordinated response because of the geographic spread,” he told reporters.

Declaring monkeypox to be an international health emergency would give it the same designation as the COVID-19 pandemic and mean that WHO considers the normally rare disease a continuing threat to countries globally.

The U.K. said Monday it had 470 cases of monkeypox across the country, with the vast majority in gay or bisexual men. British scientists said last week they could not tell if the spread of the disease in the U.K. had peaked.

The meeting of outside experts could also help improve understanding and knowledge about the virus, Tedros said, as WHO released new guidelines about vaccinating against monkeypox.



Dr. Ibrahima Soce Fall, WHO’s emergencies director for Africa, said case counts were growing every day and health officials face “many gaps in terms of knowledge of the dynamics of the transmission” — both in Africa and beyond.

“With the advice from the emergency committee, we can be in a better position to control the situation. But it doesn’t mean that we are going straight to a public health emergency of international concern,” he said, referring to WHO’s highest level of alert for viral outbreaks. “We don’t want to wait until the situation is out of control to start calling the emergency committee.”

The U.N. health agency does not recommend mass vaccination but advises the “judicious” use of vaccines. It said controlling the disease relies primarily on measures like surveillance, tracking cases and isolating patients.

Last month, a leading adviser to WHO said the outbreak in Europe and beyond was likely spread by sex at two recent rave parties in Spain and Belgium.

Scientists warn that anyone, regardless of sexual orientation, is susceptible to catching monkeypox if they are in close, physical contact with an infected person or their clothing or bed sheets.

WHO has been working with partner countries to create a mechanism by which some vaccines for smallpox — a related disease — might be made available to countries that are affected, as research continues into their effectiveness against the new outbreak.

Tedros said more than 1,600 cases and nearly 1,500 suspected cases have been reported this year in 39 countries, including seven where monkeypox has been reported for years. A total of 72 deaths have been reported but none in the newly affected countries, which include Britain, Canada, Italy, Poland, Spain and the United States.

The ongoing outbreak of monkeypox in Europe and elsewhere marks the first time the disease has been known to spread among people who have no travel links to Africa.","['decide', 'health', 'monkeypox', 'emergency', 'outbreak', 'experts', 'threat', 'global', 'countries', 'disease', 'spread', 'cases', 'africa', 'reported', 'international', 'covid19', 'committee', 'whos', 'virus', 'vaccines', 'uk', 'tedros', 'spain', 'situation', 'recent', 'rare', 'pandemic', 'knowledge', 'europe', 'designation', 'convene', 'control', 'continuing', 'affected', 'younger']",1,0,0,0,1,0,0,"You forgot to output your annotations on ‘sexual stigma and transmission routes’ and ‘racial disparities and stigmatizing name’ frame. Moreover, (1) ‘global relations’ doesn’t appear in the article since there is no advocation for a globalist/isolationist position. The quote you provided applies to ‘epidemic preparedness and surveillance’ frame. (2) ‘broader health issues’ don’t appear since there is no discussion of other illnesses. Again, the quote you provided applies to ‘epidemic preparedness and surveillance’ frame."