,stories_id,publish_date,media_name,title,url,text,keywords,sexual stigma and transmission routes,racial disparities and stigmatising name,global relations,public health failure,epidemic preparedness and surveillance,human-interest stories,broader health issues
0,2380680882,2022-07-30 05:28:45,Mashable!,Who can get the monkeypox vaccine? When and how can I get vaccinated? Your questions answered.,https://mashable.com/article/monkeypox-vaccine-requirements,"Credit: ROBYN BECK/AFP via Getty Images

The odds are good that you don’t need to rush out and get the monkeypox vaccine. Assuming you do, I will tell you what you need to know in a minute, but I’d be remiss if I made it sound like this vaccine is something everyone needs right this second.

The situation for the time being is that there are two monkeypox vaccines available in the US. One of the two, JYNNEOS, is a fairly normal series of two injections, administered 28 days apart, but there's not currently enough of that to go around. The more plentiful of the two, ACAM2000, is a rather unpleasant medical procedure not far removed from the old-school smallpox vaccine, and is thought to be too dangerous to give to people with HIV or heart conditions.

So, long story short, unlike the COVID-19 vaccine, which is for pretty much everyone, this is something you should only get if you’re in a high risk group, particularly while JYNNEOS doses are in short supply. And since these were intended to be smallpox vaccines, much more data will be needed to confirm that these vaccines truly are effective against monkeypox, to what degree, and whether one is significantly better than the other.

Who needs the monkeypox vaccine?

With that preamble out of the way, you really need to get vaccinated if you've likely been exposed to monkeypox. In public health this concept is called ""post exposure prophylaxis,"" or PEP. The vaccine is thought to be effective four days after exposure, and can be administered up to 14 days after exposure, because it's also thought to be useful in easing symptoms even if you're infected. Men who have sex with men are the group most targeted with monkeypox awareness messaging, but according to the Centers for Disease Control and Prevention (CDC), you don't have to be in this group to be vaccinated. You qualify if:

you've been in close contact with someone known to have monkeypox, or

you've had sex in the past two weeks with someone who has since been diagnosed with monkeypox

So to a large degree, people receiving the vaccine right now are part of so-called ""ring vaccination"" campaigns, in which the small amount of the JYNNEOS vaccine available is given on an invite-only basis to those determined to be the most likely beneficiaries in the immediate term. It's a ""don't call us, we'll call you""-type deal.

But you can theoretically also get vaccinated if you've had sex with multiple people in the past two weeks in an area where monkeypox is known to be spreading, the CDC says. I say ""theoretically"" because this doesn't necessarily mean you can just go to your primary care physician, tell them you've had sex with multiple people, and get a referral to get the vaccine. Which brings me to…

How do I get the monkeypox vaccine?

It really depends where you are, and honestly, it might not even be practical right now no matter what, unless you find yourself in a ring vaccination campaign.

In New York City, for instance, there's a portal online where you can make an appointment. In Los Angeles, the online appointment portal was, as of this writing, ""paused,"" because it was overrun with people trying to make appointments, but walk-up vaccine clinics seem to pop up more and more. In San Francisco, rather than scheduling online, you're directed to locations accepting drop-in visits, along with numbers you can call for appointments. In Chicago, 100 doses are provided each Monday, in one location, on a first-come-first-served basis.

You get the idea. If you're concerned about infection, check online with your local health department, call around, and keep trying.

Is getting a monkeypox vaccination going to get easier?

The rollout of JYNNEOS in particular has been patchy and slow. Even though most US states have now had documented cases of monkeypox during this outbreak, not all health departments are making it easy or even possible to get jabbed. That's because for the time being it appears that jabbing everyone would mean widespread use of ACAM2000, and that seems to be exactly what authorities are avoiding. As of early July, the federal government had said only 800 people had been given ACAM2000.

About that ACAM2000 vaccine: it may be frustrating to know this vaccine is out there and mostly not being made available, but I should probably remind you that it's, well, nasty. According to the CDC, administering ACAM2000 means 30 punctures in the skin of your shoulder, delivered by quickly jabbing you 15 times with a bifurcated steel rod until you bleed. Successful ACAM2000 vaccination produces a lesion that scabs over during the healing process. During your recovery from your 30 needle pokes, you’re infected with, ""a live, infectious vaccinia virus that can be transmitted from the vaccine recipient to unvaccinated persons who have close contact with the inoculation site."" Afterward, you will have a scar.

So personally, I think of that vaccine as a last resort. Research could eventually prove that it's the superior vaccine, and that the virus is so scary that we all need to sign up for ACAM2000. In the meantime, measures of human immune responses and animal research strongly suggest that JYNNEOS is effective against monkeypox.

According to the White House, there are supposed to be 750,000 total JYNNEOS doses up for grabs in the summer, and 500,000 more rolling out through fall. On July 1, the US Department of Health and Human Services ordered 2,500,000 doses, meant to be in arms by early 2023. And bear in mind, JYNNEOS is a two-dose vaccine.

So if you're a man who has sex with men in a major US city, getting vaccinated is a good idea. But unless you've been exposed, it's not an emergency. Get tested regularly, and try the available portals and phone numbers until it's your turn to get, preferably, a JYNNEOS jab.

Topics Health","['questions', 'answered', 'vaccine', 'monkeypox', 'vaccinated', 'jynneos', 'youre', 'acam2000', 'sex', 'health', 'youve', 'vaccination', 'online', 'doses', 'vaccines', 'thought', 'men', 'group', 'exposure', 'effective', 'dont', 'days', 'cdc', 'weeks', 'virus', 'theoretically', 'smallpox', 'short', 'ring', 'research', 'portal', 'past', 'numbers', 'multiple', 'jabbing']",0,0,0,0,0,0,0
1,2392454122,2022-08-12 20:42:41,Buzzfeed,It’s Time We Talk About Polio In The US And How To Protect Yourself,https://www.buzzfeednews.com/article/katiecamero/polio-spreading-in-unvaccinated,"Polio is a life-threatening disease that’s long been eradicated in the US. But a recent New York state case and traces of the virus found in NYC wastewater have experts recommending that unvaccinated adults and children get immunized ASAP.

Americans have a lot on their plates right now: the COVID pandemic, a monkeypox outbreak, and now polio, a serious and life-threatening disease that’s very contagious, has no treatment, and poses a low yet viable risk of paralysis in adults and children who get infected. Chaos has already erupted within family group chats, now littered with frantic messages to parents asking about polio vaccination records.

The latest public health threat got real when the New York health department in July confirmed the US’s first polio case in nearly a decade in an unvaccinated Rockland County resident, a finding bolstered by wastewater samples confirmed polio positive in the area as early as May.

The person experienced paralysis, which is typically permanent, but it's unclear how their health status has improved or changed.

(Health officials are not revealing the person’s age or sex for privacy reasons. But an anonymous health official told the Washington Post that this person is a 20-year-old man who had traveled to Poland and Hungary this year and was hospitalized in June. The man is able to stand but is having difficulty walking, the Washington Post reported in July.)

The last wild polio case that originated in the US occurred in 1979. However, since then, a handful of infections have emerged in people who live in regions where the virus still spreads. (There’s been a worldwide effort to eradicate polio, similar to the way smallpox was wiped from the earth thanks to vaccines, but stubborn pockets of infection persist in two countries, Pakistan and Afghanistan.)

The virus has been detected in wastewater samples in Orange County, New York, and more recently in New York City as early as June, which “is alarming, but not surprising,” New York State Health Commissioner Dr. Mary Bassett said in a news release posted Aug. 12.

All of the wastewater samples collected so far (except the ones from NYC) have been “genetically linked” to the Rockland County case, suggesting polio is spreading locally among people with no or mild symptoms. Polio symptoms can include fatigue, nausea, headache, stomach pain, and sore throat, and it can be nearly impossible to distinguish from other illnesses. What’s more, the Rockland County case is genetically linked to polio wastewater samples collected in Israel and London, despite the person having no travel history to or from these regions.

Officials in New York (and London) are urging unvaccinated children and adults, including pregnant people, to get vaccinated against polio if they haven’t already, stating that “for every one case of paralytic polio observed, there may be hundreds of other people infected.”

Bassett said officials are treating this case “as just the tip of the iceberg of much greater potential spread.”

Although the majority of polio cases cause mild symptoms, a few people with polio go on to develop mild meningitis, an infection in the brain and spinal cord membranes. Even fewer will become paralyzed if the virus enters their spinal cord. It’s said that about one out of every 200 polio cases will result in paralysis.

But it’s a dangerous illness that caused 15,000 cases of paralysis each year before vaccines became available in the 1950s. (One Texas man has lived more than 70 years in an iron lung due to a polio infection at age 6.) The development of the polio vaccine was considered one of the most important scientific accomplishments of the 20th century.

Given the history, BuzzFeed News set out to discover how much of our already depleted energy should be spent on worrying about polio infection, and whether those of us who were vaccinated as kids should seek a booster.

While experts we spoke to expressed genuine concern about the unexpected and disturbing local transmission we’re seeing, they made one point clear: Vaccinated people should be fine; unvaccinated people are not.

“It’s a real wake-up call for everybody that this vaccine-preventable disease is out there. It’s been over 40 years since there was a case acquired in the US, and that’s what makes it scary,” said Dr. Dean Blumberg, chief of pediatric infectious diseases at the University of California, Davis. “There's enough susceptibility because of vaccine hesitancy that it's almost certain it's going to spread and be detected in other communities.

“So I think everywhere, no matter where you are in the world, it’s important to be up to date with your vaccines in general, and specifically with the polio vaccine.”

How did the Rockland County resident get polio?

How the Rockland County resident contracted polio remains unclear, a spokesperson with the Rockland County Department of Health told BuzzFeed News. But we do know that this person did not travel out of the country within the period of infection based on when their symptoms emerged, the spokesperson said.

Genetic analyses show that the Rockland County resident’s infection was caused by “vaccine-derived poliovirus type 2,” or VDPV for short.

This is a mutated version of the weakened live polio virus that’s contained in the oral polio vaccine, or OPV, which is still given in other countries but has not been administered in the US since 2000. This weakened virus mutates into a different form that can cause illness — and paralysis — if allowed to spread in people who are not fully vaccinated, not vaccinated at all, or immunocompromised, in which the virus can be shed for longer periods of time.

All this means that the Rockland County resident likely contracted polio from another person in the US who was vaccinated with OPV in another country, but this has not been confirmed.

Poliovirus can live in your gut for several months, according to Blumberg, which isn’t great news considering the virus spreads primarily via the fecal–oral route. So touching a dirty diaper or public bathroom, or even eating food prepared by an infected person who didn’t wash their hands properly after using the restroom can expose you to polio.

The virus can last in the respiratory tract for about one to two weeks, Blumberg said, but airborne transmission isn’t how this virus spreads best.

In other words, the Rockland County resident could have contracted polio at any point while in public settings. Health officials do make clear, however, that this person is not necessarily the source of the ongoing local transmission in the New York area.

VDPVs can be responsible for polio outbreaks in regions where vaccination rates are low, like Rockland County, which has a polio vaccination rate of about 60%, meaning 60% of children have received three doses before their second birthday. Orange County, New York, where wastewater samples have turned up positive, has a polio vaccination rate of about 58%. These compare to the statewide average of about 79%.

Three cases of VDPVs have occurred in the US since 2000 prior to this event: one in 2005, another in 2008, and one fatal case in 2013, according to the CDC. All of these infections were related to mutated viruses from the OPV and happened in kids and adults who were not vaccinated or had a weakened immune system.

What’s the risk that vaccinated people get polio?

The only polio vaccine that has been administered in the US since 2000 is the inactivated polio vaccine, or IPV. The country began using this shot in 1987 but started using it exclusively in 2000 to get rid of the risk of VDPV from the oral vaccine.

IPV does not contain live poliovirus, so people cannot infect others once vaccinated. The only downside to IPV is that it cannot stop wild poliovirus from spreading (although this isn’t and hasn’t been a concern in the US for a while). This is because it offers lower levels of immunity inside our GI tract than the OPV.

It’s recommended that children receive a total of four doses of IPV, including at 2 months of age, 4 months, 6 through 18 months, and then the fourth dose between the ages of 4 and 6. Two doses of IPV are 90% protective against all wild polioviruses, as well as VDPVs. Three doses are 99% effective, the CDC says, adding that 99 out of 100 kids who get all recommended doses are protected.

Overall, vaccines protect us against infection. Breakthrough infections are very rare, but if they do occur, illnesses typically carry no or mild symptoms, the CDC says. Polio vaccines also protect against paralysis, even in people who do get a breakthrough infection.

Should you get a polio booster?

But what about us anxious adults? Should we get boosters to improve our protection as polio spreads? The short answer is no, according to Dr. Adam Ratner, director of pediatric infectious diseases at NYU Langone Health.

“People who are fully vaccinated, including adults who got their full series when they were kids, don’t have a lot to worry about right now in terms of your risk of getting paralytic polio, even if exposed to poliovirus,” Ratner said. “The most important thing is finding the people who are completely unimmunized and getting them their primary series.”

That said, if parents of young kids aren’t sure if their child received the polio vaccine or finished their series, it’s safe to give them a booster shot, according to Ratner. “It wouldn’t be dangerous to do that,” he said.

The only circumstances that warrant greater risks of polio infection are those that involve travel to a country where polio has not been eradicated, such as Afghanistan and Pakistan; work in a lab that involves handling polioviruses; and close contact with polio patients as a healthcare provider.

Adults in these groups who have been vaccinated can receive one lifetime booster of IPV. Those who have not been vaccinated should receive three doses. The first can happen at any time, followed by a second shot one to two months later, and the third six to 12 months after that.

Adults who have only had one or two doses should complete their vaccination series, experts suggest, no matter how long it’s been since their last dose.

“For people who are fully vaccinated, the risk of developing paralytic polio is not zero, but very close to zero,” Ratner said. “The people who should be worried are the people who either are not fully vaccinated or people who live with family who are not fully vaccinated against polio.”

How long does polio vaccine protection last?

We don’t know exactly how long protection from the IPV lasts, but the CDC says vaccinated people are “most likely protected for many years after a complete series.”

A 2021 study suggests that protection from OPV (which some older adults in the US may have received as a child) lasts for at least up to 18 years after vaccination, with some antibodies lasting for more than 30 years after a last dose.

A separate 2021 study published in the Journal of Infectious Diseases found some evidence that protection from IPV remained strong for at least 10 years post-vaccination.

Why is there a polio threat now after many years of no activity?

It really just comes down to not enough people being vaccinated against the disease.

“We've seen cases of vaccine-derived polio in the US in the past. But the repeated finding of polio in wastewater, especially from multiple sites, is really concerning, and that is not something we've seen for a long time in the US,” Ratner said. “Circulating polio is evidence that we need to do a better job as a society at vaccinating people, but it's not necessarily a danger to people who are vaccinated.”

Blumberg blames increasing vaccine hesitancy, even before COVID blew the phenomenon out of control, and a general shifting of public health resources both nationally and globally because of it.

CDC Director Rochelle Walensky said during an Aug. 12 interview with SiriusXM’s Doctor Radio Reports that childhood vaccination rates have gone down by 1% over the years, which equals about 35,000 children now entering kindergarten.

A CDC report released last year found that between January 2020 and June 2021, 44 outbreaks involving vaccine-derived polio globally were “ongoing” that resulted in more than 1,300 cases of paralysis. The agency said the COVID pandemic is at least partly to blame for the “disruptions” in surveilling these outbreaks that may have led to case undercounts.

Local polio transmission is really only possible now, too, because countries where wild poliovirus still spreads have not been able to eradicate the virus, either because of under-resourced public health systems or political conflict, Blumberg said.

“In the recent past, even five or 10 years ago, we were closer to the eradication of polio so that the only way you could get it was by travel to an endemic area and it was only in a few areas of the world,” Blumberg said, “but that's just really changed over the past couple years.”

How to protect yourself against polio

For now, the best way to protect yourself against polio is to wash your hands diligently, especially after using the restroom and before and after eating, because people can spread the virus without symptoms.

Blumberg said it takes more than just touching a contaminated surface; you have to also touch your eyes, mouth, or nose to secure infection.

Airborne transmission is not of concern at this time so masks are not necessary, although you may want to wear one anyway to avoid COVID.

Otherwise, make sure to check your vaccination records to confirm you’re protected against polio if you aren’t certain already.","['talk', 'protect', 'polio', 'vaccinated', 'virus', 'county', 'rockland', 'case', 'health', 'york', 'vaccine', 'vaccination', 'infection', 'wastewater', 'person', 'ipv', 'doses', 'adults', 'paralysis', 'months', 'children', 'cases', 'vaccines', 'transmission', 'symptoms', 'spreads', 'samples', 'risk', 'resident', 'ratner', 'public', 'protection', 'poliovirus', 'long', 'live']",0,0,0,0,0,0,0.8
2,2317195353,2022-05-23 10:02:58.937044,Reason.com,Don't Panic Over Monkeypox,https://reason.com/2022/05/23/dont-panic-over-monkeypox/,"Plus: The wrong way to address formula shortages, Clinton approved the plan to share Trump-Russia information, and more...

(Donal Husni/ZUMA Press/Newscom)

It's not just fear of disease that has folks on high alert over monkeypox, a viral illness that is similar to smallpox but less severe. Our society simply couldn't take another pandemic right now. But in the past 10 days, cases have been reported in the United States, as well as in Australia, Belgium, Canada, France, Germany, Italy, the Netherlands, Portugal, Spain, Sweden, and the U.K. Typically, monkeypox is rare outside West and Central Africa.

In total, there were 92 confirmed cases and 28 suspected cases as of yesterday, the World Health Organization (WHO) reports.

On the upside, there's little reason to think monkeypox will wreak the kind of havoc that COVID-19 did. It does not spread as easily or cause severe symptoms in most people. And it's not novel—we already know what monkeypox is and how to fight against it.

""Although the disease belongs to the same virus family as smallpox, its symptoms are milder"" and ""people usually recover within two to four weeks without needing to be hospitalized,"" notes U.S. News & World Report.

Monkeypox is ""not as highly transmissible as something like smallpox, or measles, or certainly not Covid,"" Anne Rimoin, an infectious disease epidemiologist at the University of California Los Angeles, told Vox.

In addition, we already have a vaccine that provides some protection against monkeypox: the smallpox vaccine. And the U.S. has ""enough to deal with the likelihood of a problem,"" said President Joe Biden in Tokyo this week.

""I just don't think it rises to the level of the kind of concern that existed with COVID-19,"" said Biden. He says he does not expect quarantine requirements even for people infected.

On the downside, governments worldwide—and the people they control—have gotten used to enacting extreme measures for disease mitigation purposes.

So we could see a lot of early overreaction to monkeypox from leaders fearful of another pandemic or of repeating coronavirus mistakes. And we now have recent precedent treating lockdowns and other restrictions as appropriate ways to contain public health threats.

Sweden has classified monkeypox as a ""disease dangerous to public health,"" which means authorities there could impose measures similar to those imposed for COVID-19. But they have not done so as of yet, and they say widespread restrictions are unlikely. (Sweden, of course, reacted to COVID with a relatively light hand.)

What are we dealing with here? Monkeypox is a viral disease that can cause lesions, fever, swollen lymph nodes, headaches, muscle aches, back pain, and fatigue. It can be transmitted through ""close contact with lesions, body fluids, respiratory droplets and contaminated materials such as bedding,"" explains the WHO. ""The incubation period of monkeypox is usually from 6 to 13 days but can range from 5 to 21 days.""

There are two types of monkeypox—the West African clade and the Congo Basin clade. The cases currently being seen are of the West African type, which spreads less easily.

""Monkeypox is usually self-limiting but may be severe in some individuals, such as children, pregnant women or persons with immune suppression due to other health conditions,"" says the WHO.

The disease has a fatality rate of 3.6 for the West African clade and 10.6 percent for the Congo Basin clade. But the fatality rate may be lower ""in high-resource countries like the United States because people living there generally have better access to the supportive care that resolves most monkeypox infections,"" reports Vox. ""In 2003, at least 53 people in the midwestern United States caught the infection from pet prairie dogs who'd been infected when they were housed near rodents imported from Ghana; none of the infected people died.""

In the current outbreak, ""reported cases thus far have no established travel links to an endemic area,"" says the WHO. ""Cases have mainly but not exclusively been identified amongst men who have sex with men (MSM) seeking care in primary care and sexual health clinics.""

""The identification of confirmed and suspected cases of monkeypox with no direct travel links to an endemic area represents a highly unusual event,"" the agency adds. ""WHO expects that more cases in non-endemic areas will be reported.""

FREE MINDS

Clinton approved sharing Trump-Russia ""link"" with reporter. Hillary Clinton personally approved her 2016 campaign's decision ""to share information with a reporter about an uncorroborated alleged server backchannel between Donald Trump"" and the Moscow-based Alfa Bank, reports CNN. This revelation came from Clinton's former campaign manager, Robby Mook, as he testified in federal court on Friday. ""Federal investigators ultimately concluded there weren't any improper Trump-Alfa cyber links,"" CNN adds.

Mook's testimony was part of the criminal trial of Michael Sussmann, who had been a Clinton campaign lawyer. Sussmann is being prosecuted as part of Trump-era special counsel John Durham's investigation into possible misconduct in the FBI's handling of Trump-Russia allegations.

FREE MARKETS

Shot, and chaser:

QUICK HITS

• President Biden said today that the U.S. would get militarily involved if China invades Taiwan.

• The achievement loss due to pandemic school closures ""is far greater than most educators and parents seem to realize,"" writes economist Thomas Kane, faculty director of the Center for Education Policy Research at Harvard University

• Singer John Legend on criminal justice reform and why people should care who their local district attorney is:

Prosecutors make policy decisions about which crimes they are going to focus on and prosecute, how much they're going to charge someone and what they're going to ask for in sentencing. They decide whether to use cash bail, which is a highly discriminatory policy that forces people to stay in jail simply because they can't afford bail, leading people to be punished just for being poor. All these decisions affect our incarceration rate. In 2017, we started a ""Know your DA"" education campaign with the ACLU, because most people probably couldn't tell you who their DA was and didn't vote that far down on the ballot or just voted for the incumbent. And then we started looking for more progressive alternatives to run.

• Ronald Reagan's daughter, , on her father and abortion.

• I talked with physician Eric Larson about Roe v. Wade and the future of abortion politics:

• Germany is temporarily banning outdoor cats.

• A British teacher of literature discusses why Derry Girls—a comedy set in '90s North Ireland—is so good.

• Sigh…

Latest","['panic', 'dont', 'monkeypox', 'cases', 'disease', 'health', 'west', 'smallpox', 'clade', 'care', 'united', 'trumprussia', 'states', 'severe', 'rate', 'policy', 'pandemic', 'links', 'highly', 'covid19', 'clinton', 'biden', 'approved', 'african', 'world', 'viral', 'vaccine', 'university', 'travel', 'theyre', 'symptoms', 'sweden', 'sussmann', 'suspected', 'started']",0,0,0.45,0,0,0,0.8
3,2380643484,2022-07-30 06:39:22,Washington Post,First monkeypox deaths outside Africa reported in Spain and Brazil,https://www.washingtonpost.com/world/2022/07/30/monkeypox-deaths-brazil-spain/?utm_source=rss&utm_medium=referral&utm_campaign=wp_world,"By Victoria Bisset

Updated July 30, 2022 at 6:39 a.m. EDT|Published July 30, 2022 at 6:14 a.m. EDT

Three people have died of monkeypox in Brazil and Spain, marking the first known fatalities outside Africa in the current outbreak.

In Brazil, a 41-year-old man with lymphoma and weakened immunity died in the southeastern city of Belo Horizonte, health officials said Friday. The country has confirmed at least 1,259 cases.

Hours later, Spain announced the first death in Europe, although no information about the individual has been released. The health ministry confirmed a second death Saturday. Spain has been one of the worst-affected countries, with 4,298 confirmed cases and at least 120 patients hospitalized.

At least five people have died in Africa.

[What to know about monkeypox symptoms, treatments and protection]

On July 23, the World Health Organization declared monkeypox a global health emergency, its highest-level warning. Globally 22,485 cases have been confirmed, according to the Centers for Disease Control and Prevention (CDC), the overwhelming majority outside of countries in central and western Africa where the virus is normally found.



The WHO says the risk from the virus is high in Europe and moderate elsewhere. Cases normally begin with flu-like symptoms, and a rash that appears days later, according to the CDC. Infections usually last between two and four weeks.

[Struggle to protect gay, bisexual men from monkeypox exposes inequities]

Most cases have so far been reported among men who have sex with men, with WHO Director General Tedros Adhanom Ghebreyesus suggesting earlier this week that they should consider temporarily reducing sexual partners as cases rise. Global health authorities have grappled with the risk of stigmatizing members of the community or downplaying the risk to the wider population.","['reported', 'deaths', 'monkeypox', 'spain', 'brazil', 'africa', 'health', 'cases', 'confirmed', 'risk', 'men', 'died', 'virus', 'symptoms', 'global', 'europe', 'death', 'countries', 'cdc', '30', '2022', 'worstaffected', 'world', 'wider', 'western', 'weeksstruggle', 'week', 'weakened', 'warning', 'victoria', 'treatments', 'temporarily', 'tedros', 'suggesting', 'stigmatizing']",0.7,0.42,0,0,0,0,0
4,2334621162,2022-06-10 14:38:06,New York Times,C.D.C. Dismisses Airborne Transmission of Monkeypox. Some Experts Disagree.,https://www.nytimes.com/2022/06/10/health/monkeypox-airborne.html,"C.D.C. Dismisses Airborne Transmission of Monkeypox. Some Experts Disagree.

The virus “is not known to linger in the air,” agency officials said. But the research is far from definitive.

June 10, 2022

Officials at the Centers for Disease Control and Prevention on Friday pushed back against the idea that the monkeypox virus can spread through the air, saying the virus is usually transmitted through direct physical contact with sores or contaminated materials from a patient.

The virus may also be transmitted by respiratory droplets expelled by an infected patient who comes into physical contact with another person, they said. But it cannot linger in the air over long distances.

Experts on airborne transmission of viruses did not disagree, but some said the agency had not fully considered the possibility that respiratory droplets, large or small, could be inhaled at a shorter distance from a patient.

The World Health Organization and several experts have said that while “short-range” airborne transmission of monkeypox appears to be uncommon, it is possible and warrants precautions. Britain also includes monkeypox on its list of “high-consequence infectious diseases” that can spread through the air.

“Airborne transmission may not be the dominant route of transmission nor very efficient, but it could still occur,” said Linsey Marr, an expert on airborne viruses at Virginia Tech.

“I think the W.H.O. has it right, and the C.D.C.’s message is misleading,” she added.

In the United States, the monkeypox outbreak has swelled to 45 cases in 15 states and the District of Columbia, C.D.C. officials said at a news conference. The global tally has risen swiftly since May 13, when the first case was reported, to more than 1,450. At least 1,500 cases are still under investigation.","['dismisses', 'disagree', 'cdc', 'transmission', 'monkeypox', 'airborne', 'experts', 'virus', 'air', 'access', 'viruses', 'verify', 'transmitted', 'times', 'states', 'spread', 'respiratory', 'physical', 'patientthe', 'patience', 'officials', 'log', 'linger', 'droplets', 'contact', 'cases', 'article', 'agency', 'world', 'warrants', 'virginia', 'view', 'united', 'uncommon', 'timesthank']",0,0,0.6,0,0.8,0,0.8
5,2332770850,2022-06-08 19:12:44,Orange County Register,Second presumed case of monkeypox reported in LA County,https://www.ocregister.com/2022/06/08/second-presumed-case-of-monkeypox-reported-in-la-county/,"The newest patient was described only as an adult who had recently traveled, although further details were not released.

A second presumed case of monkeypox has been identified in Los Angeles County, health officials said on Wednesday, June 8, stressing that the risk of infection in the general population remains low.

The newest patient was described only as an adult who had recently traveled, although further details were not released. The person is showing symptoms but is “doing well and isolating away from others,” according to the county Department of Public Health.

Health officials said they are continuing to investigate the case and identify people who had contact with the patient.

It is the second presumptive case of monkeypox announced by the county in the past week. Last Thursday, the county revealed it had found its first presumed case, which was later verified by the U.S. Centers for Disease Control and Prevention. That person was an adult who had recently traveled and had “a known close contact to a case,” health officials said.

According to the CDC, there have been eight confirmed monkeypox cases in California, and 40 nationally, as of Wednesday.

County health officials insisted that “the risk of monkeypox in the general population remains very low.”

The infection can cause lesser symptoms such as fever and body aches before developing into a rash that spreads across the body.

Since monkeypox cases are usually more common in African nations, its appearance in the United States and more than a dozen other countries has generated headlines, particularly among a populace weary of the COVID-19 pandemic. But health officials insist COVID is far more infectious than monkeypox.

Public Health Director Barbara Ferrer said last week that spread of the illness “requires close contact with an infected person or with belongings that the infected person has used.”

“Am I worried we’re going to have a massive outbreak of monkeypox? No,” she said.

Health officials said the infection spreads through contact with bodily fluids, monkeypox sores or shared items such as bedding or clothing that were contaminated with fluids. It can also be transmitted through saliva and sexual contact.

Most people who develop monkeypox have only mild illness that goes away within two to four weeks without treatment.

People with symptoms are urged to visit a medical provider, cover the rash area with clothing, wear a mask and avoid close or skin-to-skin contact with others.

The CDC particularly recommends those steps for people who recently traveled to an area where monkeypox cases have been reported, or who have had contact with a confirmed or suspected monkeypox cases. A full list of countries that have confirmed monkeypox cases is available at https://wwwnc.cdc.gov/travel/notices/alert/monkeypox.","['reported', 'la', 'monkeypox', 'case', 'county', 'presumed', 'officials', 'contact', 'health', 'cases', 'traveled', 'recently', 'person', 'symptoms', 'infection', 'confirmed', 'close', 'adult', 'week', 'spreads', 'risk', 'remains', 'rash', 'population', 'patient', 'newest', 'lowthe', 'infected', 'illness', 'general', 'fluids', 'details', 'countries', 'clothing', 'cdc']",0,0,0,0,0.8,0,0
6,2430814160,2022-09-09 08:00:00,Orlando Sentinel,"Monkeypox cases are rising, and so are reactions to the vaccine",https://www.orlandosentinel.com/health/fl-ne-monkeypox-cases-vaccine-reactions-rising-20220909-oumdc3qzyvcezit7rg7dtueifa-story.html#ed=rss_www.orlandosentinel.com/arcio/rss/category/health/,"A growing number of South Floridians are reporting a painful red lump the size of an egg at their Jynneos vaccine injection site.

The side effect of the monkeypox shot, which for some is lasting up to two weeks, comes as the federal government tries to stretch the limited supply of the vaccine by giving smaller doses using a different method of injection. Instead of giving a full dose of the vaccine plunged into the arm tissue, the new method injects a fifth of the original dose between layers of skin.

“The inflammation is incredibly itchy but tolerable. The area is raised and firm to the touch,” one social media user wrote, displaying his red lump.

“It was the size of half a golf ball earlier today about 24 hours after my second shot,” wrote another.

Dr. Stephen Fallon at Latino Salud, which operates four clinics in South Florida, said some gay and Latino community members have been hearing about “bad side effects” and are now scared to get their second shot or even to begin vaccination.

Jynneous is given as a two-shot series 28 days apart. Those locally who got their shots earlier in the summer received their first dose using the original method into their arm muscle. But as of last month, the U.S. Food and Drug Administration authorized the intradermal method as part of a dose-stretching strategy.

“Some of our patients are seeing an angry red rash, and if they also have fever or fatigue they are blaming the shot,” Fallon said. “I’m not sure if there’s a higher incidence of a reaction now, but there’s a perception of a higher incidence.”

Healthcare providers say they are reassuring Jynneos recipients that this common reaction is expected with the change in how the vaccine is administered.

“The skin is more sensitive to injections than the muscle, so there is more of a chance of getting a reaction,” said Dr. Margaret Gorensek, an infectious disease specialist at Holy Cross Hospital in Fort Lauderdale. “Your body’s immune system is making a response. It’s worth the protection you will get.”

Nurses giving out the shots are recommending patients take Tylenol or Motrin to ease inflammation, and they suggest avoiding any medication directly on the injection site.

Kristofer Fegenbush of Wilton Manors received his second monkeypox vaccine on Wednesday and had been warned about the redness and swelling that followed. “It’s not debilitating; I am avoiding touching it,” he said Thursday.

According to the FDA packaging insert for Jynneos, the side effects related to the vaccine include pain, redness and swelling at the injection site, muscle pain, headache, fatigue, nausea, and chills.

The original Jynneos vaccine studies in 2015 reported some degree of local swelling in over half of the people who received the vaccine. “About 20% did not show up for the second shot because they had a big reaction to the first,” said Dr. Scott Burstin, interim national director of infectious disease for the Aids Healthcare Foundation. “This is being done on an emergency basis and the calculations were done by smart people who determined that giving vaccine outweighs any pain in the arm.”

Reynier Tapanex, a nurse practitioner with Latino Salud in Miami, said he has had a few patients with swelling that resembled cellulitis, along with pain so severe they couldn’t move their arms. Still, he said, “For almost everyone, by the third day the redness is coming down.”

Monkeypox mainly spreads through close physical contact, including sexual contact, and has been circulating mostly in the men-who-have-sex-with-men community. People with monkeypox often experience flu-like symptoms and get rashes or lesions, including near their genitals. They are supposed to isolate until the lesions are gone, which could take up to four weeks.

Michael Nicotera was among the first in Broward County to get the Jynneos vaccine in June. Nicotera said he received both shots using the original method and had no reaction. Regardless, he said the reactions now being reported wouldn’t scare him: “I would rather have cellulitis on the arm than monkeypox on my thing.”

Nicotera said the red rash from the shot has become a badge of honor of sorts in the gay community. “Some guy who was helping me with something the other day pointed to the welt on his arm and said “Yeah, monkeypox.”

As of Thursday, Florida is reporting 2,158 confirmed or probable cases of monkeypox, an increase of more than 300 cases in the last two weeks. However, the rapid rate of rise seen during the summer appears to have slowed.

“The numbers are starting to plateau and go down,” Gorensek at Holy Cross Hospital said. “We are not as many new cases as we did a few weeks ago. I think it’s both the vaccine and awareness.”

Dr. Zachary Henry at Medical Director of the AHF Healthcare Center in Fort Lauderdale said the initial demand for the Jynneos vaccine demand is declining, too. His clinic is holding a mass vaccination event this weekend in hopes of giving out more shots. He encourages patients to look past the reactions and get vaccinated: “If your arm is red and swollen, that means your immune system is working for you.”

Sun Sentinel health reporter Cindy Goodman can be reached at cgoodman@sunsentinel.com.","['rising', 'vaccine', 'monkeypox', 'cases', 'reactions', 'shot', 'jynneos', 'red', 'reaction', 'method', 'giving', 'arm', 'swelling', 'shots', 'received', 'patients', 'pain', 'original', 'injection', 'weeks', 'redness', 'muscle', 'latino', 'dose', 'community', 'wrote', 'system', 'summer', 'south', 'size', 'salud', 'reporting', 'reported', 'rash', 'nicotera']",0.8,0,0,0.45,0.5,0,0
7,2334734697,2022-06-10 18:05:31,UPI,"Monkeypox symptoms can mimic STDs, be misdiagnosed, CDC says",https://www.upi.com/Top_News/US/2022/06/10/CDC-monkeypox-STDs/9861654893283/,"June 10 (UPI) -- Monkeypox symptoms can often be mistaken for symptoms of some STDs, making the virus difficult to detect, the Centers for Disease Control and Prevention warned Friday.

CDC Director Rochelle Walensky said additionally, recent cases of monkeypox haven't displayed the virus' typical symptoms. The virus usually presents with flu-like symptoms, including fever, body aches and swollen glands, before the patient breaks out in a rash, often in the genital area.



Recent cases haven't included the preceding flu-like symptoms, Walensky told reporters during a telebriefing.

""We have seen presentations of monkeypox that are mild and sometimes only limited areas of the body, which differs from the classic presentation seen in endemic countries in Western Central Africa,"" she said.

""This has prompted concern that some cases may go unrecognized or undiagnosed.""

Symptoms may mimic those seen in patients with syphilis, herpes, gonorrhea or chlamydia, she added. She warned that people recently diagnosed with these STDs may in fact also have monkeypox.

""Healthcare providers should not rule out monkeypox just because a patient has another diagnosis or another"" sexually transmitted infection, Walensky said.

The CDC said the United States has confirmed 45 cases of monkeypox, double what was reported as of last week. There have been more than 1,300 cases worldwide.



The virus doesn't usually spread beyond West and Central Africa, prompting the World Health Organization to warn Thursday that monkeypox could spread to non-endemic countries.

""The risk of monkeypox becoming established in non-endemic countries is real,"" WHO Director-General Tedros Adhanom Ghebreyesus said at a news conference. ""WHO is particularly concerned about the risks of this virus for vulnerable groups including children and pregnant women.""","['misdiagnosed', 'mimic', 'cdc', 'monkeypox', 'symptoms', 'stds', 'virus', 'cases', 'walensky', 'warned', 'spread', 'patient', 'nonendemic', 'including', 'havent', 'flulike', 'countries', 'central', 'body', 'africa', 'worldwideadvertisementthe', 'world', 'women', 'western', 'west', 'week', 'warn', 'vulnerable', 'upi', 'unrecognized', 'united', 'undiagnosedsymptoms', 'typical', 'transmitted', 'told']",0.8,0,0,0,0,0,0.3
8,2389592707,2022-08-09 15:59:38,CNBC,FDA expands monkeypox vaccine authorization to increase dose supply five-fold,https://www.cnbc.com/2022/08/09/fda-expands-monkeypox-vaccine-authorization-to-increase-dose-supply-five-fold.html,"Published Tue, Aug 9 2022 3:47 PM EDTUpdated Tue, Aug 9 2022 6:58 PM EDT

Key Points

The FDA will allow health-care providers to administer the shots through intradermal injection, or between the layers of the skin, for adults.

This will increase the supply of monkeypox shots by as much as fivefold, according to the FDA.

The emergency authorization also allows people under age 18 to receive the vaccine if they are at high risk of monkeypox infection.

People under age 18 would receive the shot through subcutaneous injection, or beneath the skin.

Jill Connelly | Bloomberg | Getty Images

The Food and Drug Administration on Tuesday expanded its authorization for the monkeypox vaccine in a way that would significantly boost the limited supply of shots.

The FDA is also now allowing children to receive the vaccine if they are at high risk of monkeypox infection. Dr. Peter Marks, head of the FDA's vaccine division, said there has been an increase in possible exposures among children over the past week.

Health-care providers can now administer the shots to adults through intradermal injection, or between the layers of the skin. This will increase the supply of doses by as much as fivefold, according to the FDA. The vaccine is traditionally administered through subcutaneous injection, which goes into the fat layer beneath the skin.

The intradermal injections for adults use a lower volume dosage that will allow 400,000 vials in the strategic national stockpile to provide up to 2 million shots, according to Robert Fenton, the White House monkeypox response coordinator.

watch now

Children will receive the vaccine through the typical subcutaneous injection. Marks said there isn't enough data to allow intradermal injections for kids and this method is also difficult to administer to very young children.

Jynneos is the only FDA-approved monkeypox vaccine in the U.S. The shots are administered in two doses 28 days apart. Jynneos is manufactured by Bavarian Nordic, a biotech company based in Denmark.

FDA Commissioner Dr. Robert Califf said there isn't data on how well the vaccine prevents disease because there were no smallpox cases and monkeypox outbreaks have been small in the past. The vaccine was approved by the FDA in 2019 based on immune response data.

Dr. Rochelle Walensky, director of the Centers for Disease Control and Prevention, said the public health agency is launching various studies to collect real-world effectiveness data as the shots roll out across the country.

Demand for the shots has outstripped available supply as the monkeypox outbreak grows. People have struggled to get appointments, which book up quickly, and there have been long lines outside clinics around the country.

The U.S. is fighting the largest monkeypox outbreak in the world with nearly 9,000 cases across 49 states, Washington, D.C., and Puerto Rico, according to the CDC. Health and Human Services Secretary Xavier Becerra declared the outbreak a public health emergency last week.

Monkeypox is rarely fatal, and no deaths have been reported in the U.S. so far. But the virus causes lesions that can be very painful. Some patients need hospitalization to manage the pain.

Monkeypox is primarily spreading through skin-to-skin contact during sex, according to public health officials. But people can also catch the virus through close physical contact in general, such as hugging and kissing, as well as through contaminated materials such as towels or bedsheets.

Gay and bisexual men are at the highest risk of infection right now. About 98% of patients who provided demographic information to clinics identified as men who have sex with men, according to the CDC. But monkeypox could begin to spread more in the broader population if the outbreak is not contained.

Children at a day care center in central Illinois may have been exposed to the virus last week after a caretaker at the facility tested positive. Walensky said infections and exposures among children are still relatively rare. Walensky said public health authorities want to make sure the vaccine is available to kids if they are exposed to the virus.

HHS has made more than 1 million doses available to state and local health departments since May. More than 620,000 doses have been shipped to jurisdictions so far, according to HHS.","['expands', 'dose', 'authorization', 'vaccine', 'monkeypox', 'shots', 'supply', 'fda', 'increase', 'children', 'health', 'injection', 'receive', 'public', 'outbreak', 'intradermal', 'doses', 'walensky', 'virus', 'subcutaneous', 'risk', 'men', 'data', 'administer', 'skin', 'sex', 'robert', 'response', 'providers', 'patients', 'past', 'million', 'marks', 'layers', 'kids']",0,0,0,0,0.6,0,0
9,2347003135,2022-06-23 20:09:10,foxbusiness.com,Florida meningococcal outbreak among gay and bisexual men is one of worst in US history: CDC,https://www.foxnews.com/health/florida-meningococcal-outbreak-gay-bisexual-men-one-of-worst-us-history-cdc,"The Centers for Disease Control and Prevention (CDC) is investigating one of the worst meningococcal outbreaks among gay and bisexual men in U.S. history, according to a recent press release.

""Getting vaccinated against meningococcal disease is the best way to prevent this serious illness, which can quickly become deadly,"" said Dr. José R. Romero, director of the National Center for Immunization and Respiratory Diseases.

""Because of the outbreak in Florida, and the number of Pride events being held across the state in coming weeks, it’s important that gay and bisexual men who live in Florida get vaccinated, and those traveling to Florida talk to their healthcare provider about getting a MenACWY vaccine.""

The agency has reported at least 24 cases and 6 deaths among gay and bisexual men related to this disease, with approximately half of the outbreak cases among Hispanic men.

CDC PANEL RECOMMENDS SENIORS GET NEWER FLU VACCINES

The cases related to the current outbreak are most among those who live in Florida but also affected some who traveled to the state.

The CDC recommends the MenACWY vaccine, which protects against meningococcal disease caused by four strains of the meningococcal bacteria – A, C, W and Y.

The agency noted all HIV patients should be routinely immunized with the MenACWY vaccine.

The outbreak is caused by serotype C, but there are six serotypes that cause the disease worldwide, although mainly serotypes B, C and Y cause most of meningococcal cases in the United States.

WHO MEETING ON MONKEYPOX, POSSIBLE GLOBAL HEALTH EMERGENCY

The CDC is also monitoring a monkeypox outbreak in countries that normally don’t report the disease, with early data showing high numbers among gay, bisexual, and other men who have sex with men.

As of June 23, 173 monkeypox/orthopoxvirus cases have been reported in the United States, including approximately 16 Florida cases, per the CDC website.

Meningococcal disease is caused by a bacteria called Neisseria meningitidis.

Approximately 10% of people are colonized with the bacteria in the back of their nose and throat, which means they are ""carriers"" who harbor the bacteria in their body without being sick.

It is spread by close contact usually through coughing, kissing or prolonged contact.

It is not as contagious as cold or flu germs, so people don’t get infected with the bacteria through ""casual contact"" or breathing the air where someone with active meningococcal disease has been.

But when the bacteria invades the body, it can cause two main illness: septicemia, where the bacteria invades the bloodstream and causes organ damage; and meningitis, which is an inflammation of the protective membranes (known as the meninges) that cover the brain and spinal cord.

Typical symptoms of meningitis may start as flu-like symptoms that rapidly progress into a fever, headache and a stiff neck as the bacteria infect the protective lining of the brain and spinal cord.

Meningococcal septicemia, also known as meningococcemia, causes bleeding into the skin and other organs as the bacteria multiply and destroy the walls of blood vessels, which often leads to a dusky, purple rash in the later stages of the disease.

Septicemia symptoms also include fatigue, vomiting, diarrhea, cold extremities, rapid breathing and severe aches in the muscles, joints, chest or belly.



""People can find a meningococcal vaccine by contacting their doctor’s office, pharmacy, community health center, or local health department. Insurance providers should pay for meningococcal vaccination for those whom it is recommended for during an outbreak. In Florida, anyone can get a MenACWY vaccine at no cost at any county health department during the outbreak,"" the CDC said.","['worst', 'history', 'meningococcal', 'outbreak', 'florida', 'cdc', 'men', 'gay', 'bisexual', 'bacteria', 'disease', 'cases', 'menacwy', 'health', 'vaccine', 'symptoms', 'caused', 'vaccinethe', 'vaccinated', 'united', 'spinal', 'serotypes', 'septicemia', 'reported', 'related', 'recommends', 'protective', 'monkeypox', 'meningitis', 'live', 'invades', 'illness', 'flu', 'dont', 'department']",0,0,0,0,0,0,0.05
10,2313884843,2022-05-19 14:30:00,nj.com,Monkeypox virus: The symptoms you need to know and what to do if you have it,https://www.nj.com/healthfit/2022/05/monkeypox-virus-the-symptoms-you-need-to-know-and-what-to-do-if-you-have-it.html,"U.S. health officials are investigating the first case of monkeypox in the country for 2022 in Massachusetts.

The patient recently traveled to Canada and is currently hospitalized in an isolation unit at Massachusetts General Hospital, where he is in stable condition, according to the Massachusetts Department of Public Health.

“This patient, fortunately, is doing quite well now, although did have symptoms that require the hospitalization,” Dr. Erica Shenoy told reporters.

While health officials say there is no need to worry about this case posing a risk to the public, here is a guide to the symptoms and what to do if you have it.

What is monkeypox? When was it first discovered?

According to the CDC, researchers first discovered monkeypox in 1958 when a “pox-like” outbreak appeared on monkeys being kept for research, which is how the disease “monkeypox” got its name.

But it was not until 1970 when the first human case of monkeypox surfaced in the Democratic Republic of Congo.

Since then, monkeypox has surfaced in humans who have lived in or traveled to central and western African countries.

Monkeypox does not naturally occur in the U.S. Cases are very rare, and almost all cases followed international travel or importing animals from areas where monkeypox is more common, according to the CDC.

What are the symptoms of monkeypox in humans?

The symptoms of monkeypox are like a milder version of smallpox, except monkeypox causes swollen lymph nodes while smallpox does not.

According to the CDC, monkeypox starts out with the following symptoms:

Fever

Headache

Muscle aches

Backache

Swollen lymph nodes

Chills

Exhaustion

One to three days within the onset of symptoms, such as a fever, patients then begin to develop a rash on the face before spreading elsewhere on the body.

The illness usually lasts for two to four weeks before it runs its course through the body. However, in some areas of the world, like Africa, the disease can be fatal.

The CDC states that 1 in 10 people in Africa who catch monkeypox die from it.

Is monkeypox contagious? How is it transmitted?

Monkeypox is mostly transmitted when someone comes into contact with an animal, another human or materials contaminated with the virus, according to the CDC.

The virus can enter the body through broken skin, respiratory tract, eyes, nose or mouth.

The CDC said this most recent outbreak of monkeypox began over the past two weeks in countries that do not normally report monkeypox, such as Portugal, the United Kingdom and Spain.

“It’s not clear how people in those clusters were exposed to monkeypox, but cases include individuals who self-identify as men who have sex with men,” the CDC said in a press release.

What should you do if you have symptoms of monkeypox?

If you develop symptoms in line with monkeypox or were exposed to someone with the disease, it is best to contact your doctor.

According to the Cleveland Clinic, people should contact their doctor if they develop lesions or unusual rashes or lymph node swelling.","['contagious', 'monkeypox', 'symptoms', 'virus', 'outbreak', 'cdc', 'lymph', 'disease', 'develop', 'contact', 'cases', 'case', 'weeks', 'traveled', 'surfaced', 'smallpox', 'public', 'patient', 'officials', 'men', 'massachusetts', 'human', 'health', 'exposed', 'body', 'areas', 'africa', 'worry', 'world', 'western', 'version', 'unusual', 'united', 'unit', 'travel']",0,0,0,0,0,0,0
11,2433224059,2022-09-28 08:50:40,CNN,"First on CNN: Unvaccinated individuals 14 times more likely to get monkeypox than vaccinated, new US data shows",https://www.cnn.com/2022/09/28/politics/white-house-monkeypox-vaccine/index.html,"Eligible individuals who did not receive the monkeypox vaccine were around 14 times likelier to become infected with the virus than those who were vaccinated, according to federal government data posted by the US Centers for Disease Control and Prevention.

That figure reflects the first wave of authoritative data collected by the Biden administration on the efficacy of the monkeypox vaccine that is currently being administered across the United States. The data marks an important milestone in the administration’s fight against monkeypox, particularly given the unprecedented nature of this year’s outbreak.

“There have been limited data on how well the Jynneos vaccine performs against monkeypox in real-world conditions,” CDC Director Dr. Rochelle Walensky said. “These new data provide us with a level of optimism that the vaccine is working as intended.”

Multiple health officials said that the vaccines data has the administration feeling increasingly optimistic about the efficacy of the two-dose Jynneos monkeypox vaccine – and the possibility of ultimately eliminating the current outbreak in the US altogether.

“We are cautiously optimistic about the study and think if we continue to get vaccines out to those that are at highest risk for disease, and if we continue to promote the behavioral changes that we know work, that the combination of those two will allow us to continue to see decreases in cases and hopefully eliminate the current monkeypox outbreak in the United States,” one senior health official told CNN.

The official cautioned that there are some important caveats to the findings. For example, the latest study can’t say how much changes in human behavior might be a factor for the vaccinated individuals, they said.

“What it doesn’t let us do is fully disentangle pieces of this that may be behavioral change pieces that may be related to sexual networks or to who people are coming into contact with,” the official said. “We know that at the start of the monkeypox outbreak, a lot of gay and bisexual men changed their behaviors.”

There are also outstanding questions about durability of the vaccine and how long the protection would last. US health officials have seen protection from monkeypox for those vaccinated with Jynneos as early as two weeks after the first dose, but are continuing to push for anyone eligible to get both doses of the vaccine regimen for maximum protection.

“We know this is a two-dose vaccine and we’re continuing to encourage people to get the second dose because all of the prior studies have shown that when you get that second dose, you have a more profound immune response,” the official said.

Bob Fenton, the White House monkeypox response coordinator, said that so far more than 800,000 doses of monkeypox vaccines have been given.

The CDC estimates 1.7 million gay and bisexual men in the US are at highest risk for catching monkeypox.

Recent case trends suggest the monkeypox outbreak is slowing in the United States. According to data collected by the CDC, average daily new monkeypox cases have been coming down in the United States since mid-August, a sign that the vaccination campaign is working.

As of September 27, there have been 25,300 cases of monkeypox diagnosed across all 50 states. The CDC announced Wednesday it is expanding eligibility for the Jynneos monkeypox vaccine to include pre-exposure prophylaxis, or PrEP.

“By expanding eligibility and shifting to a PrEP strategy across the country, we’re looking to ensure those at the highest risk for monkeypox receive the vaccine before exposure and that vaccines continue to be made available equitably to those who need them,” Walensky said.

The Biden administration is encouraging states and counties to leverage money they’ve received for sexually transmitted diseases and mental health to pay for their efforts to fight monkeypox.

The White House had asked Congress to approve $4.5 billion to fund the monkeypox response. But that request, along with a request for more money to fight Covid-19, was stripped from the latest version of a short-term funding bill that Congress hopes to pass this week to avert a government shutdown.","['unvaccinated', 'times', 'shows', 'cnn', '14', 'monkeypox', 'data', 'vaccinated', 'individuals', 'vaccine', 'states', 'vaccines', 'united', 'outbreak', 'jynneos', 'health', 'continue', 'cdc', 'risk', 'response', 'highest', 'fight', 'dose', 'cases', 'administration', 'white', 'walensky', 'twodose', 'study', 'request', 'receive', 'protection', 'pieces', 'optimistic', 'officials']",0.8,0,0,0,0.8,0,0
12,2320604464,2022-05-26 16:49:24,Newsmax,Monkeypox Warning Sent by Gay Dating App in Europe,https://www.newsmax.com/newsfront/lgbtq-monkeypox-outbreak-2022-europe/2022/05/26/id/1071722,"The gay dating app Grindr released a warning to users in Europe amid the monkeypox virus outbreak, which has disproportionately affected the LGBTQ+ community, The Telegraph reported.

According to Breitbart, Grindr is now also preparing a similar message for its users in the United States.

Continental users were directed to the European Centre for Disease Prevention and Control's website on monkeypox, while British users were pointed toward official guidance from the country's Health Security Agency.

U.K. chief medical adviser Dr. Susan Hopkins said that the disease is primarily ""transmitted through close contact, and sex is definitely close contact.""

""We need people who have new sex partners of all sexualities and all genders to be aware. If you find new spots, ulcers, or blisters, come forward for a test,"" Hopkins said. ""Our teams will work with you confidentially to ensure close contacts are aware, and you are monitored carefully.""

Contact tracing efforts from U.K. authorities are now being carried out in the British Isles, with a vaccine for the disease being made available for those who have yet to show symptoms.

The European Centre for Disease Prevention and Control has reported 118 confirmed cases of the virus within the European Union as of Wednesday, with the U.K. reporting 79 total cases.

""The clinical presentation is generally described to be mild, with most cases presenting with lesions on the genitalia or peri-genital area, indicating that transmission likely occurred during close physical contact during sexual activities,"" said the European agency.

""This is the first time that chains of transmission are reported in Europe without known epidemiological links to West or Central Africa,"" the organization continued. ""These are also the first cases worldwide reported among [gay, bisexual, and other men who have sex with men].""","['dating', 'app', 'monkeypox', 'gay', 'europe', 'warning', 'users', 'european', 'disease', 'close', 'sex', 'reported', 'cases', 'virus', 'uk', 'transmission', 'prevention', 'men', 'hopkins', 'grindr', 'contact', 'centre', 'british', 'aware', 'worldwide', 'work', 'west', 'website', 'vaccine', 'united', 'union', 'ulcers', 'transmitted', 'tracing', 'total']",0.95,0,0,0,0.5,0,0
13,2328255819,2022-06-03 16:41:07,Hot Air  ,Monkeypox might now be spreading exponentially,https://hotair.com/allahpundit/2022/06/03/monkeypox-might-now-be-spreading-exponentially-n473849,"Not all exponential growth is equal, of course. In the case of monkeypox, we’re not talking about 10,000 cases turning into 20,000 in a matter of days, a la COVID. We’re talking about 10 cases turning into 20.



Even so, if there’s one thing we’ve learned from two years of pandemic misery, it’s that a small number of infections can turn into a big number quickly if growth continues exponentially.

Virologist Trevor Bedford has been tracking monkeypox cases across various countries and spotted a worrisome trend. It’s possible that scientists have detected more cases recently simply because they’re now on the lookout for them. But the fact that growth is so similar in different places suggests the virus really is spreading in the community. This isn’t an artifact of surveillance, he thinks. It’s evidence of transmission.

We’ve all seen this movie before. The ending isn’t great.

There’s some good news. Per CNN, 643 cases of monkeypox have now been recorded in countries outside Africa. As far as I’m aware, not a single person has died. In the first days of the global outbreak we were told that there were two strains of the virus known in Africa, one with a fatality rate of around one percent and the other with a fatality rate of 10 percent(!). The fact that monkeypox is 0 for 643 outside Africa may mean that the African death rate is due to lack of access to basic health care more so than the innate virulence of the virus. Fortunately, the virus is also less likely to mutate aggressively than, say, COVID was. Because its genome is made of double-stranded DNA rather than single-stranded RNA, like SARS-CoV-2, it doesn’t change as rapidly, CNN points out.



Meanwhile, evidence continues to mount that gay men are the subpopulation most at risk of infection. The number of confirmed cases across the U.S. doubled in the past week to 20, but “[o]f the 17 patients that have provided detailed information to the CDC, 16 self identified as men who have had sex with men.” That matches what scientists in other countries have seen. Monkeypox hasn’t traditionally been an STD — in the past it spread through airborne droplets during sustained close contact — but it turns out that an outbreak in Nigeria five years ago also had a sexual component.

In Nigeria, too, doctors first picked up hints of a new pattern that would be repeated around the world. Many of the patients were men, and many had genital lesions, suggesting transmission via sexual contact. Four years later, many of the cases in Europe and the Americas are also in men and also characterized by genital lesions. “It looks like déjà vu to me,” says Dimie Ogoina, a doctor at Niger Delta University Teaching Hospital, which treated the first and many subsequent cases of monkeypox in Nigeria in 2017. The virus was known to spread through droplets and any kind of physical contact with infectious sores and scabs—but sex, specifically, had never been high on the list of transmission risks. (Past cases were usually linked to contact with wild animals or household contact.) The unusual pattern and unusual size of the Nigeria outbreak should have been a signal that something had changed for monkeypox. But the world ignored it until too late, and a global outbreak is now well under way.



Read that again. The same unusual type of monkeypox that appears to be spreading now in the west was spreading in Africa *five years ago.* “What happened in 2017 in Nigeria was absolutely a warning sign,” said one epidemiologist to The Atlantic. But because westerners tend to overlook outbreaks in Africa (“there’s always something spreading there”) resources weren’t rushed in to try to contain the spread before it broke out continent-wide and ultimately into Europe and the U.S.

Scientists have already confirmed a connection between the “new” monkeypox and the one that’s been spreading in Africa for years. “In [new] research, genetic sequences showed that the first monkeypox cases in 2022 appear to have descended from an outbreak that resulted in cases in Singapore, Israel, Nigeria and the United Kingdom from 2017 to 2019,” CNN reports. But that’s not the only surprise the genetic data contains: Apparently the current global outbreak is actually two separate outbreaks, each driven by their own distinct lineage of the virus. Scientists at the CDC analyzed 10 viral samples from patients in the U.S. and found that three of them differ genetically from the samples being gathered in Europe. All three samples came from people who had traveled abroad to different places too — Nigeria, west Africa, and east Africa/the Middle East.

Experts’ best shot at explaining the two-track outbreak for now is that monkeypox has been out there circulating at low levels for much longer than anyone realized. Which is … reassuring, I guess? If it had years to ignite explosive exponential growth and didn’t, that must mean transmission is difficult. On the other hand, it may now have established enough of a foothold in western populations such that there’s no way to get rid of it. New York City has recorded a mere five cases but health officials there believe that’s sufficiently strong evidence of community spread that it may be “too late to contain.” The nightmare scenario is that it’ll jump from people to native animals, which will then become a “reservoir” for an endemic virus in the wild. That didn’t happen in the 2003 monkeypox outbreak in the U.S. but it has happened with other viruses like West Nile.","['exponentially', 'monkeypox', 'spreading', 'cases', 'outbreak', 'virus', 'nigeria', 'africa', 'men', 'contact', 'spread', 'growth', 'west', 'unusual', 'transmission', 'scientists', 'samples', 'rate', 'patients', 'past', 'number', 'global', 'evidence', 'europe', 'countries', 'cnn', '2017', 'world', 'wild', 'turning', 'talking', 'sexual', 'sex', 'recorded', 'places']",0.8,0,0.8,0.8,0.8,0,0.9
14,2351510727,2022-06-28 22:30:05,pilotonline.com,"US health officials working to get ahead of monkeypox outbreak via testing, vaccines",https://www.pilotonline.com/nation-world/ct-aud-nw-monkeypox-outbreak-20220629-7ay6pwoxznaorpkwujqt5fn2dm-story.html#ed=rss_www.pilotonline.com/arcio/rss/,"Reacting to a surprising and growing monkeypox outbreak, U.S. health officials on Tuesday expanded the group of people recommended to get vaccinated against the monkeypox virus.

They also said they are providing more monkeypox vaccine, working to expand testing, and taking other steps to try to get ahead of the outbreak.

“We will continue to take aggressive action against this virus,” said Dr. Ashish Jha, White House COVID-19 response coordinator, who has also been playing a role in how the government deals with monkeypox.

The administration said it was expanding the pool of people who are advised to get vaccinated to include those who may realize on their own that they could have been infected. That includes men who who have recently had sex with men at parties or in other gatherings in cities where monkeypox cases have been identified.

Most monkeypox patients experience only fever, body aches, chills and fatigue. People with more serious illness may develop a rash and lesions on the face and hands that can spread to other parts of the body.

The disease is endemic in parts of Africa, where people have been infected through bites from rodents or small animals. It does not usually spread easily among people.

Last month, cases began emerging in Europe and the United States. Many — but not all — of those who contracted the virus had traveled internationally. Most were men who have sex with men, but health officials stress that anyone can get monkeypox.

Case counts have continued to grow. As of Tuesday, the U.S. had identified 306 cases in 27 states and the District of Columbia. More than 4,700 cases have been found in more than 40 other countries outside the areas of Africa where the virus is endemic.

There have been no U.S. deaths and officials say the risk to the American public is low. But they are taking steps to assure people that medical measures are in place to deal with the growing problem.

One of the steps was to expand who is recommended to get vaccinated. Vaccines customarily are given to build immunity in people before they are ever infected. But if given within days or even a few weeks of first becoming infected, some vaccines can reduce severity of symptoms.

A two-dose vaccine, Jynneos, is approved for monkeypox in the U.S. The government has many more doses of an older smallpox vaccine — ACAM2000 — that they say could also be used, but that vaccine is considered to have a greater risk of side effects and is not recommended for people who have HIV. So it’s the Jynneos vaccine that officials have been trying to use as a primary weapon against the monkeypox outbreak.

So far, the government has deployed over 9,000 doses of vaccine. U.S. officials on Tuesday said said they are increasing the amount of Jynneos vaccine they are making available, allocating 56,000 doses immediately and about 240,000 more over the coming weeks. They promised more than 1 million more over the coming months.

Officials said limited Jynneos doses will be allocated “using a four-tier distribution strategy that prioritizes jurisdictions with the highest case rates of monkeypox,” and that the number of doses distributed would be based on the number of people at risk for monkeypox and on how many of them can’t get ACAM2000 because of HIV.

That suggests the largest number of doses might go to states like New York, California and Illinois, each of which has reported more than 40 cases. However, officials on Tuesday did not say exactly which jurisdictions would be at the top of the list.

David Harvey, executive director of the National Coalition of STD Directors, was critical of the government’s announcement.

“.We have more questions than ever about how this vaccine will make it to those most at-risk in an equitable way and how the U.S. will ramp up testing and provide access to the best therapeutics,” Harvey said, in a statement.

Another change announced Tuesday: Until now, the Centers for Disease Control and Prevention has advised that vaccines be given after exposure to people whom health officials identify as close personal contacts of cases. But on Tuesday, CDC officials say they are expanding the recommendation to people who were never identified but may realize on their own that they may have been infected.

That can include men who have sex with men who have recently had multiple sex partners in a venue where there was known to be monkeypox or in an area where monkeypox is spreading.

“It’s almost like we’re expanding the definition of who a contact might be,” said the CDC’s Jennifer McQuiston. If people have been to a party or other place where monkeypox has been known to spread “we recommend they come in for a vaccine,” she said.

The CDC’s expansion follows similar steps taken in New York City and the District of Columbia.

The District of Columbia has identified 19 cases, but case-tracking investigations revealed that some of the infected men had been in gatherings where they were hugging, kissing or in other forms of close intimate contact with people they didn’t know, said Anil Mangla of the D.C. health department.

It was clear that “we were missing something here,” and needed to start offering services to others, said Mangla, an epidemiologist.

Last Thursday, New York City’s health department — armed with 1,000 of doses of Jynneos from the federal government — announced it was opening a temporary clinic to offer the vaccine to all gay, bisexual and other men who have sex with men who have had multiple or anonymous sex partners in the previous two weeks.

But all the appointments quickly filled up that day, and the last round of appointments was Monday. “Until we receive more supply we are unable to release additional vaccination appointments,” said Patrick Gallahue, a spokesman for the city’s health department, in an email.

On Monday, the District of Columbia’s health department took a similar step. The department started taking appointments at 1 p.m. Monday but had to stop after 20 minutes, Mangla said.

The department only had 200 doses of Jynneos, and it was clear at the point that it the department didn’t have the vaccine supply or staffing to continue to sign up new people, he said.","['working', 'outbreak', 'ahead', 'monkeypox', 'officials', 'health', 'vaccines', 'testing', 'vaccine', 'men', 'doses', 'cases', 'sex', 'jynneos', 'department', 'infected', 'steps', 'district', 'appointments', 'york', 'virus', 'vaccinated', 'taking', 'states', 'spread', 'risk', 'recommended', 'number', 'mangla', 'identified', 'expanding', 'weeks', 'supply', 'similar', 'saidthe']",0.8,0,0.8,0,0.85,0,0.65
15,2318129164,2022-05-24 07:13:13,Newsmax,"WHO: 131 Monkeypox Cases Confirmed Outside Africa, Remains 'Containable'",https://www.newsmax.com/health/health-news/monkeypox-africa-cases-131/2022/05/24/id/1071204,"The World Health Organization (WHO) said on Tuesday there have been 131 confirmed monkeypox cases and 106 further suspected cases since the first was reported on May 7 outside the countries where it usually spreads.

While the outbreak is unusual, it remains ""containable"" and limited, the WHO said, and it is convening further meetings to support member states with more advice on how to tackle the situation.

Monkeypox is a usually mild viral infection that is endemic in parts of west and central Africa. It spreads chiefly through close contact, and until the recent outbreak has only rarely been seen in other parts of the world. The majority of the recent cases have been reported in Europe.

""We encourage you all to increase the surveillance of monkeypox to see where transmission levels are and understand where it is going,"" said Sylvie Briand, WHO director for Global Infectious Hazard Preparedness.

She said it was unclear if the cases were the ""tip of the iceberg"" or if the peak in transmission has already passed.

Speaking at the World Health Assembly in Geneva, Briand reiterated WHO's view that it is unlikely that the virus has mutated but said that transmission may be being driven by a change in human behavior, particularly as people return to socializing as COVID-19 restrictions are lifted worldwide.

Many, but not all, of the cases have been reported in men who have sex with men, and Briand said it was particularly important to try to prevent sexual transmission.

Symptoms include a fever and a distinctive bumpy rash. The West African strain of monkeypox, which is the one identified in the current outbreak, has a mortality rate of around 1%.

While she said the outbreak was ""not normal,"" she stressed that it was ""containable."" There are also vaccines and treatments available for monkeypox, she added, calling for appropriate containment measures, more research, and global collaboration.

""Let's not make a mountain out of a molehill,"" she said.","['remains', 'confirmed', 'africa', '131', 'cases', 'monkeypox', 'containable', 'outbreak', 'world', 'transmission', 'reported', 'briand', 'west', 'recent', 'parts', 'men', 'health', 'global', 'worldwidemany', 'whos', 'virus', 'viral', 'view', 'vaccines', 'unusual', 'understand', 'unclear', 'treatments', 'transmissionsymptoms', 'tip', 'tackle', 'sylvie', 'suspected', 'surveillance', 'support']",0.8,0,0.7,0,0.8,0,0.8
16,2391690669,2022-08-11 21:36:37,The Boston Globe,Mass. leaders call on Baker to declare a monkeypox emergency,https://www.boston.com/news/health/2022/08/11/mass-leaders-call-on-baker-to-declare-monkeypox-emergency/,"A letter sent to the Governor by members of congress and both senators urged him to take further action.

A group of Massachusetts politicians are calling on Gov. Charlie Baker to declare a public health emergency in response to the state’s monkeypox outbreak. The federal government and a number of other states have already taken this step.

The effort has been led by Representatives Ayanna Pressley and Seth Moulton. In a letter sent to Baker earlier this week, officials wrote that declaring a public health emergency on the state level would open up resources that residents badly need.

“By declaring a public health emergency, you will have greater flexibility and more tools to enact a whole-of-government response. There are more than 26,000 vaccines allotted to the Commonwealth, and it is important that you act quickly to prevent the MPV outbreak from escalating, including augmenting health care staff, expediting testing and vaccinations, and informing people on how to reduce their risk of infection,” the letter reads.

:

In addition to Pressley and Moulton, the letter was signed by Senators Elizabeth Warren and Ed Markey, and Representatives Bill Keating, Stephen Lynch, Jim McGovern, Jake Auchincloss, Lori Trahan, Katherine Clark, and Richard Neal. They are all Democrats.

Monkeypox causes a variety of symptoms, from fever to chills, to fatigue and swollen lymph nodes. Its most distinctive characteristic is a rash and liquid-filled lesions that eventually scab over. Although the virus can cause severe illness for two to four weeks, there have been no deaths recorded in the U.S. connected to the recent outbreak.

The virus can be transmitted multiple ways, but mostly travels through skin-to-skin contact or contact with fabrics that have been contaminated. Prolonged face-to-face contact can also spread the virus.

In the current outbreak, monkeypox has mostly been spread through networks of men who have sex with men, but it can infect anyone and is not considered a sexually transmitted disease.

As of Aug. 11, there are 10,768 total confirmed monkeypox cases in the U.S., according to the CDC. Massachusetts, which recorded the first case in the country back in May, has some of the highest case counts in the country. There have been 202 recorded cases in the state, CDC data shows. On Thursday, state public health officials announced that there were 45 new cases recorded in the past week. Updates are provided weekly.

:

“Current case counts underscore the need to quickly test, vaccinate, and treat high-risk communities, collect, and disclose demographic data, and embark on a multilingual and destigmatizing public education campaign,” the letter reads.

Currently, 14 health care providers throughout Massachusetts are offering vaccinations. The state has also activated mobile providers to expand the vaccination effort. America’s limited supply of the vaccine is distributed by the CDC to states. Massachusetts has received several allocations so far, but more are not expected until after the summer.

The monkeypox vaccine, like many COVID-19 vaccines, is administered in a two-dose series. The state announced that, beginning Aug. 8, officials will prioritize first doses for as many people as possible in an effort to provide the broadest possible protection for residents. Second dose appointments that are already scheduled will be honored, but no new second dose appointments will be scheduled until more doses are made available to the state.

The Baker administration said that “nothing outlined in this letter would provide any additional resources,” in a statement to The Boston Globe. The governor did not clarify whether he would consider declaring a public health emergency.

Executive Vice President of External Relations at Fenway Health Carl Sciortino said that, although the declaration of public health emergencies in New York, California, and Illinois helped push the federal government to follow suit, a move like this in Massachusetts would not provide notable benefits.

:

“I don’t think there is any significant practical benefit to a state declaration,” Sciortino told the Globe.

Dr. Paul Biddinger, medical director for emergency preparedness at Mass General Brigham, said that the type of declaration being asked of Baker would send “an important signal,” but wouldn’t accomplish much else, according to the Globe.","['mass', 'leaders', 'declare', 'monkeypox', 'emergency', 'baker', 'health', 'public', 'state', 'letter', 'massachusetts', 'recorded', 'states', 'provide', 'outbreak', 'officials', 'effort', 'declaring', 'declaration', 'contact', 'cdc', 'cases', 'case', 'week', 'virus', 'vaccines', 'vaccine', 'vaccinations', 'transmitted', 'spread', 'senators', 'sciortino', 'scheduled', 'response', 'resources']",0.85,0,0,0.5,0.8,0,0
17,2440332641,2022-10-06 03:30:25,Washington Post,"Monkeypox cases are down, but concern over intradermal vaccine lingers",https://www.washingtonpost.com/health/2022/10/06/monkeypox-outbreak-scars-vaccine-side-effects/?utm_source=rss&utm_medium=referral&utm_campaign=wp_health,"With many in the gay community clamoring for the monkeypox vaccine this summer, hoping for protection from a virus that causes painful and gruesome lesions, the United States faced a challenge.

“The monkeypox virus has continued to spread at a rate that has made it clear our current vaccine supply will not meet the current demand,” Food and Drug Administration Commissioner Robert M. Califf said at the time.

So in August, the FDA announced that it was issuing an emergency use authorization for the Jynneos monkeypox vaccine to be administered by intradermal injection — delivering the vaccine into the immune cells between the layers of the skin, often in the forearm, rather than a deeper injection into fat or muscle tissue in the shoulder. The method, while used for other vaccinations, had not previously been authorized by the United States for the monkeypox vaccine. It uses a smaller amount of vaccine, meaning one dose could be split among five people.

Monkeypox’s toll: Stories of agony, isolation and government incompetence

Two months later, the outbreak appears to be waning and monkeypox vaccine appointments are more plentiful in many parts of the country than earlier in the summer, when obtaining a shot was like “winning the sweepstakes or getting concert tickets,” one recipient said.



However, the makeshift vaccination plan has not been without its downsides. The intradermal injection can leave a painful, itchy red mark for weeks, potentially worsening the stigma of an outbreak mostly affecting gay men, and it can cause long-term discoloration or scarring. The FDA’s emergency authorization of the intradermal method largely relied on a single study done in 2015, which showed that intradermal and traditional “subcutaneous” injections of the vaccine produced similar immune responses.

All of which has left some people with lingering concerns about stigma, discomfort and efficacy.

How the U.S. is stretching the monkeypox vaccine supply

Cooper Newnam, a 25-year-old Phoenix resident, said he skipped getting the second shot in the two-dose regimen because of concerns about the intradermal injection method. Other gay men he knew who had received their second doses in their forearms were left with a red welt, a visual reminder of the outbreak that changed how they felt at work and “made them feel sort of marginalized,” he said.



“I felt like no one told us, ‘You’re about to have a clear sign of monkeypox on your body, even though you’re being vaccinated.’ Still, to some degree it is a clear sign because the straight communities are not going to have that giant bump on their arm,” Newnam said. “It was further marginalizing.”

Max, a 36-year-old who lives in New York City, said he was worried not about the safety of the intradermal shot, but about whether it would be as effective as his first dose, which was administered via the traditional method.

“I was concerned that maybe what I was receiving — one-fifth of the dose in this different way — was perhaps not as effective as the recommended dose administered to me in my arm the first time,” said Max, who spoke on the condition that his full name not be used because of concerns about professional repercussions and the stigma associated with monkeypox.



The pain was “not horrible,” but enough to wake him in the middle of the night, he said. He found himself wondering: What “did I do to myself to need to get this?”

The intradermal injection method is “a more difficult technique to learn,” said William Schaffner, an infectious-disease specialist at Vanderbilt University Medical Center. “You have to use a smaller needle, and you have to be very deft in learning how to do that, because you don’t want to go through the skin.” Too deep, and the smaller dose won’t be enough to provide a sufficient immune response, he said.

Should I still be worried about monkeypox?

Top federal health officials, including Rochelle Walensky, the director of the Centers for Disease Control and Prevention, wrote in an opinion piece published in the New England Journal of Medicine last week that “despite limited clinical evidence,” data suggested that the intradermal shots would produce an equal immune response “for preventing monkeypox infection and illness.”



The CDC and the FDA are “committed to performing the studies needed to assure that our expectations are borne out,” the article said. In the meantime, people at high risk of infection are recommended to receive both doses, and vaccine manufacturers are urged to test the method to “expand our understanding” of it.

But even the manufacturer of the vaccine used in the United States has expressed concern to the Biden administration about the intradermal method. “We do have some reservations … due to the very limited safety data available,” Bavarian Nordic chief executive Paul Chaplin wrote in a letter sent to top administration officials and obtained by The Washington Post in August. Chaplin said “it would have been prudent” to conduct further studies before switching up the vaccination strategy.

In its response, the FDA told Chaplin that the continued spread of the virus “necessitated that FDA vigorously explore all available vaccine options to provide protection for the population at risk.”

Monkeypox vaccine maker voices concerns on U.S. dose-splitting plan

As the FDA began looking into the intradermal method, it found that it would be an “effective strategy” with “an acceptable safety profile,” a top U.S. health official said in an interview, speaking on the condition of anonymity to speak candidly about the administration’s response to the outbreak.



“It was clear that there were a couple of trade-offs,” the official said, noting the discomfort and duration of the markings at the site of the injection. Despite those drawbacks, “it was really an appealing option for us to actually be able to make vaccine available to all” who were at risk of infection, the official said, noting that the quality of the 2015 study was “really good.”

Schaffner agreed that the study was “very well done” and that there was a long history of other vaccines being administered intradermally. Still, when the FDA announced its emergency authorization, “it was a bit of a surprise to all of us,” he said, though the data of its efficacy was “very reassuring.”

Despite concerns, Schaffner said it was “absolutely” better for the vaccines to be administered intradermally than not administered at all.



Joe Wood, 34, said he still needs to get his second dose but didn’t take issue with the intradermal injection. “I trust what the CDC and FDA are saying,” he said. “Protection would be my top priority, so I’m not at all worried about getting it that way, personally.”

The CDC advises people younger than 18 and those with a history of keloid scarring — thick, raised scars — to receive the vaccine via the “standard regimen.” Concerns about discoloration or scarring are “real — we can’t trivialize it,” Schaffner said.

He wondered whether there could be processes to remove the remnants of the welts, similar to how tattoos are removed, “because it would make a lot of people happier if they don’t walk around with this mark of Cain on their forearm. I regard that as a real issue.”

Joey Uy, 25, received a second dose intradermally on Monday in New York City. “This one is definitely different from the first,” which was administered in the shoulder, said Uy, who has been wearing long sleeves to avoid scratching the injection site and bathing frequently to keep it clean.

“It’s similar to getting a mosquito bite, but three or four times worse,” Uy said. “I try not to think about it.”","['lingers', 'concern', 'cases', 'vaccine', 'intradermal', 'monkeypox', 'injection', 'method', 'fda', 'dose', 'administered', 'concerns', 'response', 'immune', 'clear', 'worried', 'virus', 'uy', 'united', 'study', 'stigma', 'states', 'smaller', 'similar', 'shot', 'schaffner', 'scarring', 'safety', 'protection', 'outbreak', 'intradermally', 'infection', 'gay', 'emergency', 'effective']",0.87,0.8,0,0.8,0.8,0.2,0
18,2384501754,2022-08-03 16:01:06,Raw Story,DeSantis scorns idea of monkeypox emergency; sees other states’ declarations as power plays,https://www.rawstory.com/desantis-scorns-idea-of-monkeypox-emergency-sees-other-states-declarations-as-power-plays/,"Gov. Ron DeSantis lashed out at big blue-state governors who’ve declared emergencies over monkeypox, accusing them and the news media of attempting to stoke fear as a way of controlling people.

The governor was asked about the matter during a news conference he called in Brevard County to announce an opioid treatment initiative.

“Any of these politicians you see out there trying to scare you about this — do not listen to their nonsense,” he said.

Florida Surgeon General Joseph Ladapo speaking about vaccine concerns, along with Gov. Ron DeSantis. October 21, 2021. Credit: Screenshot, Florida Channel

“I am so sick of politicians — and we saw this with COVID — trying to sow fear into the population. We’ve had people calling — mothers worried about whether their kids could catch it at school.

“Anything we deal with from a public health perspective, particularly with Joe at the helm, you know, we are not doing fear. They’re going to do facts. And we are not going to go out and try to rile people up and try to act like people can’t live their lives as they’ve been normally doing, you know, because of something,” DeSantis said.

“Joe” was Joseph Ladapo, Florida’s surgeon general and head of the state Department of Health.

Governors in California, Illinois, and New York have already declared emergencies to ease coordination between agencies and get the outbreak under control.

Cases mounting

As of Tuesday, the U.S. Centers for Disease Control and Prevention (CDC) reported 25,391 monkeypox cases in 83 countries, with 6,326 cases within the United States.

In Florida, the state Department of Health shows a caseload of 525 statewide, including 237 cases in Broward County, 135 in Miami-Dade, 32 in Orange, 30 in Palm Beach, 22 in Pinellas, and 21 in Hillsborough counties.

Gov. Ron DeSantis addresses a news conference in Brevard County on Aug. 3, 2022. Source: Screenshot/Facebook

Brevard County, where DeSantis held the news conference, has one monkeypox case. Brevard is in Central Florida, on the Atlantic side of the peninsula.

The disease is caused by a virus related to smallpox that’s transmitted by skin-to-skin contact or exposure to contaminated clothing, bedclothes, towels, or other materials. It causes fever and a rash that can feature painful pustules. The disease can be lethal.

Agricultural Commissioner Nikki Fried, a Democrat seeking her party’s nomination to oppose DeSantis’ reelection in November, released a letter to him on Tuesday in which she argued an emergency declaration would allow “a strong, statewide emergency response that coordinates and leverages our county health departments [and] will help Floridians access vaccines and other resources to protect themselves and others from the spread of monkeypox.”

DeSantis was having none of it.

“You see some of these states declaring states of emergency. They’re going to abuse those emergency powers to restrict your freedom — I guarantee you, that’s what will happen. We saw it so much with COVID,” he said.

“Who knows what’ll be in the future with whatever? I mean, who knows what they’re cooking up in Wuhan? You just never know, right?” He referred to the place in China where the coronavirus is believed to have emerged.

“So, it ends up coming, ya gotta deal with this rationally,” he continued.

Media bashing

DeSantis argued that fear of COVID deterred people from seeking hospital treatment for potentially deadly ailments like heart disease and stroke, or parents from sending their children to school.

“The fear, it killed people,” DeSantis said.

Ladapo backed up the governor.

“It’s just kind of remarkable to see some of the headlines — the headlines that very clearly are trying to make you afraid of monkeypox or fill-in-the-blank. You know, because if you’re not afraid of this there will be something else after that and something else after that,” he said.

“These people are determined to make you afraid and do whatever it is they want you to do. And, um, you know, I hope that more and more people choose not to do that,” he said.

Ladapo did acknowlege that the official caseload short-shrifts the number of infections, saying, “only heaven knows how many actual cases there have been.” Some “98 percent, maybe 99 percent are in men” with “a handful” in women, he added, but no fatalities have been reported in Florida.

The state has received about 24,000 doses of vaccines and distributed about 8,500, he said.

“That being said, you should know that there’s actually very little data on this vaccine,” Ladapo said. “Believe it or not, there’s actually less data on this than on COVID vaccines at the time they were” released.

His department is working with the federal government to acquire more vaccine and on communicating information about where to get the vaccine if people want it.

Punishing Florida

Toward the end of his remarks, DeSantis brought up what’s become a familiar complaint for him: that the Biden administration uses its power to punish Floridians because of the president’s political differences with the governor.

He harkened back to January of this year, when the federal government restricted distribution of the antiviral drug Regeneron after concluding it was of little use against the then-emerging omicron strain of coronavirus.

He recalled criticism he said he drew for emphasizing treatment ahead of vaccination in defiance of federal guidelines.

“If I say the sky is blue, they’re going to attack me for that, so I get that,” the governor said.

“But it was just such the zeal in which they were trying to say that this was not something that was good. And the clinical data on it was solid,” he insisted.

“They rationed it out of Florida partially because they don’t like me. That’s just the reality of why they did that and why they treated Florida they way they’ve treated [it]. So, do you want your access to medical care to be circumscribed by some political grudge that somebody, you know, up in D.C. many have against one of our states or local communities? That’s not the way to go.”","['sees', 'scorns', 'power', 'plays', 'idea', 'declarations', 'desantis', 'monkeypox', 'emergency', 'states', 'florida', 'fear', 'county', 'vaccine', 'theyre', 'disease', 'covid', 'cases', 'vaccines', 'treatment', 'state', 'ron', 'ladapo', 'health', 'federal', 'department', 'data', 'conference', 'brevard', 'afraid', 'treated', 'theyve', 'surgeon', 'statewide', 'seeking']",0,0,0,0,0,0,0
19,2448166617,2022-10-14 16:17:06,Salon,Monkeypox didn't become a pandemic. Are we celebrating too soon?,https://www.salon.com/2022/10/14/is-monkeypox-over/,"The summer of 2022 might be remembered as a moment when the proverbial canary in the coal mine sang a few false notes. In July the World Health Organization (WHO) declared a global health emergency after more than 16,000 monkeypox infections were confirmed in 75 countries all over the globe. By early the following month, California, Illinois and New York had also declared public health emergencies, and some experts believed a new pandemic had already begun in the United States. On Aug. 4th American officials declared a national public health emergency, prompting millions to fear that they would catch a disease that was notorious for causing pustules to emerge all over your body.

That was only two months ago. As of today, the seven-day average for new monkeypox infections is one-seventh of what it was at its early August peak. Why?

""We caution that a declining outbreak can be the most dangerous outbreak, because it can tempt us to think that the crisis is over and to let down our guard.""

There is not a singular reason for monkeypox's decline, though the vaccines that exist played a starring role. Indeed, the two vaccines that already existed for the virus proved to be effective. Moreover, the virus primarily spreads through close contact, meaning it did not have the easy transmissibility of the SARS-CoV-2 virus (which causes COVID-19).

n addition, because the virus primarily impacted gay and bisexual men with multiple partners, its spread was reduced when individuals in those communities began to take more safety precautions — and a vaccination drive played a huge role. Similarly, as Pride Month celebrations subsided, there were fewer instances of casual sex to facilitate spread of the disease.

Want more health and science stories in your inbox? Subscribe to Salon's weekly newsletter The Vulgar Scientist.

Not all experts agree with the rosier assessments about monkeypox's future. Indeed, some experts are warning that celebrations of a non-pandemic may be premature.

Speaking at a press conference in Geneva on Wednesday, WHO Director-General Dr. Tedros Adhanom Ghebreyesus noted that their organization has recorded more than 70,000 monkeypox cases and 26 deaths. Although cases are declining globally, 21 countries saw an increase the previous week — and 90% of those countries were in North or South America.

""This isn't something that we're going to see go away in a matter of weeks or months, but it's something that if we keep the pedal to the metal, as it were, we should be able to get to a point where we have really potentially good outbreak control...""

""Once again, we caution that a declining outbreak can be the most dangerous outbreak, because it can tempt us to think that the crisis is over and to let down our guard,"" Ghebreyesus explained. ""That's not what WHO is doing. We are continuing to work with countries around the world to increase their testing capacity, and to monitor trends in the outbreak.""

American policymakers are equally cautious about premature declarations of triumph. Demetre Daskalakis, the White House's national monkeypox response deputy coordinator, told reporters in September that this is a ""long game"" situation.

""This isn't something that we're going to see go away in a matter of weeks or months, but it's something that if we keep the pedal to the metal, as it were, we should be able to get to a point where we have really potentially good outbreak control and the ultimate goal being that we do not have endemicity in the U.S. But that means investing,"" Daskalakis explained.

To protect yourself from monkeypox, the Centers for Disease Control and Prevention (CDC) urges people to thoroughly clean their homes, avoid allowing their pets to be in close contact with people who have monkeypox, and only engaging in safe sex. The CDC also urged people to obtain monkeypox vaccinations if they have not already done so. The monkeypox vaccine is also effective in fighting smallpox, which is a similar disease.","['pandemic', 'didnt', 'celebrating', 'monkeypox', 'outbreak', 'health', 'virus', 'countries', 'months', 'experts', 'disease', 'declining', 'declared', 'world', 'weeks', 'vaccines', 'tempt', 'spread', 'sex', 'role', 'public', 'primarily', 'potentially', 'point', 'played', 'pedal', 'organization', 'national', 'month', 'monkeypoxs', 'metal', 'matter', 'isnt', 'infections', 'increase']",0.8,0,0.8,0.7,0.8,0,0.85
20,2332542742,2022-06-07 10:00:00,Politico,U.S. buys more monkeypox vaccines as cases rise,https://www.politico.com/newsletters/politico-pulse/2022/06/07/u-s-buys-more-monkeypox-vaccines-as-cases-rise-00037638,"QUICK FIX

— HHS has bought tens of thousands of doses of the new monkeypox vaccine as U.S. cases are expected to rise.

— Emergent and J&J to call it quits, accusing each other of violating their contracts to produce Covid-19 vaccines.

— Republican-voting counties experienced more Covid-19 deaths, according to a new study.

WELCOME TO TUESDAY PULSE — In some personal news, a rogue pet turtle has taken up residence under my hibiscus, leaving one of your Pulse authors faced with the critical question of how to ensure its survival. It’s pretty fast, and I think it’s mad? Please send your turtle care news and tips to [email protected] and [email protected].

HHS UPS U.S. MONKEYPOX VACCINE SUPPLY — After previously declining to state how many monkeypox vaccines the government had, HHS announced on Monday that it had ordered 36,000 more doses of Jynneos, a relatively new vaccine to fight monkeypox outbreaks, Daniel reports.

The order comes as case counts in the U.S. continue to rise, leading the agency to prepare for more cases and exposures that would increase demand for the shot. As of Saturday, the government had 36,000 doses in its stockpile, HHS said.

The U.S. also owns more than 1 million doses that are held by the maker of the shot, Bavarian Nordic, and more than 16 million additional doses can be finished and filled by government request, the agency said.

Though older smallpox vaccines, which could be used to stop the spread of monkeypox, have been stockpiled in the millions around the world, the newer product from Bavarian Nordic has been in short supply — and high demand, as the newer vaccine comes with fewer risks, global health leaders have said.

The U.S. is one of many countries placing orders for more shots. Germany recently ordered 40,000 doses of the vaccine, and the European Union has also been in talks with manufacturers to increase supplies.

Read our new monkeypox primer here.

EMERGENT, J&J TO CUT TIES … AND NOT IN A NICE WAY — Emergent BioSolutions, a specialty pharmaceutical manufacturing plant, and Johnson & Johnson have each accused one another of violating the terms of their contracts, Katherine reports.

The U.S. government had tasked Emergent with manufacturing millions of Covid-19 vaccines from AstraZeneca and Janssen, the Johnson & Johnson subsidiary.

On Monday, Johnson & Johnson formally told Emergent it would dissolve their manufacturing agreement because of Emergent’s “failure to supply Covid-19 vaccine drug substance,” the company said in a statement. The company had told Emergent on May 31 that it intended to break off the manufacturing agreement.

In turn, Emergent notified Johnson & Johnson of a “material breach” of its contract. By winding down production of its Covid-19 vaccine and confirming it wouldn’t be purchasing the minimum of agreed-upon vaccines, Janssen could owe Emergent between $125 million to $420 million, Emergent said.

It’s not the first problem the companies have run into. In early May, the FDA updated the authorization for Johnson & Johnson’s vaccine, restricting it to adults who are unwilling or unable to receive mRNA vaccines. The agency said the risk of recipients developing thrombosis with thrombocytopenia syndrome, a rare but serious side effect that can cause blood clots and low platelet counts, merited limiting the vaccine’s use in adult populations.

In November 2021, the Biden administration terminated a $628 million contract with Emergent after the company had extensive problems scaling up vaccine production. A congressional investigation recently found that the company had to discard hundreds of millions of contaminated or low-quality doses of both Johnson & Johnson and AstraZeneca Covid-19 vaccines.

GOP COUNTIES’ HIGHER COVID DEATH RATE — Counties that voted largely Republican in the 2020 elections saw significantly higher rates of Covid-19 deaths than counties that voted Democrat, a study published on Monday in Health Affairs found.

The study, led by researchers at the University of Maryland, found that Republican counties saw an average of nearly 73 more deaths per 100,000 residents than in Democratic counties.

The researchers said their findings suggested that voting trends in the last presidential elections “may act as a proxy” to how individuals complied — or didn’t comply — with mitigation measures such as mask mandates and vaccine uptake.

Neil Jay Sehgal, assistant professor of health policy and management in UMD’s School of Public Health, noted, however, that vaccine uptake accounted for only 10 percent of the mortality difference, indicating that other measures are still needed as cases continue to rise and the CDC forecasts deaths will increase in coming weeks.

“The vaccine-only approach to public health isn’t doing enough to combat the continued toll we are paying,” Sehgal said in a UVM press release.

Coronavirus

BUTTIGIEG TESTS POSITIVE FOR COVID-19 — Department of Transportation Secretary Pete Buttigieg said on Monday he had tested positive for Covid-19, POLITICO’s Tanya Synder reports.

The DOT head had been traveling around the country touting the administration’s infrastructure plans.

“I have tested positive for COVID-19 and am experiencing mild symptoms,” he tweeted. “I plan to work remotely while isolating according to CDC guidelines, and look forward to when I can safely return to the office and the road.”

At the Agencies

MAYORS BACK CMS’ ACO REACH MODEL — The U.S. Conference of Mayors voted on Monday in favor of a resolution to support the Centers for Medicare and Medicaid Services’ Accountable Care Organization REACH initiative, citing the program’s potential to help increase primary care availability in historically underserved neighborhoods.

The ACO Realizing Equity, Access, and Community Health model is designed to improve health equity by requiring several updates to CMS’ Global and Professional Direct Contracting Model. The new program requires ACOs applying for the program to demonstrate their experience working with underserved organizations, submit health equity plans and collect demographic data, among other measures.

In Congress

REGENERATIVE MEDICINE HITS THE HILL — Members of the Alliance for Regenerative Medicine are meeting with lawmakers on Capitol Hill today and Wednesday to push for the reauthorization of the Prescription Drug User Fee Act.

They will also advocate for policymakers to pass Medicaid VBPs for Patients Act, which the group says “will enable innovative payment models to improve access to advanced therapies.”

Names in the News

Alexandra LaManna, the senior spokesperson at the Treasury Department, is joining the White House as an assistant press secretary. She’ll focus on reproductive rights and portions of the economic portfolio, including technology and crypto regulations.

Kirsten Beronio is now senior adviser on mental health and substance use disorder issues for the Center for Medicaid and CHIP Services at CMS. She previously was director of policy and regulatory affairs for the National Association for Behavioral Healthcare.

Benjamin Teicher is now associate director of media relations for the American Hospital Association. He was previously media relations manager at West Health.

The Rare Disease Company Coalition has brought on Amanda Malakoff as its next executive director. She was most recently senior director of member relations for the National Association of Manufacturers.","['buys', 'vaccines', 'monkeypox', 'rise', 'cases', 'vaccine', 'johnson', 'covid19', 'health', 'emergent', 'doses', 'million', 'counties', 'company', 'politico', 'medicaid', 'manufacturing', 'increase', 'director', 'deaths', 'voted', 'supply', 'senior', 'reportsthe', 'relations', 'recently', 'pulse', 'previously', 'positive', 'model', 'millions', 'hhs', 'equity', 'daniel', 'cms']",0,0,0,0,0.25,0,0
21,2314763503,2022-05-20 10:10:31,CNET,What You Should Know About Monkeypox     - CNET,https://www.cnet.com/health/medical/what-you-should-know-about-monkeypox/#ftag=CAD590a51e,"Mpox, formally known as monkeypox, has faded to the point that US health officials no longer consider it a public health emergency. Cases have dwindled significantly since the peak of the outbreak last summer, with only a handful being reported daily in January and February, according to data from the US Centers for Disease Control and Prevention.

Health experts have credited the uptake of Jynneos, the mpox vaccine, as well as a shift in sexual health behavior among people most affected by mpox -- gay men and others in the men who have sex with men, or MSM, community -- for keeping the global outbreak from spreading more widely in the US. Another element is the fact that mpox is more difficult to spread, compared with respiratory illnesses for example, because it requires close contact with someone with mpox.

Still, even as cases of mpox remain controlled in wealthier countries like the US and the UK, the virus is still spreading in African countries, which have less access to treatments and vaccines. Prior to the global outbreak of 2022, mpox was primarily concentrated in African countries. And as the science journal Nature reports, global complacency in regard to areas of the world still experiencing the brunt of the virus could allow mpox to spread widely again -- perhaps in the form of a more deadly subvariant.

Major cities in the US that were hit harder by the outbreak last summer, including San Francisco and New York, still offer vaccinations for people who want one and are at higher risk of getting the disease. And other therapeutics, as well as best practices for avoiding transmitting mpox to your close contacts, remain the same this year.

Here's what to know.

What is mpox?

Mpox, which is now formally referred to as mpox after the World Health Organization renamed the virus in November, is a disease caused by an orthopoxvirus that belongs to the same family as the viruses that cause smallpox and cowpox. It's endemic in West and Central Africa, and reports of it in the US prior to 2022 have been rare but not unheard of. (There were two reported cases in 2021 and 47 cases in 2003 during an outbreak linked to pet prairie dogs.) Mpox is a zoonotic disease, which means it's transmitted from animals to humans.

Of the two types of the virus -- Clade I and Clade II -- Clade II is the outbreak strain in the US, according to the CDC, and it's typically less severe than Clade I. Of more than 30,000 cases of mpox, CDC data shows, 28 deaths occurred in the US during the outbreak.

The 2022 pox outbreak was thought to be linked to a case detected by a Nigerian infectious disease doctor in 2017, according to an NPR report. Dr. Dimie Ogoina identified a case with characteristics that more closely resemble mpox now, with cases spreading between men with a link to sexual contact. His and his teammates' warnings to the broader medical community may have fallen on deaf ears as the outbreak spread beyond Nigeria, according to the report.

In August, mpox was declared a public health emergency in the US, with the declaration meant to open up more funding and resources needed to respond to the outbreak, including vaccines, testing and treatments. The government's response to the crisis was criticized earlier in the outbreak, in part over inadequate vaccine access and testing resources. However, citing very low case numbers and a promise to not ""take our foot off the gas,"" Department of Health and Human Services Secretary Xavier Becerra announced in December that health officials weren't planning on renewing the emergency past January.

How is it spread?

Mpox mostly spreads between people through very close contact, according to the CDC, which includes skin-to-skin contact through sex or prolonged kissing. You usually need direct contact with an mpox rash or scabs, or contact with someone's saliva or mucus that has the virus in order for it to spread. The risk of getting it from a contaminated surface or object is currently ""considered low,"" the CDC says.

However, as of February 2023, the CDC says new data shows some people are able to spread the virus between one and four days before symptoms appear, so you should take precautions if you were a close contact of someone with mpox.

Cases in the US and other countries that don't normally experience the virus have primarily been linked to sexual contact among gay men and other MSM, but anyone with close contact with someone with the virus can get it. Gay and bisexual communities tend to have particularly ""high awareness and rapid health-seeking behavior when it comes to their and their communities' sexual health,"" Dr. Hans Henri P. Kluge, the WHO's regional director for Europe, said in a statement at the end of May, noting that people who sought health care early in the outbreak should be applauded.

The ""close"" in ""close contact"" is a key element in the transmission of mpox. That, along with the fact that the virus that causes mpox appears to have a slower reproduction rate than the COVID-19 virus, sets it apart from the ongoing COVID-19 pandemic, Dr. Tom Inglesby, director of the Center for Health Security at the Johns Hopkins Bloomberg School of Public Health, said in June at a media briefing.

Is there an mpox test? What about treatment?

The test involves taking a swab from a lesion or sore to test for the virus that causes mpox. For people who first develop flulike symptoms before lesions or sores appear, that may mean waiting for lesions or ""pox"" to appear. If you have symptoms, get tested and isolate at home.

Antiviral medication like tecovirimat, or TPOXX, can be used in people who are at risk of getting severely sick from mpox, according to the CDC, including some people with HIV or eczema. While it's originally meant for treating smallpox, it's been used in mpox cases because the viruses are similar. If you have a health condition that makes you immunocompromised, you should reach out to your health care provider for therapeutic options and more guidance, especially if you haven't had an mpox vaccine (which can also be given post-exposure).

What are the symptoms of mpox?

Symptoms of mpox in humans are similar to (but usually significantly milder than) those of smallpox, which the WHO declared eliminated in 1980.

An mpox infection can begin with flu-like symptoms -- including exhaustion, headache, fever, muscle aches, chills, respiratory symptoms and swollen lymph nodes -- followed by a rash, but some people will only develop the rash, according to the CDC. The mpox rash or individual sores can look like pimples or blisters and can be found pretty much anywhere on the body, including the hands, genitals, face, chest and inside the mouth or anus. Lesions can be flat or raised, full of clear or yellowish fluid and will eventually dry up and fall off. For some people, they can be very painful.

You can spread mpox until the sores heal and a new layer of skin forms, according to the CDC. People will most likely develop symptoms within three weeks of being exposed, per the CDC.

Read more: Mpox Symptoms to Look Out For

Is there an mpox vaccine?

Yes. The US Food and Drug Administration has approved Jynneos to prevent smallpox and mpox. Because mpox is so closely related to smallpox, vaccines for smallpox are also effective against mpox. In addition to Jynneos, the US has another smallpox vaccine in its stockpile, called ACAM2000. Because ACAM2000 is an older generation of vaccine with a different side effect profile, it isn't recommended for everyone, including people who are pregnant.

Jynneos is the vaccine currently available to people who are at higher risk of getting mpox, or may have already been exposed to it. During the outbreak, the FDA authorized a new way of giving people Jynneos meant to stretch out the limited supply through intradermal vaccination, which requires a lower dose of vaccine compared with subcutaneous injection.

People at higher risk of being exposed to mpox can get the vaccine, though eligibility and availability ultimately depends on where you live and your local health department. Gay men and other MSM who've had more than one sexual partner in the past six months or a newly diagnosed sexually transmitted infection; people who've had sex at a public sex venue or public event in the past six months; those who anticipate participating in the above scenarios and the sexual partners of those folks should all be eligible for an mpox vaccine, per the CDC. People with a weakened immune system, including an HIV infection, should also get the vaccine if they could have a future exposure. Certain health care workers may also be recommended one.

Vaccinating people who've been exposed to mpox is what Dr. Amesh Adalja, an infectious-disease expert and senior scholar at the Johns Hopkins Center for Health Security, calls ""ring vaccination,"" where health officials isolate the infected person and vaccinate their close contacts to stop the spread.

Dr. Daniel Pastula, chief of neuroinfectious diseases and associate professor of neurology, medicine and epidemiology at the University of Colorado Anschutz Medical Campus, said the vaccine is used in people who've been exposed but aren't yet showing symptoms of mpox, because the incubation period for the disease is so long.

""Basically what you're doing is stimulating the immune system with the vaccine, and getting the immune system to recognize the virus before the virus has a chance to ramp up,"" Pastula said.","['summer', 'heres', 'dropped', 'dramatically', 'mpox', 'cases', 'health', 'virus', 'vaccine', 'outbreak', 'contact', 'symptoms', 'cdc', 'close', 'smallpox', 'including', 'spread', 'sexual', 'men', 'disease', 'risk', 'public', 'exposed', 'whove', 'sex', 'rash', 'jynneos', 'gay', 'dr', 'countries', 'clade', 'vaccines', 'test', 'system', 'spreading']",0.9,0,0.8,0.6,0.7,0,0.8
22,2456187498,2022-10-22 17:45:52,ABC News,2 die of monkeypox weeks after being diagnosed,https://abcnews.go.com/US/people-die-chicago-weeks-diagnosed-monkeypox/story?id=91913356,"Two Chicago residents died after being diagnosed with the monkeypox virus, the city's Department of Health announced. The two were diagnosed with monkeypox over six weeks ago and had been hospitalized.

The two had several other health conditions, including weakened immune systems, city officials said. The two deaths were unrelated to each other, they said.

""Though the number of new MPV cases has declined substantially since summer, this is a stark reminder that MPV is dangerous and can cause serious illness, and in very rare cases, even death,"" said Chicago Department of Public Health Commissioner Allison Arwady on Friday. ""Our hearts go out to these individuals' families and friends.""

Officials said they would not disclose any other information about the two cases, including where they were being treated, to protect their privacy.

The U.S. has reported over 27,000 cases and six total deaths due to monkeypox, according to the Centers for Disease Control and Prevention. Monkeypox cases have been reported in all 50 states.

The first confirmed case of monkeypox in the U.S. was reported in Massachusetts in May.

Monkeypox symptoms usually start within three weeks of exposure to the virus and the illness typically lasts two to four weeks, according to the CDC.

People with monkeypox get a rash that may be located on or near the genitals or anus and could be on other areas like hands, feet, chest, face or mouth. Other symptoms can include fever, chills, swollen lymph nodes, exhaustion, muscle aches and backache, headache and respiratory symptoms, according to the CDC.

Those infected may experience all or only a few symptoms. If someone has flue-like symptoms they will usually develop a rash one to four days later, the CDC says.

Officials said death due to monkeypox still remains rare. Among more than 75,000 cases reported in 2022, there have been 32 reported deaths, according to the World Health Organization.

""The vast majority of people with [monkeypox] who died have had other health conditions along with [monkeypox] causing severely weakened immune systems,"" said Arwady.

She added, ""Please continue to take it seriously. If you’re at risk of MPV infection, take prevention steps and get vaccinated to protect yourself and your loved ones. These measures are especially important if you have comorbidities and/or a weakened immune system.""

Chicago health officials encourage individuals who meet the eligibility criteria to get two doses of the monkeypox vaccine, 28 days apart.","['die', 'monkeypox', 'weeks', 'diagnosed', 'chicago', 'health', 'cases', 'symptoms', 'reported', 'weakened', 'mpv', 'immune', 'deaths', 'virus', 'systems', 'rash', 'rare', 'protect', 'prevention', 'officials', 'individuals', 'including', 'illness', 'died', 'department', 'death', 'days', 'conditions', 'youre', 'world', 'vast', 'vaccine', 'vaccinated', 'unrelated', 'typically']",0,0,0,0.05,0.8,0,0.8
23,2390521318,2022-08-10 15:06:00,radaronline.com,Brazilians Turn To Poisoning Monkeys Over Fear They Are Spreading Monkeypox: Report,https://radaronline.com/p/brail-monkeypox-kiled-poision-who/,"People in Brazil, seemingly confused, have started to kill monkeys thinking they are spreading the monkeypox virus, RadarOnline.com has learned.

But it’s just in a name.

Article continues below advertisement

The reason the monkeypox virus is so named is because it was first identified in a group of monkeys in Denmark.

That namesake association is now costing monkeys lives. In Sao Jose do Rio Preto, a Brazilian city in the state of Sao Paulo, police are investigating the poisoning of at least 10 monkeys, seven of whom died. There have been three confirmed cases of monkeypox in Sao Jose do Rito Preto.

Elsewhere in the South American country, there have been reports of people throwing stones at monkeys.

Article continues below advertisement

""What people need to know very clearly is the transmission we are seeing is happening between humans,"" said WHO spokesperson Margaret Harris during an Aug. 9 press conference in Geneva, according to the Daily Mail. ""The concern should be about where it's transmitting in the human population and what humans can do to protect themselves from getting it and transmitting it. They should certainly not be attacking any animals.""

MORE ON:

NEWS

Patient's Nose ROTS OFF After Contracting Monkeypox, Virus Was Initially 'Dismissed' As Sunburn

Dog Contracts Monkeypox After Sharing Bed With Owners Who Tested Positive For The Virus

Mamma Mia! Spanish Vacation Results In Triple Whammy For Italian Man: COVID, Monkeypox and HIV

""The monkeypox virus is in a number of different animals,” she added. “It's much more commonly in various rodents.”

Article continues below advertisement

Brazilians previously attacked monkeys during an outbreak of yellow fever. Locally, Lt. Fábio Leme of the Brazilian Environmental Police is similarly trying to educate the public about the fact that capuchin monkeys are not the transmitters of monkeypox.

The Environmental Police rescued eight monkeys. The animals were taken to a local zoo, but five died. So far, the substance being used to poising the animals has not been identified, according to the Latin Post.

According to the latest CDC data, Brazil has recorded 2,131 confirmed cases of monkeypox. That total places it at sixth on the worldwide list, behind the United States, Spain, Germany, the United Kingdom and France.



DAILY. BREAKING. CELEBRITY NEWS. ALL FREE.","['turn', 'spreading', 'report', 'poisoning', 'fear', 'brazilians', 'monkeypox', 'monkeys', 'virus', 'sao', 'continues', 'animals', 'united', 'transmitting', 'jose', 'identified', 'humans', 'environmental', 'died', 'confirmed', 'cases', 'brazilian', 'brazil', 'zoo', 'yellow', 'worldwide', 'whammy', 'virusmamma', 'vacation', 'triple', 'transmitters', 'transmission', 'total', 'throwing', 'thinking']",0,0,0,0,0.4,0,0
24,2305831340,2022-05-11 09:46:18,Business Insider,"UK confirms case of monkeypox, which causes boils and full-body rashes",https://www.businessinsider.com/monkeypox-virus-symptom-treatment-spread-case-detected-uk-2022-5,"A rare case of monkeypox has been detected in the UK.

The illness causes puss-filled boils as well as flu-like symptoms.

The UK Health Security Agency has said the risk to public health is ""very low.""

Monkeypox, a rare but potentially deadly illness, has been detected in the UK, according to the country's health officials.

The virus is much less contagious than the virus that causes COVID-19, and can cause flu-like symptoms and puss-filled boils that cover the body.

In a statement released on Saturday, the UK Health Security Agency said that they believed the infected person had caught the virus while in Nigeria and then traveled to the UK. The agency didn't detail the age or sex of the individual.

The agency said the patient was being treated at a specialist infectious disease facility in London, UK. Individuals that may have been in close proximity to the person and were at were risk of infection were being contacted, the agency said.

The UKHSA told Insider on Wednesday that there were no further updates on the case.

According to the Centers for Disease Control and Prevention, monkeypox is ""very rare"" in the US. The most recently reported case was in Maryland in November 2021, in a person who had traveled to Nigeria.

What is monkeypox and how does it spread?

Monkeypox is caused by the same virus as smallpox, which was declared eradicated in 1980.

The first case of monkeypox was recorded in 1970 in the Democratic Republic of the Congo (DRC). Since then, the majority of cases have been reported in central and western Africa including countries such as Cameroon, Central African Republic, Cote d'Ivoire, Gabon, Liberia, Nigeria, Republic of the Congo, and Sierra Leone, according to the CDC.

Monkeypox has been reported outside of Africa, but is typically linked to international travel or contact with imported animals.

It can spread when a person comes in contact with a infected human or animal, or a contaminated surface. The virus can enter the body through broken skin, the respiratory tract, or the eyes, nose and mouth. Transmission between people usually happens through large respiratory droplets, which usually don't travel more than a few feet.

Prolonged face-to-face contact is needed for it to spread between people.

What are the symptoms of monkeypox?

Typically monkeypox causes a mild illness that lasts two to four weeks. In Africa, where the illness is most common, about 1 in 10 people that catch the virus die from it, according to the CDC.

Initial symptoms include fever, headache, muscle aches, backache, swollen lymph nodes, chills and exhaustion. A rash that starts on the face and spreads to the rest of the body can then occur within one to three days of a person developing a fever.

The rash begins as flat, red bumps, that form into blisters that fill with pus. These boils crust over and fall off after several days.

It can take between five to 21 days to develop symptoms after catching the virus.

There is currently no proven treatment for monkeypox.

How worried should I be about monkeypox?

""It is important to emphasize that monkeypox does not spread easily between people and the overall risk to the general public is very low,"" said Dr. Colin Brown, director of clinical and emerging infections at UKHSA.

Professor Grant McFadden, director of the Center for Immunotherapy, Vaccines, and Virotherapy at Arizona State University, told Insider the virus is mostly found in rodents in Africa and rarely infects humans.

""US readers should not be too worried about this, however US health professionals watch carefully to ensure that the virus doesn't get introduced into wild rodents in North America, such as prairie dogs. But otherwise, the danger of this virus to people in the US is relatively minimal,"" he said.","['rashes', 'fullbody', 'confirms', 'monkeypox', 'uk', 'case', 'boils', 'virus', 'person', 'health', 'agency', 'symptoms', 'illness', 'africa', 'spread', 'risk', 'republic', 'reported', 'rare', 'contact', 'worried', 'traveled', 'travel', 'told', 'security', 'rodents', 'respiratory', 'rash', 'pussfilled', 'public', 'nigeria', 'insider', 'infected', 'flulike', 'disease']",0,0,0,0,0,0,0.3
25,2459265338,2022-10-26 13:04:00,ABC News,"Immunocompromised at high risk for severe effects, death from monkeypox: CDC report",https://abcnews.go.com/Health/patients-weakened-immune-system-suffer-severe-effects-death/story?id=92128529,"Immunocompromised patients who contract monkeypox can suffer devastating consequences, according to new federal data.

A report, published Wednesday by the Centers for Disease Control and Prevention, looked at 57 people who were hospitalized with severe cases of the disease between Aug. 10 and Oct. 10.

Almost all the patients had severely weakened immune systems and 82% had HIV.

Just 9% of the HIV patients were receiving antiretroviral therapy -- medication that can suppress viral loads -- making the virus nearly undetectable and therefore intransmissible.

Over time, HIV can weaken a person's immune system, which makes it difficult to fight off diseases such as monkeypox, according to the CDC.

Of the remaining immunocompromised patients, 5% were solid organ transplant recipients. Five percent were pregnant and 3% -- including one HIV patient -- were undergoing chemotherapy.

Because the patients had weakened immune systems, their monkeypox symptoms were also more severe, the CDC said.

All the patients experienced severe rashes while 68% also had severe lesions on various body parts including the face, torso, hands, feet and genitals.

Some patients had damage to other organs, including the eyes, lungs, brain and spinal cord.

The World Health Organization says monkeypox can lead to complications including bacterial lung infections, sepsis, brain inflammation and infection of the cornea.

The report found 30% of patients received ICU care for their symptoms and 21% died. Of the 12 patients who died, monkeypox was a cause of death or contributing factor in five deaths and was not a factor in one death. The other six remain under investigation.

In addition, the report revealed further racial and ethnic disparities. Overall, 68% of patients were Black, highlighting not only the disproportionate effect the monkeypox outbreak has had on minorities but also the disproportionate risk Black Americans have of contracting HIV.

The authors say the report is a ""reminder"" of the severe consequences some patients can face and that public health officials and clinicians need to work to ensure not only that patients at risk for monkeypox are vaccinated but those with HIV receive treatment.

""Monkeypox and HIV have collided with tragic effects,"" said CDC monkeypox incident commander Dr. Jonathan Mermin. ""Today's report reminds all of us that access to monkeypox and HIV prevention and treatment matters -- for people's lives and for public health.""","['suffer', 'effects', 'patients', 'monkeypox', 'severe', 'immune', 'weakened', 'systems', 'death', 'cdc', 'hiv', 'report', 'including', 'health', 'symptoms', 'risk', 'public', 'prevention', 'immunocompromised', 'factor', 'face', 'disproportionate', 'disease', 'died', 'consequences', 'brain', 'black', '68', 'world', 'work', 'weaken', 'virus', 'viral', 'vaccinated', 'undetectable']",0,0.8,0,0,0,0,0.75
26,2342333077,2022-06-19 04:58:16,Guardian US,"UK monkeypox outbreak not yet under control, say experts",https://www.theguardian.com/world/2022/jun/19/uk-monkeypox-outbreak-not-yet-under-control-say-experts,"The monkeypox outbreak in the UK is not yet under control, experts have warned, with some suggesting that vaccines may need to be offered to all men who have sex with men.

Monkeypox, which is to be given a new name by the World Health Organization (WHO), is typically found in west and central Africa, but an unprecedented outbreak in recent weeks has resulted in cases appearing in a host of countries from France to Canada and Australia. It is understood the WHO will hold a meeting next week to decide whether to label the outbreak as a public health emergency of international concern.

As of 12 June, 470 cases had been identified in the UK, including a rise of 104 cases reported in England last Monday. Experts are warning further action may be needed to curb the rise.

“At the moment there is no clear evidence that the current epidemic is coming under control,” said Paul Hunter, a professor of medicine at the University of East Anglia.

Cases so far have predominately been found among men who are gay or bisexual or otherwise have sex with men – although experts have raised concerns around particular communities becoming stigmatised, stressing anyone can get monkeypox and that it is spread between humans through close contact.

A smallpox vaccine that also offers protection against monkeypox is available, with current guidelines advising jabs should ideally be given to close contacts of cases within four days of exposure to monkeypox to prevent or lessen the impact of infection, although in some circumstances it can be given to individuals up to 14 days after exposure to reduce symptoms should infection have occurred.

“I guess that if we do not see this coming under control very soon, then we are looking at offering vaccination to all men who have sex with men, and possibly female sex workers,” said Hunter.

Prof Jimmy Whitworth of the London School of Hygiene and Tropical Medicine also raised concerns. “These numbers of new cases suggest that we are not yet getting the monkeypox epidemic under control,” he said, although he cautioned it was necessary to look at the trend in cases over a longer period, while it could take a week or two before the number of new cases fell once transmission was under control.

But Whitworth said it was clearly a very challenging outbreak to control. “There seem to have been some superspreading events that have enabled infections to spread rapidly into many different countries, and there are chains of transmission that suggest that there might have been some cases without any obvious signs of infection which has allowed further spread which has not been detected,” he said.

Hunter said there were probably many factors at play. “The thing that worries me the most is that for a disease whose transmission may have significant stigma for some is that people may not be fully honest about their contacts and if that is the case then a public education and a ring vaccination strategy approach may not be sufficient,” he said, adding another concern was how well contacts were adhering to the self-isolation period.

“For someone who is not openly gay having to self-isolate for 21 days would be tantamount to coming out,” Hunter said, noting the situation was sensitive and complex, particularly for bisexual men who have not come out to their female partners.

Sign up to First Edition, our free daily newsletter – every weekday morning at 7am BST

According to the UK Health Security Agency (UKHSA), individuals who have been tested are usually informed of their result within 24 hours, with contacts identified and followed up with as soon as possible, and vaccination offered if appropriate.

However, the agency has flagged challenges with the outbreak, noting: “Most cases reported having sexual contact with new or casual partners, sometimes in the context of cruising grounds or during chemsex, frequently where contact details were unavailable for tracing.”

Dr Michael Head, a senior research fellow in global health at the University of Southampton, said public health teams in the UK and internationally had done an excellent job, both with contact tracing and reporting as well as accurate and sensitive public health messaging.

Head said there was a small signal in UK data that the outbreak was slowing down – although this was not yet certain – while the lack of infections within the wider community showed transmission relied on very close contact.

“This is less complex to address than, for example, a Covid-19 outbreak, and gives encouragement that the outbreak will be brought to an end in the coming weeks or months,” he said.

Dr Hugh Adler of the Liverpool School of Tropical Medicine said there could be a positive view of the rising case numbers. “Maybe this is [reflecting] that the public health messaging is getting out and people are presenting for assessment,” he said.

Adler said vaccination was not appropriate for all contacts of cases, particularly if they did not have close or intimate contact. Instead such individuals can be monitored for possible symptoms.

“Their risk is so low that vaccination wouldn’t be the right thing for them anyway, because of our limited supplies of the vaccine, as well as side-effects,” he said.","['outbreak', 'uk', 'monkeypox', 'control', 'experts', 'cases', 'health', 'men', 'vaccination', 'public', 'contacts', 'transmission', 'sex', 'contact', 'coming', 'close', 'spread', 'medicine', 'infection', 'individuals', 'days', 'whitworth', 'weeks', 'week', 'vaccine', 'university', 'tropical', 'thing', 'suggest', 'sensitive', 'school', 'reported', 'raised', 'offered', 'numbers']",0.9,0.8,0.7,0.8,0.7,0,0.7
27,2383090915,2022-08-02 07:24:26,foxbusiness.com,Biden announces White House monkeypox response team with 3 states declaring emergencies,https://www.foxnews.com/politics/biden-announces-white-house-monkeypox-response-team-3-states-declaring-emergencies,"President Biden on Tuesday announced a team to coordinate and manage the White House’s monkeypox response efforts, as the virus spreads in cities and states across the nation.

The president named Robert Fenton, a regional administrator for the Federal Emergency Management Agency, to serve as White House National Monkeypox Response Coordinator, and Dr. Demetre Daskalakis to serve as the deputy coordinator.

""Fenton and Deaskalakis will lead the administration’s strategy and operations to combat the current monkeypox outbreak, including equitably increasing the availability of tests, vaccinations and treatments,"" the White House said Tuesday.

Fenton has twice served as acting administrator of FEMA and has led ""multiple challenging prevention, response and recovery operations"" throughout his career.

NEW YORK CITY, ILLINOIS DECLARE STATE OF EMERGENCY OVER MONKEYPOX

Daskalakis, a leading public health expert, is currently the director of the Centers for Disease Control and Prevention Division of HIV Prevention. The White House said he ""is an expert on health issues affecting the LGBTQIA+ communities."" Daskalakis previously oversaw management of infectious diseases for the New York City Department of Health and Mental Hygiene.

The White House said both officials played ""critical roles in making COVID vaccines more accessible for underserved communities and closing the equity gap in adult vaccination rates.""

MONKEYPOX BY THE NUMBERS: FACTS ABOUT THE RARE VIRUS THAT'S CURRENTLY SPREADING

Chief medical advisor to the president, Dr. Anthony Fauci, added that the team ""will allow the Biden administration to further accelerate and strengthen its monkeypox response.""

The two officials are expected to coordinate and manage response efforts across the White House and all federal departments and agencies, as well as work with local, state, national and international stakeholders on ""tracking and fighting the spread"" of monkeypox.

California, Illinois and New York have declared monkeypox states of emergencies.

The first case of monkeypox was confirmed in the United States on May 18.

So far, the Biden administration has made more than 1.1 million doses of vaccine available to states and cities across the country to control the spread of the virus, and has expanded testing capacity from 6,000 tests per week to more than 80,000 tests per week.

""Monkeypox is a rare disease caused by infection with the monkeypox virus. Monkeypox virus is part of the same family of viruses as variola virus, the virus that causes smallpox,"" the CDC notes on its website.

MONKEYPOX: WHAT YOU MUST KNOW ABOUT THE VIRUS — AND HOW TO PROTECT YOURSELF

Monkeypox symptoms are milder than smallpox symptoms — and monkeypox is rarely fatal.

The virus is not related to chickenpox, says the CDC. Monkeypox was discovered in 1958 when two outbreaks of a pox-like disease showed up in monkeys kept for research.

Monkeypox symptoms include headache, muscle aches, exhaustion, fever, backache, the swelling of lymph nodes and chills.

Within one to three days, a rash and lesions can also develop, according to the CDC.

The CDC shares many healthy actions all of us can take to limit contact and transmission of the disease.

WHO DECLARES MONKEYPOX A GLOBAL HEALTH EMERGENCY

Among these tips: Avoid close, skin-to-skin contact with people who have a rash; do not touch the rash or scabs of anyone who has monkeypox; do not share eating utensils, plates or cups with someone who has the virus; do not handle or touch the bedding, towels or clothing of a person with monkeypox; wash your hands often with soap and water — or use an alcohol-based hand sanitizer.

The CDC recommends that those infected with monkeypox isolate at home, noting that very close personal contact is another cause of the rapid spread of the virus.



Anyone having an active rash or other symptoms should, ""stay in a separate room or area away from people or pets you live with, when possible,"" noted the CDC.

Fox News' Deirdre Reilly contributed to this report.","['emergencies', 'declaring', 'announces', 'monkeypox', 'white', 'house', 'states', 'response', 'biden', 'team', 'virus', 'symptoms', 'rash', 'health', 'cdc', 'york', 'tests', 'spread', 'prevention', 'president', 'disease', 'contact', 'touch', 'state', 'smallpox', 'serve', 'rare', 'operations', 'officials', 'national', 'management', 'manage', 'illinois', 'federal', 'expert']",0,0,0.4,0.2,0.8,0,0.6
28,2388921829,2022-08-09 00:03:19,Conversation,Monkeypox can be transmitted to babies during and after pregnancy. We should be watchful but not alarmed,https://theconversation.com/monkeypox-can-be-transmitted-to-babies-during-and-after-pregnancy-we-should-be-watchful-but-not-alarmed-188283,"So far, there have been 57 confirmed and probable cases of monkeypox reported by Australian authorities.

In July, the Australian government issued a health alert for monkeypox as a communicable disease following the World Health Organization’s declaration of it as a public health emergency.

The disease has been reported at higher rates among men who have sex with other men. But this does not mean it can’t be spread to anyone. In fact, it has been seen in pregnant and birthing women and their newborn babies in some Western countries.

What do we know about monkeypox?

Monkeypox is a viral disease spread between animals and people.

The UK government guidance described the first case of “Monkey Pox” in 1958, when it was found in monkeys used for research purposes.

It was 1970 when it was first reported in human populations in the African country, Democratic Republic of the Congo. The disease is now endemic in some African countries including Nigeria, Liberia, Sierra Leone and the Democratic Republic of the Congo.

Read more: How does monkeypox spread? An epidemiologist explains why it isn't an STI and what counts as close contact

What does this mean for pregnant women?

Fortunately, monkeypox does not spread easily. The infection is spread by close physical contact, and so far there is limited information available about the impact on pregnancy, particularly in high income countries.

The virus can enter the body via broken skin, the respiratory tract or mucous membranes (the moist inner lining of cavities and some organs in the body).

The US Centers for Disease Control and Prevention advises the virus can be transmitted to a baby before birth via the placenta, and after the baby is born by close physical contact.

It also recommends pregnant, postnatal and breastfeeding women should be prioritised for medical treatment as there is a significant risk to the baby.

The Australian government’s treatment guidelines identify pregnant and breastfeeding women at high risk of severe disease from monkeypox infection. They also identify these groups as eligible for treatment and encourage health care providers to consult infectious disease specialists.

What symptoms should you watch for?

Symptoms of monkeypox can include headaches and fever, muscle and joint pain, tiredness, swollen lymph glands and a telltale rash with lesions that develop anywhere on the body.

The lesions change and will eventually burst, scab over and heal. The amount and location of the lesions can vary from lots all over the body to only a few that are isolated to one or two areas.

Read more: Monkeypox in Australia: should you be worried? And who can get the vaccine?

Deadly for some

The European Centre for Disease Prevention and Control has said most people (who are not pregnant) have mild disease with recovery within a few weeks, but that the Nigerian cases have had a fatality rate of roughly 3%. Mortality is likely higher in vulnerable groups such as newborn babies and pregnant or breastfeeding women.

A recent paper published in medical journal The Lancet provides guidelines for doctors and midwives on the management of monkeypox infection during pregnancy. These guidelines include increased fetal monitoring and increased surveillance of the mother in hospital isolation rooms if necessary, depending on her symptoms.

If the woman has genital lesions at the time of birth, she may be offered a caesarean. The newborn baby will need careful monitoring and precautions to reduce the risk of transmission from the mother. Consultation with a specialist infectious diseases paediatrician is recommended in these cases.

The Australian government has supplies of a monkeypox vaccine called Jynneos, and this may be considered in cases in which a woman has had close physical contact with an infected person or meets other criteria. The safety profile of this medication in pregnancy is unknown, but it is thought to be able to be used following a risk and benefit analysis by the medical practitioner. Women should not seek vaccination without risk factors being present.

Read more: Australia secures 450,000 new monkeypox vaccines. What are they and who can have them?

Known cases

Several cases of monkeypox infection were reported in the Democratic Republic of the Congo as a part of a larger study. The study wasn’t specifically looking at pregnant women, but four women were found to be pregnant in the study of more than 200 people with monkeypox infection.

Of the four women with monkeypox infection in pregnancy, two experienced miscarriage, one gave birth to a stillborn baby, and one gave birth to a living full-term baby. The three women who had fetal losses all experienced moderate to severe disease and lost their babies either in the first or second trimester of pregnancy.

Australian women shouldn’t be overly concerned at this stage given the low numbers of infected people in Australia. Women are highly unlikely to catch monkeypox unless they have had close contact with someone already infected with the disease or they have visited countries where the disease is endemic.

There are no known cases of women infected in pregnancy within Australia to date but there are such cases in the UK and US.","['watchful', 'transmitted', 'alarmed', 'monkeypox', 'pregnancy', 'babies', 'disease', 'women', 'pregnant', 'cases', 'spread', 'risk', 'infection', 'close', 'baby', 'reported', 'lesions', 'infected', 'health', 'birth', 'australian', 'australia', 'treatment', 'study', 'republic', 'physical', 'newborn', 'medical', 'guidelines', 'democratic', 'contact', 'breastfeeding', 'woman', 'virus', 'uk']",0.7,0,0,0,0.7,0,0.6
29,2338203454,2022-06-14 18:42:27,Central Maine News,Is monkeypox a health emergency? Experts to decide if outbreak a global threat,https://www.centralmaine.com/2022/06/14/is-monkeypox-a-health-emergency-experts-to-decide-if-outbreak-a-global-threat/,"Health Care

News

Nation & World

Is monkeypox a health emergency? Experts to decide if outbreak a global threat

Declaring monkeypox to be an international health emergency would give it the same designation as the COVID-19 pandemic and mean that the normally rare disease is a continuing threat to countries globally.

GENEVA — The World Health Organization will convene an emergency committee of experts to determine if the expanding monkeypox outbreak that has mysteriously spread outside Africa should be considered a global health emergency.

WHO Director-General Tedros Adhanom Ghebreyesus said Tuesday he decided to convene the emergency committee on June 23 because the virus has shown “unusual” recent behavior by spreading in countries well beyond parts of Africa where it is endemic.

“We believe that it needs also some coordinated response because of the geographic spread,” he told reporters.

Declaring monkeypox to be an international health emergency would give it the same designation as the COVID-19 pandemic and mean that WHO considers the normally rare disease a continuing threat to countries globally.

The U.K. said Monday it had 470 cases of monkeypox across the country, with the vast majority in gay or bisexual men. British scientists said last week they could not tell if the spread of the disease in the U.K. had peaked.

The meeting of outside experts could also help improve understanding and knowledge about the virus, Tedros said, as WHO released new guidelines about vaccinating against monkeypox.



Dr. Ibrahima Soce Fall, WHO’s emergencies director for Africa, said case counts were growing every day and health officials face “many gaps in terms of knowledge of the dynamics of the transmission” — both in Africa and beyond.

“With the advice from the emergency committee, we can be in a better position to control the situation. But it doesn’t mean that we are going straight to a public health emergency of international concern,” he said, referring to WHO’s highest level of alert for viral outbreaks. “We don’t want to wait until the situation is out of control to start calling the emergency committee.”

The U.N. health agency does not recommend mass vaccination but advises the “judicious” use of vaccines. It said controlling the disease relies primarily on measures like surveillance, tracking cases and isolating patients.

Last month, a leading adviser to WHO said the outbreak in Europe and beyond was likely spread by sex at two recent rave parties in Spain and Belgium.

Scientists warn that anyone, regardless of sexual orientation, is susceptible to catching monkeypox if they are in close, physical contact with an infected person or their clothing or bed sheets.

WHO has been working with partner countries to create a mechanism by which some vaccines for smallpox — a related disease — might be made available to countries that are affected, as research continues into their effectiveness against the new outbreak.

Tedros said more than 1,600 cases and nearly 1,500 suspected cases have been reported this year in 39 countries, including seven where monkeypox has been reported for years. A total of 72 deaths have been reported but none in the newly affected countries, which include Britain, Canada, Italy, Poland, Spain and the United States.

The ongoing outbreak of monkeypox in Europe and elsewhere marks the first time the disease has been known to spread among people who have no travel links to Africa.","['decide', 'health', 'monkeypox', 'emergency', 'outbreak', 'experts', 'threat', 'global', 'countries', 'disease', 'spread', 'cases', 'africa', 'reported', 'international', 'covid19', 'committee', 'whos', 'virus', 'vaccines', 'uk', 'tedros', 'spain', 'situation', 'recent', 'rare', 'pandemic', 'knowledge', 'europe', 'designation', 'convene', 'control', 'continuing', 'affected', 'younger']",0.6,0,0.85,0,0.8,0,0.6
30,2459834438,2022-10-26 13:00:00,Washington Post,Monkeypox can be far more devastating for patients with weak immune systems,https://www.washingtonpost.com/health/2022/10/26/monkeypox-deaths-hiv-black-men/?utm_source=rss&utm_medium=referral&utm_campaign=wp_health,"Monkeypox is causing devastating outcomes for people with severely weakened immune systems, even as new cases continue to decline in the United States, according to a federal report released Wednesday. At least 10 people hospitalized with monkeypox have died.

More than 28,000 cases of monkeypox have been reported since the U.S. outbreak began in May. While the vast majority recover within weeks, some patients with untreated HIV experienced especially dire consequences, such as losing function of their brain or spinal cord, eyes and lungs despite being given antiviral medication.

The report by the Centers for Disease Control and Prevention is based on the agency’s consultations with clinicians treating 57 U.S. patients hospitalized with monkeypox complications from the outbreak’s peak in mid-August through Oct. 10. It presents the most comprehensive picture of the severe consequences of infection and who is most at risk for serious complications.

Should I still be worried about monkeypox?

All 57 patients had severe lesions that could result in dying skin, including 39 people with lesions in their eyes, mouth and other mucous membranes. Two people were undergoing chemotherapy; three had had organ transplants. Nearly a third ended up in intensive care.



Most of the hospitalized patients were Black. All but three were men. Three were pregnant. Nearly a quarter were homeless. The median age was 34.

The CDC does not report hospitalization data, but previous research suggests that between 5 and 10 percent of monkeypox patients are admitted, and those with HIV are more likely to be hospitalized.

Five men share what it’s like to have monkeypox

The report highlighted three representative cases:

· A Latino man in his 20s went to the emergency department in August for back pain and a rash. He tested positive for monkeypox, and his condition quickly worsened. Over the next week, the rash spread to his entire body, he had difficulty breathing and he was admitted to a hospital. He tested positive for HIV; records show he had previously tested positive in 2020 but was lost to follow-up, the report said. Within days, he was transferred to the intensive care unit and given TPoxx and HIV treatment. But his condition worsened. He had a seizure, developed kidney failure and died within a few days.



· A Black man in his 30s with AIDS, who was not receiving treatment, developed a rash on his face, head, back and genitals in July. He was tested and treated for gonorrhea, chlamydia and syphilis. But his genital lesions worsened. Admitted to a hospital four weeks later, he tested positive for monkeypox and was discharged with a two-week supply of TPoxx. His skin lesions initially improved but then worsened, putting him back in the hospital with new lesions on his hand and penis. He developed an antibiotic-resistant bacterial infection, was transferred to the ICU, received intravenous TPoxx and was discharged with oral TPoxx and HIV treatment. During his seventh week on oral TPoxx, he was readmitted to the hospital for worsening destructive lesions with a bacterial superinfection on one hand, left eyelid lesions and a lesion in his right ear linked to decreased hearing. He was restarted on intravenous TPoxx and remained on the treatment.

· A White man in his 40s with AIDS and not receiving treatment was admitted to a hospital in August for a monkeypox-compatible rash. He received oral TPoxx and HIV treatment and was discharged after a week. His food and housing situations were unstable, the report said. Three weeks after he was discharged, he was readmitted with painful and destructive lesions on his hands and feet. Despite multiple treatments, including TPoxx and multiple antibiotics, clinicians had to amputate a toe and part of his right index finger. He was discharged but readmitted one week later for more lesions and severe pain. He remained hospitalized.

Inside America’s monkeypox crisis — and the mistakes that made it worse

“This is an important description of severe consequences of monkeypox and should highlight the critical importance of getting vaccines, treatment and risk messaging to the communities who are most severely impacted,” said Anne Rimoin, an epidemiologist at UCLA who has studied monkeypox in Africa for two decades. “The disproportionate impact on communities that have less access to health services is the same story we see repeating itself locally and globally.”



The outbreak has overwhelmingly affected men who have sex with men. Although monkeypox infections are rarely fatal, many patients experience excruciating pain from lesions and body aches. People of color and those with HIV make up a disproportionate share of patients with the most severe outcomes.

Data about severe complications of the disease show up as an outbreak progresses. People who get sick at the start of an outbreak tend to have more-typical manifestations of disease. But as more people fall ill, more-dire consequences appear. Some monkeypox patients who were sick for many weeks are now dying, officials said.

Monkeypox was the cause of death in three of the 10 cases; seven other deaths are still under investigation, the report said.

Inside a city’s struggle to vaccinate gay Black men for monkeypox

The CDC calls on clinicians to test all sexually active patients with suspected monkeypox for HIV when they test for monkeypox. Clinicians should also consider early monkeypox treatment for all “highly immunocompromised” patients, especially those with advanced HIV disease.



Various surveys have found a significant share of monkeypox patients also have HIV. A national review of nearly 2,000 cases over the summer found that 38 percent had HIV, but the diagnosis alone is not linked to severe outcomes, researchers say.

“While we know HIV impacts our immune system, we also know that not all people with HIV are the same,” said Anu Hazra, co-medical director at Howard Brown Health, a Chicago LGBTQ health provider. HIV patients in successful treatment do not appear to be at increased risk for severe disease, hospitalization or death from monkeypox, he said.

Struggle to protect gay, bisexual men from monkeypox exposes inequities

The growth rate of the U.S. outbreak is slowing, the latest data shows. There have been a few cases of spread to household and nonsexual contacts, but the potential for sustained transmission among heterosexual networks is probably low, according to the CDC.



Daily cases will most likely continue to fall or plateau over the next two to four weeks, but the CDC does not expect domestic transmission to be eliminated in the near future. The outbreak could even accelerate and affect increasingly wider communities if the virus spreads more readily than expected outside networks of men who have sex with men. The virus could get established in an animal host; several animal species in North America may be susceptible to monkeypox and able to transmit the virus to other animals or species.

Health officials and clinicians attribute the decline to vaccination and changes in behavior.

CDC officials are evaluating safety and effectiveness data for the two-dose Jynneos vaccine, the primary vaccine being used in the U.S. outbreak. In early August, federal health officials announced a new strategy to split monkeypox vaccine doses in hopes of vaccinating up to five times as many people against the virus. The alternative method, known as intradermal vaccination, allows a single-use vial to be split into five injections because of the vaccine shortage.

CDC officials are weighing what method should be used for vaccine administration in the long term.","['weak', 'systems', 'immune', 'devastating', 'monkeypox', 'patients', 'hiv', 'lesions', 'treatment', 'tpoxx', 'severe', 'men', 'report', 'outbreak', 'cases', 'weeks', 'vaccine', 'tested', 'officials', 'hospital', 'discharged', 'clinicians', 'worsened', 'week', 'virus', 'rash', 'positive', 'health', 'disease', 'consequences', 'admitted', 'share', 'risk', 'readmitted', 'pain']",0.8,0.8,0.2,0.3,0.45,0.5,0.85
31,2378807345,2022-07-28 08:30:00,nj.com,"N.J. makes ‘strong and urgent case’ for monkeypox vaccines as access remains limited, Murphy says",https://www.nj.com/politics/2022/07/nj-makes-strong-and-urgent-case-for-monkeypox-vaccines-as-access-remains-limited-murphy-says.html,"Gov. Phil Murphy is asking President Joe Biden’s administration for more vaccines against monkeypox as the number of cases in New Jersey continues to climb and access to the vaccine has grown scarce.

The governor and the state’s top health official said in a letter to federal officials that New Jersey isn’t getting its fair share of vaccines given what they estimate the state will need to protect people and stop the spread of the disease.

New Jersey expects to receive nearly 2,700 additional doses this week, according to the state Department of Health. That — which is in addition to the 2,800 doses the state was already sent — accounts for 2.06% of the federal government’s 131,000 available doses being sent out, according to a letter they sent to the U.S. Department of Health & Human Services and Centers for Disease Control and Prevention.

“We do not believe that New Jersey has received an equitable percentage of available vaccine through this allocation strategy,” Murphy and state Health Commissioner Judith Persichilli wrote in their letter. “I would like to request that HHS and the CDC reconsider the allocation strategy and increase New Jersey’s vaccine allocation to account for our population size and considerations raised in this letter.”

It was sent as the number of confirmed monkeypox cases has climbed to 102 people. Neighboring New York has the highest number of cases in the nation — 900 people — according to the CDC.

“It’s a free-for-all across the state and across the country,” Perry Halkitis, dean of the Rutgers School of Public Health, said about getting a shot.

The rare disease can cause flu-like symptoms, swollen lymph nodes, exhaustion, respiratory symptoms, and rashes that look like pimples or blisters, according to the CDC. It’s hardly fatal but the rashes — which can appear on the face, inside the mouth, on hands and feet, and on genitals — can be painful and linger for weeks.

Currently, the overwhelming majority of cases have been among gay and bisexual men.

According to a study on monkeypox infections across 16 countries released last week by the New England Journal of Medicine, 98% of the people infected were gay or bisexual men.

“A lot of it is making the hair stand up on the back of my neck,” Halkitis said. “There’s got to be some bottom line homophobia here.”

And while the head of the World Health Organization said Wednesday that at-risk men should reduce their sexual partners “for the moment,” Halkitis was quick to say this is not a “gay disease” or a sexually transmitted disease.

“That’s where the stigma lies,” he said.

It spreads by direct skin contact and respiratory secretions during prolonged, face-to-face contact, or during intimate physical contact, according to the CDC. It can also spread by touching clothes and linens that came in contact with an infectious rash or body fluids.

“But it’s not a gay disease. Gay men are being unduly burdened by this disease and we’ve got to acknowledge that,” Halkitis said. “Let’s all pitch in so it doesn’t spread further. By helping gay men we’re helping ourselves.”

There are three sites in the state that have administered the two-dose vaccine regime:

Hyacinth AIDS Foundation/Project Living Out Loud! (Jersey City): 201-70680

The Prevention Resource Network, a program of the Visiting Nurse Association of Central Jersey (Asbury Park): 732-502-5100

North Jersey Community Research Initiative (NJCRI) (Newark): 973-483-3444 ext. 200.

However, LGBTQ advocates have said scheduling an appointment has been next to impossible due to high demand.

People who are eligible for a vaccine in New Jersey are those who had contact with someone who tested positive for the virus within two weeks, people who attended an event where there was a known exposure, and gay, bisexual, transgender, or gender non-binary people. Anybody with a weakened immune system or a history of atopic dermatitis or eczema are considered high priority groups.

Murphy was asked at a public event Wednesday if he would declare a public health emergency over monkeypox in New Jersey.

“I don’t know that we’re at the verge of a public health emergency, but everything’s on the table,” he told reporters in Camden.

Halkitis, meanwhile, predicted the disease won’t limit itself to only infecting gay and bisexual men within months if it isn’t stamped out.

“If we don’t stop it from spreading it will be in our population for the foreseeable future,” he said. “Do we want this thing to be another thing we live with for the rest of our lives?”

New Jersey detected its first case in the recent epidemic on June 18.

NJ Advance Media staff writer Bill Duhart contributed to this report.","['urgent', 'strong', 'remains', 'nj', 'makes', 'limited', 'case', 'access', 'monkeypox', 'vaccines', 'murphy', 'jersey', 'health', 'gay', 'state', 'disease', 'vaccine', 'contact', 'public', 'men', 'halkitis', 'cases', 'bisexual', 'spread', 'number', 'letter', 'doses', 'cdc', 'allocation', 'week', 'thing', 'symptoms', 'strategy', 'stop', 'respiratory']",0.8,0.7,0.7,0.85,0.8,0,0.8
32,2388854484,2022-08-08 21:55:37,New York Times,Biden Administration to Allow New Injection Method for Monkeypox Vaccine,https://www.nytimes.com/2022/08/08/us/politics/monkeypox-vaccine.html,"U.S. Moves to Stretch Out Monkeypox Vaccine Supply

The approach, which would require a new emergency authorization, would involve injecting one-fifth of the current dose into the skin instead of a full dose into underlying fat.

Published Aug. 8, 2022Updated Nov. 28, 2022

WASHINGTON — The Biden administration has decided to stretch out its limited supply of monkeypox vaccine by allowing a different method of injection that uses one-fifth as much per shot, according to people familiar with the discussions.

In order for the Food and Drug Administration to authorize so-called intradermal injection, which would involve injecting one-fifth of the current dose into the skin instead of a full dose into underlying fat, the Department of Health and Human Services will need to issue a new emergency declaration allowing regulators to invoke the F.D.A.’s emergency use powers. That declaration is expected as early as Tuesday afternoon.

The move would help alleviate a shortage of vaccine that has turned into a growing political and public health problem for the administration.

The administration has faced a barrage of criticism that it was too slow to ship vaccine that was ready for use to the United States from Denmark, where it was manufactured, and too slow to order that bulk vaccine stocks be processed into vials after the disease first surfaced here in mid-May.

In less than three months, more than 8,900 monkeypox cases have been reported. The virus spreads from person to person primarily through close physical contact with infectious lesions.

Even though it invested more than $1 billion in developing the two-dose vaccine known as Jynneos that works against both monkeypox and smallpox, the government has only 1.1 million shots on hand. It needs about three times as many doses to cover the 1.6 million to 1.7 million Americans who, according to the Centers for Disease Control and Prevention, are at high risk of contracting monkeypox.","['supply', 'moves', 'vaccine', 'monkeypox', 'stretch', 'dose', 'times', 'onefifth', 'million', 'emergency', 'administration', 'access', 'verify', 'underlying', 'slow', 'skin', 'person', 'patience', 'order', 'log', 'involve', 'injection', 'injecting', 'health', 'disease', 'declaration', 'current', 'article', 'allowing', 'works', 'virus', 'view', 'vials', 'united', 'twodose']",0,0,0,0.85,0.7,0,0
33,2321392659,2022-05-27 11:51:44,AOL News,CDC issues monkeypox warning advising travelers to 'practice enhanced precautions',https://www.usatoday.com/story/travel/news/2022/05/24/cdc-travel-health-notice-monkeypox/9904726002/,"The CDC issued a ""Level 2"" travel health notice noting that monkeypox cases had been reported in Europe, North America and Australia.

The CDC advises travelers to wash their hands often with soap and water or use hand sanitizer, as well as keep their hands away from their face.

While the CDC has issued a monkeypox notice, the agency said that ""risk to the general public is low.""

The Centers for Disease Control and Prevention is warning travelers to ""practice enhanced precautions"" as monkeypox spreads.

Monkeypox, a disease that results from infection with the monkeypox virus, a viral illness in the same family as smallpox, has been identified in 16 countries across the globe, including the United States.

The CDC, which issued the Level 2 travel health notice Friday, said on its website that cases had been reported in Europe, North America and Australia.

According to the World Health Organization, ""monkeypox virus is transmitted from one person to another by close contact with lesions, body fluids, respiratory droplets and contaminated materials such as bedding.""

Inflation, and oil, and flights, oh my!:Here's why airlines can pass on some additional costs to travelers

Learn more: Best travel insurance

For decades, monkeypox has been seen in parts of Central and West Africa and believed to jump occasionally from animals, likely rodents, to people. Typically, several travelers a year arrive in the U.S. and Europe infected with the virus, but such a large chain of person-to-person transmission has never been seen before.

""None of these people reported having recently been in central or west African countries where monkeypox usually occurs, including the Democratic Republic of the Congo and Nigeria, among others,"" the CDC said in its travel health notice.

The agency said that the ""risk to the general public is low.""

Here's what we know:WHO convenes meetings, steps up response on 'atypical' surge in monkeypox cases

President Joe Biden:US has enough vaccines to deal with monkeypox outbreak

What precautions to take if you're traveling

The CDC advised travelers to avoid:

Close contact with sick people – including people with skin or genital lesions, and contact with materials used by sick people or animals such as clothing, bedding or health care materials.

Contact with dead or live animals such as small mammals, including rodents like rats or squirrels, and nonhuman primates such as monkeys and apes.

Eating or preparing wild game meat or using products that come from wild animals from Africa, such as creams, powders and lotions.

The CDC also advises travelers to wash their hands often with soap and water or use hand sanitizer and keep their hands away from their face.

And if travelers develop a new and unexplained rash (with or without chills and fever), they should avoid contact with other people. The CDC also advises travelers to call ahead before seeking medical attention and, if they can't call ahead, to tell staff upon arrival that they have concerns about monkeypox.

When visiting a health care facility for treatment, the CDC said, travelers should tell the doctor whether they have had contact with someone who might have had monkeypox and whether they were in an area where monkeypox has been reported or is commonly found in the month before symptoms appeared.

Biden on monkeypox:'Everybody' should be concerned, spread would be 'consequential'

Where has monkeypox been identified?

As a part of the health notice, the CDC listed the countries in which cases of monkeypox have been identified:

United States

Canada

Australia

Belgium

Austria

England

France

Germany

Italy

Netherlands

Portugal

Sweden

Spain

Switzerland

Scotland

Israel

The health agency also listed some countries where monkeypox is common, including:

Democratic Republic of the Congo

Republic of the Congo

Central African Republic

Nigeria

Cameroon

Côte d'Ivoire

Sierra Leone

Sudan

Gabon

Opinion:Monkeypox is here and spreading. But the US is well prepared to handle the threat

As of Monday in the U.S., there was one confirmed case of monkeypox in Massachusetts, CDC spokesperson Dave Daigle told USA TODAY Tuesday. There are an additional four cases of orthopox that the CDC is doing ""confirmatory testing"" on.

Daigle said states test for orthopoxvirus, the genus to which monkeypox belongs, according to the CDC.

How does monkeypox appear and spread?

While monkeypox is in the same family as smallpox, it is far less dangerous. It appears first as a flu-like illness, with fever, muscle aches and malaise, followed by skin lesions, though the rash may appear first, said Capt. Jennifer McQuiston, a veterinarian and deputy director of the CDC's Division of High Consequence Pathogens and Pathology.

The incubation period for monkeypox is typically six to 13 days but can be anywhere from 5 to 21 days, according to WHO.

Unlike most known cases of monkeypox, where the telltale rash usually appears first on the hands, among current cases many rashes are first appearing around the genitals or anus, CDC officials said in a news conference.

Monkeypox is not as easily transmissible as viruses like SARS-CoV-2, which is responsible for the COVID-19 pandemic. But a lesion in the mouth could lead someone to spew viral particles when talking or coughing, though it is not typically considered a respiratory virus.

Of nine known cases of people infected with the virus who traveled from Nigeria before the outbreak, none passed it to others on the plane or through casual contact, McQuiston said.

""This is not an easily transmissible virus,"" she said. ""This is not COVID.""

Contributing: Karen Weintraub, USA TODAY","['warning', 'precautions', 'practice', 'issues', 'enhanced', 'advising', 'monkeypox', 'cdc', 'travelers', 'health', 'cases', 'contact', 'virus', 'hands', 'travel', 'reported', 'notice', 'including', 'countries', 'animals', 'typically', 'rash', 'lesions', 'issued', 'europe', 'agency', 'advises', 'wild', 'west', 'water', 'wash', 'viral', 'usa', 'transmissible', 'today']",0,0,0.0,0,0.75,0,0.2
34,2385269095,2022-08-04 05:30:16,The Nation ,"Monkeypox Makes It 3 Strikes, and Now We’re Out",https://www.thenation.com/article/society/monkeypox-aids-covid-endemic/,"Monkeypox Makes It 3 Strikes, and Now We’re Out

We know what to do. We have the tools. We simply don’t want to do it.

I graduated from high school in 1981. My youth was framed by the AIDS epidemic. I could ignore it for several years while cloistered in college, but as soon as I ventured out into the world, there it was: the virus.

Over the next decade, I saw dozens of friends and colleagues and a cousin die of the disease. It was gruesome and I saw too much of it as a 20- then 30-something. No one seemed to give a shit about AIDS, and we all felt very much on our own. The gay community was remarkable, though—out of nothing, it built organizations to help the sick, aid the dying, and support those who survived, while other groups rose up in a fury to confront our do-nothing leaders, marching, and once scattering ashes of those we lost on the White House lawn. It’s a terrific story of underdogs reviled by society who kicked ass—and in the process changed the history of medical research, clinical care, and drug development, and created rights for a people who didn’t matter, whose love was illegal for all too long.

Except none of it should have happened like that. As soon as this new illness arrived, a humane and just society would have rallied to our sides with the resources of our great nation devoted to ending this plague. It’s now 40 years later, and AIDS is still with us. There are parts of America where the rates of HIV give countries in Sub-Saharan Africa a run for their money. At the International AIDS Conference that just ended this week in Montreal, the Joint United Nations Programme on HIV/AIDS warned that we’re in danger of backsliding in our response to the disease—that is, things are getting worse.

Meanwhile we’ve had two years, more, of another plague. This was one no one could ignore, as it swept over the country, stopping us all in our tracks. Twenty twenty will be forgotten by few who lived through it. But it’s now 2022, and forgetting is what we want to do more than anything—more, it seems, than living itself. This may seem like an overstatement, but the United States is the leader in absolute number of deaths worldwide, and leads in Covid-19 and excess deaths per capita among the G-7 nations. We have over 400 deaths a day right now, over 40,000 people in the hospital, close to 5000 in ICUs nationwide.

Popular

""swipe left below to view more authors""Swipe →

Clarence Thomas Broke the Law. Why Is He Not Being Prosecuted? Clarence Thomas Broke the Law. Why Is He Not Being Prosecuted?

Highlights / William W. Taylor III

The Divided Landscape of Indian American Politics The Divided Landscape of Indian American Politics

Feature / Jeet Heer

Alabama’s IVF Ruling Is Christian Theology Masquerading as Law Alabama’s IVF Ruling Is Christian Theology Masquerading as Law

Elie Mystal

We’re Letting a Public Health Disaster Unfold In Slow Motion We’re Letting a Public Health Disaster Unfold In Slow Motion

Gregg Gonsalves

A recent Brookings Institution report suggests that 4 million people are out of work because of long Covid, which is 2.4 percent of working adults in this country, and accounts for $230 billion in lost earnings. And yet no one wants to talk about Covid-19, even the president, who when he recently came down with the disease (and rebound second bout) was eager to show he was fit to work. The president and his surrogates remain keen to promote the idea that Covid-19 was just a manageable, run-of-the-mill respiratory virus.

The administration’s refrain of “we have the tools” has become a talisman to ward off any real discussion of what is actually happening here. US policy on Covid is akin to dropping someone in a desert with a car and a set of keys, and they find that the car is out of gas. You have the car; you have the keys. The rest is up to you.

Meanwhile, the monkeypox outbreak I wrote about in The Nation in June, when we had 500 cases in 30 countries, is now past 20,000 cases in over 70 countries—with 5,000 cases in the United States alone, which means the US is again the world leader, this time in monkeypox cases, with 25 percent of the worldwide current burden. If there was a chance of containment of the virus, we are watching that possibility recede quickly in the distance, and many think we’re on the verge of having a new endemic virus here in the US, on top of everything else we have to deal with right now.

How did we get so bad at all this? We once eradicated smallpox and polio, but we seem to be all too willing to surrender to monkeypox, Covid-19, and HIV (and I haven’t even mentioned tuberculosis and malaria). It’s tempting to talk about our sad track record in terms of failure, of mistakes, but as economists Daron Acemoglu and James Robinson once said about global poverty, our leaders get it “wrong not by mistake or ignorance but on purpose,” and our “most consequential ‘policy mistakes’ are by design.”

Now, that’s a conversation to have. Most of us would bristle at the suggestion that we are exactly where we want to be right now with infectious diseases, with the battle against global warming and other health threats. But we know what to do. We have the tools, as that saying goes. We simply don’t want to do it. There is no appetite to do anything else. No price to pay, politically, for doing otherwise. It’s a devastating realization for someone who has worked on all these diseases for over 30 years: that everything we once accomplished is now just a high watermark and that it’s all downhill from here.

Ad Policy","['strikes', 'makes', 'monkeypox', 'covid19', 'cases', 'aids', 'united', 'tools', 'policy', 'law', 'health', 'deaths', 'car', 'worldwide', 'world', 'work', 'virus', 'unfold', 'thomas', 'theology', 'talk', 'states', 'society', 'slow', 'simply', 'ruling', 'public', 'president', 'plague', 'nations', 'nation', 'mistakes', 'masquerading', 'lost', 'letting']",0,0,0.85,0.9,0.9,0,1
35,2343720871,2022-06-20 17:12:22,Chicago Tribune,"Cory Franklin and Robert A. Weinstein: Monkeypox is not our next pandemic, but it has lessons for us",https://www.chicagotribune.com/opinion/commentary/ct-opinion-covid-pandemic-monkeypox-health-care-20220620-66azmoghkfhedn6skk52hqfpei-story.html#ed=rss_www.chicagotribune.com/arcio/rss/category/opinion/,"Monkeypox is a viral disease, distantly related to its far more deadly cousin, smallpox. So far this year, it has been discovered in dozens of countries that are generally not familiar with monkeypox, with about 113 cases in the U.S., 15 of them in Illinois.

First documented in people in Africa in 1970, monkeypox has probably been circulating in central and west Africa for decades. It gained its name because it was originally discovered in monkeys.

The current version of monkeypox does not spread easily; spread appears to require close contact, in particular sexual contact, with an infected individual. The mortality rate is currently in the range of 3% to 6%, according to the World Health Organization, and to date there have been no recorded fatalities this year in the U.S. So no worries, right?

Yes and no.

The threat monkeypox poses to the general U.S. population is quite small. It is much easier to control an outbreak of this disease than it has been for COVID-19, which is transmitted through the air and behaves more insidiously because it can spread before symptoms appear. Moreover, when contracted, monkeypox is generally mild. Flu is the bench mark we have been using to gauge COVID-19, and this generation of monkeypox is less dangerous than the flu by orders of magnitude. Although this spate of monkeypox is more widespread globally than any previous outbreak, it seems unlikely it will become the cause of our next major pandemic.

The danger lies not in the current iteration of the disease but in what it could threaten in the future. A previous small outbreak of monkeypox in the U.S. in 2003 was caused by the importing of small pet mammals into the country from Africa. (The rodents transmitted it to prairie dogs, which then transmitted it to people.) There was no evidence then of person-to-person spread. The director-general of WHO now says: “The global outbreak of monkeypox is clearly unusual and concerning. The virus is behaving unusually from how it used to behave in the past. But not only that, it’s also affecting more and more countries.”

The monkeypox outbreak is an illustration of how quickly an infectious disease — bacterial, viral or parasitic — can jump from animals to humans. The transition to humans may be through the food we eat, the water we drink, the air we breathe or simply through direct contact with animals.

Once an animal disease has made the transition to humans, it can easily relocate anywhere in the world in hours via jet travel, especially if it initially presents with few signs or symptoms. Moreover, as COVID-19 demonstrated, the possibility the infectious agent will mutate into new strains is ever present. One of the things we got wrong about COVID-19 early in the pandemic was our belief that any variants would take a long time to develop.

This puts great pressure on public health officials here in the U.S. and worldwide to respond quickly once a potential threat emerges. In theory, a coordinated approach between the WHO and every country sounds ideal. In practice, that was another lesson learned from COVID-19 — each country sees the risk differently and responds in its own way.

To add to this, just as Russian writer Leo Tolstoy observed that every unhappy family is unhappy in its own way, every potential infectious threat requires its own response. Nevertheless, some things remain true, no matter the situation.

Public health must provide good surveillance in every country, with teams of trained observers watching for the first sign of an outbreak anywhere. Along with this should come reliable data reporting from trustworthy sources. There should be precise identification of the offending agent as early as possible including prompt identification of the specific molecular gene patterns. Early in the COVID-19 pandemic, the U.S. was slow to map the virus’s genetic sequences. That made it hard to identify emerging variants.

In preparing Americans for monkeypox, WHO and U.S. officials should combine these approaches with efficient communication among countries and better messaging to the public than we saw with COVID-19. As the situation on the ground changes, as it always does, it will require flexible responses. Finally, of course, there is humility. Another lesson from early in the pandemic: We thought we knew more than we did and underestimated, and continue to underestimate, Mother Nature.

Throughout history, the worst pandemics — influenza, smallpox, cholera, bubonic plague, AIDS and now COVID-19 — have been global scourges that have killed millions and devastated societies. Monkeypox is not that, but the current outbreak is an urgent warning that as far as infectious diseases are concerned, the world continues to shrink — quickly.

In the words of the ancient Chinese writer and philosopher Sun Tzu, “Plan for what is difficult while it is easy, do what is great while it is small.”

Dr. Cory Franklin is a retired intensive care physician. Dr. Robert A. Weinstein is an infectious disease specialist at Rush University Medical Center.

Submit a letter, of no more than 400 words, to the editor here or email letters@chicagotribune.com.","['weinstein', 'robert', 'lessons', 'franklin', 'cory', 'monkeypox', 'pandemic', 'covid19', 'outbreak', 'disease', 'infectious', 'spread', 'early', 'country', 'world', 'transmitted', 'threat', 'small', 'humans', 'health', 'current', 'contact', 'africa', 'writer', 'words', 'viral', 'unhappy', 'transition', 'things', 'symptoms', 'smallpox', 'require', 'quickly', 'public', 'previous']",0.8,0,0.8,0,0.8,0,0.87
36,2341415005,2022-06-17 20:08:08,San Diego Union Tribune,County identifies additional Monkeypox case,https://www.sandiegouniontribune.com/news/health/story/2022-06-17/county-identifies-additional-monkeypox-case,"A third monkeypox case has been identified in San Diego County, health officials announced Friday afternoon, though none of the three has yet been confirmed by the U.S. Centers for Disease Control and Prevention.

The new case has no connection to the first two announced Wednesday, other than recent international travel and the fact that symptoms are mild and have not required hospitalization.

In a statement, Dr. Wilma Wooten, the county’s public health director, said that all three are “managing their symptoms in home isolation.”

“Most individuals who become infected experience mild to moderate symptoms, and the risk of contracting the virus remains very low for the general population,” Wooten said.

The news came as UC San Diego and partners updated estimates of the amount of coronavirus detected in local wastewater. The shape of the graph continued to be flat, with an estimated 6.7 million coronavirus copies detected per liter of sewage Wednesday nearly identical to the 6.9 million copies documented one week earlier but far, far lower than the peak of 47.6 million recorded on Jan. 10 at the peak of the winter Omicron wave.

Weekly case totals roughly reflect the plateau seen in wastewater analysis, with 1,773 new cases reported to the public health department Wednesday, just slightly lower than the 1,857 reported one week earlier.

Monkeypox is much less contagious than coronavirus because it mainly spreads through direct skin-to-skin contact with another person. While the virus can spread through the air, it is much less likely and requires a much longer period of close contact than coronavirus does.

Risk assessment guidelines published by the U.S. Centers for Disease Control and Prevention consider a “high” level of exposure to include anyone who had unprotected contact with an infected person’s skin, mucous membranes, or bodily fluids. The CDC considers a high level of exposure through the air to be possible in situations where people are within 6 feet of a person during medical procedures that cause large amounts of bodily fluids to enter the air in an enclosed space and others are not protected by N-95 masks.

An intermediate degree of exposure is calculated for those who spent at least three hours within six feet of an infected person without wearing at least a surgical mask, meaning that those who simply shared the same space for a few minutes or even two solid hours have very low chances of becoming infected.

By comparison, the original estimate for the first few waves of the coronavirus held that it took about 15 minutes sitting and talking with an infected person to become infected, and estimates of Omicron variant transmission are quicker still.

A county spokesperson said Thursday that public health investigations learned of two people who had contact with one of the two monkeypox patients announced Wednesday, though it was not clear which CDC risk level their exposures fell into. No information was available Friday regarding contacts of the third patient announced Friday.","['identifies', 'county', 'additional', 'case', 'monkeypox', 'infected', 'coronavirus', 'person', 'health', 'contact', 'announced', 'symptoms', 'public', 'million', 'level', 'exposure', 'air', 'wooten', 'week', 'wastewater', 'virus', 'space', 'san', 'risk', 'reported', 'peak', 'omicron', 'minutes', 'mild', 'lower', 'low', 'hours', 'high', 'fluids', 'feet']",0.6,0,0.2,0,0,0,0.45
37,2420978043,2022-09-14 13:23:18,UPI,CDC Director Rochelle Walensky: More testing is needed for monkeypox,https://www.upi.com/Top_News/US/2022/09/14/Walensky-CDC-monkeypox-Fauci-Paul/9691663174591/,"Sept. 14 (UPI) -- Dr. Rochelle Walensky, director for the Centers for Disease Control and Prevention, said to a Senate committee on Wednesday that her agency is working with the community at a heightened level to get the monkeypox vaccines to those groups affected the most.

During the committee hearing, Walensky said the CDC needs to do more to expand testing for monkeypox. According to the latest CDC data, there have been 22,630 cases of monkeypox confirmed in the United States, with Texas, New York, California and Florida leading the way.



Walensky said while monkeypox was not exclusive to the gay community, men who have sex with other men have been disproportionately affected by the disease.

""The CDC has been studying monkeypox for decades and has contributed to the tests, experimental therapeutics and vaccines that are available today,"" she said.

""But as a relatively rare disease, almost no providers in the U.S. have seen or even heard of monkeypox. Provider education has been a key component, and indeed a remarkable challenge, but critical to our response.""

Walensky said the CDC has issued four different health advisories reaching more than one million people each. She added that the agency has worked with its partners to expand testing capacity while admitting it was still working to make testing more available.



Walensky said more than 540,000 vaccines have been administered so far.

""Collaborations with communities most affected by the outbreak, including the LGBTQ-plus community, is critical to our response,"" she said. ""In recent weeks the CDC has provided technical support and vaccination"" at large events serving LGBTQ-plus audiences in hopes to slow the spread of the disease.

Walesnky was joined at the hearing by President Joe Biden's medical advisor Dr. Anthony Fauci and Federal Drug Administration Commissioner Dr. Robert Califf.

The monkeypox discussion veered off course with the ongoing questioning from Sen. Rand Paul, R-Ky., of Fauci. This time, Paul aggressively questioned Fauci about allowing children to be vaccinated with the COVID-19 vaccine multiple times and not accounting for protection that comes from a previous infection.

Fauci pushed back on Paul's comments, saying that the vaccine rules were approved by the FDA and CDC advisory committees, and he never had the sole authority to make vaccine approval or rules in his capacity.","['rochelle', 'needed', 'director', 'monkeypox', 'cdc', 'testing', 'walensky', 'vaccines', 'vaccine', 'fauci', 'dr', 'community', 'affected', 'working', 'rules', 'paul', 'men', 'lgbtqplus', 'hearing', 'expand', 'disease', 'critical', 'committee', 'capacity', 'agency', 'york', 'worked', 'weeks', 'wayadvertisementwalensky', 'veered', 'vaccination', 'vaccinated', 'upi', 'united', 'today']",0.8,0,0,0,0.6,0,0
38,2368042493,2022-07-16 12:54:13,Bleacher Report,Long Beach reports first suspected case of monkeypox,https://www.dailynews.com/2022/07/16/long-beach-reports-first-suspected-case-of-monkeypox/,"Long Beach has reported its first presumptive case of monkeypox.

The patient is an adult Long Beach resident with no recent travel history or known contacts. They are symptomatic and recovering and isolating at home, city officials said.

Preliminary test results indicate that the person tested positive for orthopoxvirus, and additional testing will be performed at the U.S. Centers for Disease Control to confirm monkeypox.

The city’s health department is conducting an extensive contact investigation and offering the vaccine to people who may have been exposed in order to prevent additional cases.

“We are taking monkeypox very seriously, and diligently working to vaccinate people who are at highest risk, understanding that the vaccine is currently in extremely limited supply,” Mayor Robert Garcia said.

Monkeypox is part of the same family of viruses as smallpox. It is rarely fatal. The symptoms are similar to those of smallpox, but milder. Symptoms of monkeypox typically include fever, headache, muscle aches, swollen lymph nodes, chills and exhaustion. A rash that can look like pimples or blisters sometimes appears on the face, inside the mouth and on other parts of the body.

Those with monkeypox are infectious and should isolate until the rash resolves. People who have symptoms should call their health care provider, who will determine the need for testing.

Those who do not have a health care provider and are experiencing symptoms can contact the city of Long Beach’s public health information line at 562-570-7907.

“The risk of monkeypox is very low, but we are continuing our work and taking proactive measures to mitigate further spread,” City Health Officer Dr. Anissa Davis said. “This highlights why public health is important in preparing and empowering our community by offering awareness, education and prevention methods.”

As of July 15, more than 12,000 cases of monkeypox have been reported globally, including 1,814 cases in the United States, 250 in California and 85 in Los Angeles County. While people of any gender and sexual orientation can acquire and spread monkeypox, most cases have been among men who have sex with men and transgender women.

According to the Long Beach health department, vaccines and antivirals may be given to prevent illness or reduce disease severity, which include the JYNNEOS vaccine. Vaccines are currently in very limited supply, but more are expected in the coming weeks. In alignment with the Los Angeles County strategy of administering vaccine, the city’s health department is currently offering the vaccine to people who:

have been exposed to someone with confirmed monkeypox and do not have symptoms;

have been exposed through that specific person will be contacted by the health department;

have established care at specialty clinics (i.e., STD or HIV clinics) where there was high risk of exposure to someone with monkeypox;

are gay and bisexual men or transgender people with a diagnosis of rectal gonorrhea or early syphilis within the past three months and have a doctor’s referral or proof of a positive result.","['suspected', 'reports', 'case', 'monkeypox', 'long', 'beach', 'health', 'vaccine', 'symptoms', 'risk', 'offering', 'men', 'exposed', 'department', 'city', 'cases', 'care', 'vaccines', 'transgender', 'taking', 'supply', 'spread', 'smallpox', 'reported', 'rash', 'public', 'provider', 'prevent', 'positive', 'person', 'monkeypoxthe', 'los', 'limited', 'include', 'disease']",0,0,0,0,0.6,0,0.4
39,2360810319,2022-07-07 09:51:31,newsy,Wastewater Could Help Fill Gaps In Monkeypox Testing,http://www.newsy.com/stories/tracking-monkeypox-cases-through-wastewater/,"The latest numbers from Our World In Data show about 7,000 cases of monkeypox have been reported in 58 countries.

For perspective, the world is seeing three times the number of monkeypox cases it's had in 30 years.

We're still in the early days with this outbreak science-wise, with more questions than answers. But what we do know is a lesson from COVID — testing is crucial at this stage.

""I think we can say with monkeypox, surveillance has been very poor,"" World Health Organization Health Emergencies Program Director Dr. Michael Ryan said.

The World Health Organization says testing and sharing the genetic sequence of this new monkeypox strain is key to slowing the current outbreak.

""What we are actually seeing at the moment is like the drunk man looking for his keys under the lamppost. We're only looking in the light, not in the dark, and that's the problem,"" Ryan continued.

The CDC is ramping up testing for U.S. monkeypox cases.

One of five major labs — Labcorp — is the first in the fold. It's expected to run up to 10,000 tests per week, doubling the CDC's current ability.

As of July 6, 605 known monkeypox cases have been counted in the U.S. California, New York, Florida, Illinois, and Washington, D.C. make up more than half of them.

Wastewater from California's Bay Area could be the most accurate prediction of what's to come.

Wastewater counts have proved vital for tracking COVID as new variants have continued to spread. And it's the same for monkeypox.

Newsy reconnected with Alexandria Boehm, who oversees the Sewer Coronavirus Alert Network. She said since late June, monkeypox DNA has been showing up consistently in wastewater.

""There is some data suggesting that it can be excreted in feces and urine,"" she said. ""It can also be emitted from sores that are present on the skin. So when you take a shower, for example, if you have monkeypox, some of that monkeypox virus can end up in wastewater just from being washed from the skin surface.""

The gist is that the data covers gaps that get missed from human testing.

So, if there aren't as many monkeypox tests to go around, it still shows up in wastewater.

""We're really looking at presence, absence in wastewater and repeated detection of the monkeypox viral DNA in wastewater,"" epidemiologist Dr. Eric Feigl-Ding said. ""The fact that it's showing up in the community wastewater levels means that cases are much higher than we want to admit.""

Feigl-Ding says wastewater is crucial to tracking spread to cover for the current gap challenges in testing and diagnosis.

""We need to broaden our testing definitions. We need to broaden testing availability. We need to broaden clinician and hospital knowledge about monkeypox,"" he continued.

Another conflict is something called testing bias. With monkeypox, the majority of cases have been found in men who've had sex with men.

It's unclear at this point whether cases are more prominent in men who have sex with men or if that's because the early case definition focused on that group.

The CDC main case definition included that. It changed who was eligible for a test in late June after pushback from outside scientists.

The CDC says monkeypox spreads person-to-person from contact with the sores or scabs, or through respiratory droplets or oral fluids through close intimate contact. You can also get monkeypox from touching recently contaminated clothing or bedding used by an infected person.

CDC officials have said a challenge is getting clinicians to recognize monkeypox. Some of the literature shows this version's skin bumps look less severe than previous outbreaks.

Doctors should be testing patients for monkeypox if they show any bumpy rash, and labs should be running them.

If you think you may have a case but are struggling to get tested, doctors say you can swab and freeze a sore's liquid discharge while you try to gain access to a test.","['gaps', 'monkeypox', 'testing', 'wastewater', 'cases', 'world', 'sores', 'skin', 'men', 'health', 'data', 'current', 'cdc', 'case', 'broaden', 'tracking', 'tests', 'test', 'spread', 'shows', 'showing', 'sex', 'ryan', 'organization', 'late', 'labs', 'early', 'dr', 'dna', 'definition', 'crucial', 'covid', 'contact', 'york', 'yearswere']",0.55,0,0.35,0.8,0.9,0,0.75
40,2446497727,2022-10-13 04:00:07,UPI,"Cholera protection gaps in U.S.: No new vaccine supply, no national stockpile",https://www.upi.com/Health_News/2022/10/13/cholera-vaccine-shortage-vaxchora/5351664821394/,"WASHINGTON, Oct. 13 (UPI) -- Shortages of U.S. cholera vaccine have raised concerns among some of the nation's top infectious disease doctors, who fear Americans could become highly vulnerable to a public health threat that can spread and kill quickly.

""We got caught flat-footed with monkeypox. This is a wake-up call -- we can't get caught flat-footed again with cholera,"" Dr. Peter Hotez, co-director of Texas Children's Hospital Center for Vaccine Development, told UPI in a phone interview.



Right now, only one Food and Drug Administration-approved cholera vaccine exists. The U.S. government wants to expand this travel vaccine's use to include children, as well as adults, who head to cholera hotspots.

But it sits on the U.S. drug shortages list and has been unavailable for nearly two years. And no federal vaccine supply exists as backup in case of a disaster-related mass cholera outbreak in this country.



Rising poverty, urbanization, political instability and conflict, along with climate change that spurs natural disasters, are 21st century influences that contribute to cholera outbreaks in other parts of the world, including most recently in Haiti, said Hotez, dean of the National School of Tropical Medicine at Baylor College of Medicine.

""We'll see more cases of cholera, monkeypox and coronavirus-like illnesses"" globally, Hotez said, citing his 2021 book, Preventing the Next Pandemic.

He added: ""When epidemics occur, they're quite explosive, and a lot of people can perish very quickly. You can't wait six months for a company to gear up. ... This is the problem with not adequately stockpiling this [cholera vaccine in the United States], and nobody is looking [at the issue from] an aerial view.""

Surges during disasters

Cholera, a severe diarrheal illness caused by the bacterium Vibiro cholerae, may surge in the wake of man-made or natural disasters in areas that lack clean water, adequate hygiene and proper sanitation.

Worldwide, about 1.3 million to 4 million people develop cholera annually, and 21,000 to 143,000 die from it, according to the Centers for Disease Control and Prevention.

The CDC says cholera rarely occurs in the United States, though it was common in the 1800s, because its spread was basically eliminated by modern water and sewage treatment systems.



Yet, the United States is not immune to a problem that constantly ravages so many countries, Hotez said. He noted, for example, that the Texas Gulf Coast, where he lives, could be vulnerable to a cholera outbreak after a hurricane.

""So,"" Hotez said, ""I think it's shortsighted the U.S. government doesn't provide stockpiling [of cholera vaccine]. ... The U.S. needs to catch up with more stockpiling than it currently does.""

Nearly all cholera cases reported in the United States arise from international travel, according to the CDC. But when outbreaks occurred in countries near the United States, such as Haiti in 2010, the number of U.S. cholera cases increased. Imported, contaminated seafood also has caused infections.

Globally, an emergency stockpile of oral cholera vaccine was established in 2013 by the World Health Organization's International Coordinating Group and partners.

Since the stockpile's creation, WHO spokeswoman Amna Smailbegovic told UPI, more that 123 million doses have been shipped to 23 countries -- from Bangladesh to Zimbabwe.

After a production increase, the amount of cholera vaccine shipped from the global stockpile rose to 27 million doses in 2021, up from 200,000 doses in 2013, according to WHO.

""All countries are eligible to request vaccines from the global stockpile. However, the risk of a cholera outbreak in high-income countries is very low, so we do not expect this to be the case,"" WHO said in an emailed statement.



Not tested in U.S.

However, Shanchol and Euvichol-Plus, the two-dose cholera vaccines currently available for mass vaccination campaigns through WHO's global stockpile, were not tested or made in the United States, which experts say the FDA prefers.

CDC spokeswoman Candice Hoffmann underscored the United States' ""strong and reliable drinking water systems, adequate sanitation, hygiene and sewage infrastructures"" in an emailed statement to UPI on Wednesday.

""In the unlikely event such an outbreak [of cholera] were to occur, CDC would work closely with FDA to seek emergency use licensing for Shanchol and Euvichol-Plus cholera vaccines using data from its usage overseas,"" Hoffman said.

To allow emergency use authorization, the FDA said it thoroughly evaluates available safety, effectiveness and manufacturing quality information -- a process that may hamper fast response to a public health emergency.

When Pfizer Inc. sought permission for emergency use of its COVID-19 vaccine at the end of 2020, for example, the process took three weeks.

To date this year, 23.5 million doses of cholera vaccine have shipped from the global stockpile, another 8 million doses required for the second dose of the two-dose regimen are pending shipment and more requests are under review, WHO said.



No vaccine in stockpile

By contrast, there isn't a single dose of cholera vaccine in the U.S. Strategic National Stockpile in case of outbreaks, spokeswoman Dawn Young told UPI in an email. This stockpile distributed ventilators and personal protective equipment at the peak of COVID-19, and stores two types of monkeypox vaccine.

The only cholera vaccine approved by the FDA, Vaxchora, has been on the FDA's national drug shortage list for well over a year. And until 2016, when Vaxchora received FDA's go-ahead for use in adults ages 18 through 64, no cholera vaccine had been available for decades for U.S. travelers are risk.

Maryland-based Emergent BioSolutions, which manufactures Vaxchora, told UPI its last batch of the one-dose oral cholera vaccine for U.S. international travelers had been shipped in December 2020.

""Given the unprecedented impact and halt in global travel during the pandemic, we proactively decided to discontinue production of Vaxchora ... [but] continued to diligently monitor travel health trends in preparation for production ramp-up,"" Jonathan Wong, Emergent Travel Health's general manager and global vice president, said in an email.

Emergent told UPI it resumed Vaxchora's production ""in third quarter 2022,"" but won't have more supply available until early 2023. The vaccine, which costs about $300 per dose, is made at Emergent's plant in Bern, Switzerland.



Emergent -- the target of a congressional probe into the manufacture of COVID-19 vaccines -- said it plans to produce a supply of cholera vaccine ""that will meet full year (2023) forecasted demand.""

The call for storing a cholera vaccine In the United States dates back more than a decade.

Humanitarian resource

In 2010, Hotez, Dr. Matthew Waldor and Dr. John D. Clemens co-authored a New England Journal of Medicine article that urged creation of a national cholera vaccine stockpile as a ""humanitarian and diplomatic resource.""

That never materialized, though WHO's global stockpile began a few years later.

Waldor, a professor of medicine at Brigham and Women's Hospital and Harvard Medical School, told UPI in a telephone interview that cholera remains problematic in many parts of the world, but there's been ""just the occasional imported case"" domestically over the past 20 years that hasn't led to outbreaks.

Cholera is ""usually treatable"" with fluids and antibiotics, he said, describing the risk to most U.S. international travelers as ""very low,"" aside from aid and healthcare workers, ""so it's not a disaster there's not enough cholera vaccine for travelers.""

But Waldor said ""it's OK [for U.S.-based international travelers] to be super safe and get it [cholera vaccine], and conceded he may be ""overly sanguine"" about the U.S. cholera vaccine gap.



""Out of an abundance of caution, it might be good to have some in the stockpile, but I don't think there's a major risk for cholera in the United States,"" he said.

Waldor underscored the overall importance of cholera vaccines, noting that his laboratory plans to begin a phase 1 clinical trial of its own vaccine candidate, probably in November in Boston.

He said he anticipates his vaccine, if proven safe and effective, will join the global stockpile -- and be distributed and manufactured in countries that need it the most.","['protection', 'gaps', 'cholera', 'vaccine', 'stockpile', 'national', 'supply', 'united', 'states', 'upi', 'global', 'vaccines', 'told', 'million', 'hotez', 'countries', 'travel', 'international', 'doses', 'vaxchora', 'travelers', 'shipped', 'production', 'outbreak', 'health', 'fda', 'emergency', 'case', 'world', 'water', 'stockpiling', 'spokeswoman', 'risk', 'outbreaks', 'monkeypox']",0,0,0.3,0.8,0,0,0.8
41,2320465034,2022-05-26 14:09:47,Mic,"No, monkeypox is not a &quot;gay disease&quot;",https://www.mic.com/life/monkeypox-transmission-grindr-gay-disease,"In the week since monkeypox started spreading through Europe, North America, and Australia, experts have been gathering more information about the outbreak’s origins. Unfortunately for the LGBTQ+ community, it’s not looking hot for us: Apparently, this outbreak can likely be traced to two gay raves in Spain and Belgium, per the AP. Grindr has even teamed up with health officials in the UK and started sending warnings to its users across Europe: “(Monkeypox) is transmitted through close contact, like during sexual intercourse or through contaminated bedding, sex toys,” the pop-up message reads.

I just know that some people are going to start using monkeypox as an excuse to sex-shame the queer community, like they did with HIV back in the day — but unlike the latter, monkeypox is not even a sexually transmitted disease. The virus spreads mostly by way of very close contact through “broken skin (even if not visible), respiratory tract, or the mucous membranes (eyes, nose or mouth),” according to the CDC. Because monkeypox isn’t nearly as easily spread as COVID, prolonged intimate contact is necessary for it to go from one person to the next, which means it is more likely — but not exclusively — spread during sex.

It just so happens that the current outbreak originated in queer communities, but that doesn’t mean queer people are to blame. “By nature, sexual activity involves intimate contact, which one would expect to increase the likelihood of transmission, whatever a person’s sexual orientation and irrespective of the mode of transmission,” Mike Skinner, a virologist at Imperial College London, told the AP.

Earlier this week, World Health Organization (WHO) advisor Andy Seale also stressed that, “while we are seeing some cases among men who have sex with men, this is not a gay disease.”

Ultimately, the danger when discussing this monkeypox outbreak and its origins, as the queer publication them pointed out, is that stigmatizing the virus by associating it with the LGBTQ+ community will only deter people from getting tested. “Stigma and blame undermine trust and capacity to respond effectively during outbreaks like this one,” UNAIDS deputy executive director Matthew Kavanagh said in a statement.

So far, there has only been one confirmed case and a handful presumptive cases in the U.S., but there are dozens more across Europe and Australia. Symptoms of monkeypox include fever, chills, and smallpox-like lesions, and the CDC recently issued a travel alert warning us to stay away from sick people with skin or genital lesions. Luckily, monkeypox isn’t usually deadly and the government is starting to offer vaccines to healthcare workers and people who are exposed to the virus, per CNN.","['disease', 'monkeypox', 'gay', 'queer', 'contact', 'virus', 'sexual', 'outbreak', 'europe', 'community', 'week', 'transmitted', 'transmission', 'started', 'spread', 'skin', 'sex', 'outbreaks', 'origins', 'men', 'lgbtq', 'lesions', 'isnt', 'intimate', 'health', 'close', 'cdc', 'cases', 'blame', 'australia', 'world', 'workers', 'warnings', 'warning', 'visible']",0.95,0.85,0.6,0,0,0,0.8
42,2330721586,2022-06-06 16:04:00,Gizmodo,CDC Says You Should Wear a Mask While Traveling—for Monkeypox,https://gizmodo.com/cdc-moneypox-travel-alert-masks-1849024834,"The Centers for Disease Control and Prevention is stepping up its guidance concerning monkeypox. While the risk of monkeypox is still thought to be low for the general public, the agency is now warning people to take more precautions while traveling. These precautions include avoiding contact with visibly sick people as well as wearing a mask.

The CDC changed its language over the weekend. As detailed in its travel notice concerning monkeypox, it considers the situation to be a level 2 alert, which merits some enhanced precautions. The highest level is 3, which recommends against any non-essential travel to affected areas.

Monkeypox is thought to be native to rodents, and up until recently, it has only occasionally caused human outbreaks in parts of Africa where it may be endemic. This year, however, there have been around 1,000 cases confirmed or suspected in more than two dozen countries, including the United States. Many of these cases have had recent no travel history to Africa, suggesting that the virus is spreading locally between people.

Since m id-M ay, T he CDC has cautioned travelers to avoid close contact with sick people, particularly those with skin lesions or genital lesions—monkeypox’s most distinctive symptom, along with flu-like illness. People should also avoid contact with dead or wild animals, including rodents; they should avoid eating so-called bushmeat or products made from wild animals in Africa; and they should avoid touching or sharing materials that may have been contaminated by infected individuals, such as bedsheets. But the CDC is now also recommending travelers to mask up, noting that “wearing a mask can help protect you from many diseases, including monkeypox.”

Early investigations have found that many infected individuals may have caught it while having sex, though the exact mechanism of transmission is not yet clear. It may be spreading through close contact with an infected person’s rashes, for instance, but it could theoretically be spreading through infected semen as well. Many outbreaks have been linked to men who have sex with men, but the risk of sexual transmission isn’t exclusive to these individuals. And despite close contact being the presumed route of transmission for most cases, lab studies have suggested that the virus can spread through droplets or aerosols as well.

Last week, new evidence surfaced suggesting that the virus has been circulating outside of Africa some time before these latest outbreaks became noticed. And while efforts are ongoing to trace the outbreaks and limit further spread, experts have warned that it may be not possible to stop the virus from establishing itself in new parts of the world. At the same time, monkeypox is considerably less contagious than covid-19, the other most recent illness to warrant widespread travel precautions, and there are effective vaccines and treatments available for it.","['wear', 'travelingfor', 'monkeypox', 'cdc', 'mask', 'contact', 'virus', 'travel', 'precautions', 'outbreaks', 'infected', 'avoid', 'africa', 'transmission', 'spreading', 'individuals', 'including', 'close', 'cases', 'wild', 'wearing', 'travelers', 'thought', 'suggesting', 'spread', 'sick', 'sex', 'rodents', 'risk', 'recent', 'parts', 'men', 'level', 'illness', 'animals']",0.8,0,0,0.2,0.8,0,0.8
43,2316422685,2022-05-22 12:25:00,Marketwatch,"Key Words: Monkeypox is something ’everybody should be concerned about’ and ‘would be consequential,’ if it spreads, says President Biden",http://www.marketwatch.com/news/story.asp?guid=%7B20C05575-04D4-B545-7D9E-1EF784EFEFA6%7D&siteid=rss&rss=1,"On Friday, The Wall Street Journal reported that 37 monkeypox cases had been confirmed globally, adding that 71 other cases were under investigation in countries where monkeypox isn’t endemic, citing the World Health Organization.

New York state was monitoring a monkeypox case tied to a New York City resident.

Massachusetts health officials and the Centers for Disease Control and Prevention confirmed on May 18 a single case of monkeypox in a patient who had recently traveled to Canada.

Dr. Scott Gottlieb, a former commissioner at the Food and Drug Administration, told CNBC, in an interview Friday, that monkeypox has likely already spread widely across communities, given the number of increasing cases in the U.S. and Europe.

Outside of the U.S., Germany, Australia, France and Belgium also reported their first cases last week, with two confirmed cases also cropping up in Canada, the Journal reported.

Monkeypox is a disease that is rarely seen outside of Africa. The first confirmed human case was in 1970, when the virus was isolated from a child suspected of having smallpox in the Democratic Republic of Congo. The first documented cases of the illness in animals goes back to 1958. The disease is caused by the monkeypox virus, which belongs to a subset of the Poxviridae family of viruses called Orthopoxvirus.

On Sunday, Biden told reporters that the contagion “is something that everybody should be concerned about.”

Scientists who have monitored numerous outbreaks of monkeypox in Africa have reported being baffled by the disease’s recent spread outside of the continent, the AP reported.

Read: Opinion: With COVID top of mind, some people are worried about monkeypox. A microbiologist explains what’s known about this smallpox cousin.

“I’m stunned by this. Every day I wake up and there are more countries infected,” Oyewale Tomori, a virologist, was recently quoted by the AP as saying. The scientist is a member of several World Health Organization advisory boards and was formerly head of the Nigerian Academy of Science.

Some scientists have said monkeypox is unlikely to cause another pandemic, as concerns about the aftershocks of COVID-19 linger, but there are fears that increased travel post-COVID could lead to some monkeypox transmission.

“Now that there’s been community spread, it may be hard to fully snub this out. I don’t think it’s going to become a major epidemic because this is a virus that’s difficult to spread,” Gottlieb told CNBC.

Rodney E. Rohde, a Regents’ Professor of Clinical Laboratory Science at Texas State University, has said that evidence suggests that the vaccine for smallpox, which monkeypox is related to, can “help prevent monkeypox infections and decrease the severity of the symptoms.” One smallpox vaccine is known as Imvamune or Imvanex.

The Food and Drug Administration licensed, Jynneos, the trademark name that Imvamune and Imvanex also goes by, according to the Centers for Disease Control and Prevention.

Indeed, companies that develop treatments and vaccines for smallpox have recently been seeing their shares rally, despite the broader downturn in markets.

Shares of Emergent BioSolutions Inc. EBS, -2.14% were up 11% last Friday. The biopharmaceutical company received a $2 billion contract from the U.S. Department of Health and Human Services in 2019 to supply its smallpox vaccine to the U.S., the Journal reported last week. Emergent’s shares were up 9% in May but down 18.7% in the year to date.

By comparison, the S&P 500 index SPX, +0.03% is down 18.1% so far in 2022, the Dow Jones Industrial Average DJIA, +0.16% is down 14% and the Nasdaq Composite Index COMP, -0.28% is off more than 27% thus far in the year.

Meanwhile, SIGA Technologies Inc. SIGA, +3.50%, a New York-based company, which said it received approval in Europe for its smallpox drug TPOXX, or tecovirimat, saw its shares soar 43% on Friday, bringing its stock up 65% so far in 2022.

The CDC has urged medical professionals to identify patients with rash like symptoms similar to monkeypox and added that those suspected of the illness should isolate.","['spreads', 'president', 'consequential', 'concerned', 'biden', 'monkeypox', 'smallpox', 'cases', 'spread', 'reported', 'health', 'disease', 'confirmed', 'virus', 'vaccine', 'told', 'shares', 'recently', 'journal', 'drug', 'case', 'york', 'world', 'week', 'symptoms', 'suspected', 'state', 'siga', 'received', 'index', 'imvamune', 'illness', 'human', 'gottlieb', 'food']",0,0,0.6,0,0.7,0,0.8
44,2332238171,2022-06-08 08:25:10,HuffPost,CDC Raises Travel Alert As Monkeypox Cases Grow,https://www.huffpost.com/entry/monkey-pox-level-two-cdc-travel-alert_n_62a043f7e4b0cf43c8425bdd,"Over 1,000 monkeypox cases have been reported worldwide as of Tuesday, according to the CDC.

LOADINGERROR LOADING

The Centers for Disease Control and Prevention raised its travel alert to level two on Monday, asking travelers to “practice enhanced precautions” as monkeypox cases have grown to over 1,000 worldwide.

The travel alert encourages people traveling to “avoid close contact” with sick people and animals with skin lesions.



The CDC cautions that the risk to the general public is low but anyone who gets an “unexplained skin rash” should seek medical help.

Cases of monkeypox – a rare disease from the monkeypox virus that causes skin rashes after symptoms like fever and muscle aches – have grown this year. The disease has been spreading undetected, the World Health Organization said last week.

The disease “occurs throughout” Central and West Africa, and infections from the virus occur through skin-to-skin contact, materials with the virus on it, or body fluids, the CDC noted.

The CDC initially recommended face masks to prevent the spread of the rare disease but removed the guidance following social media criticism, the Wall Street Journal reported.



The CDC said it removed the guidance “because it caused confusion,” according to the newspaper, but recommends the use of masks for people at “high risk of contracting monkeypox.”

There have been 1,088 confirmed cases of monkeypox in 29 countries this year as of Tuesday, including 302 confirmed cases in the U.K., the CDC reported.

Vaccines can be used for the monkeypox virus, including ACAM200 and JYNNEOS vaccines that can reduce symptoms but “not prevent the disease,” according to the CDC.","['raises', 'grow', 'alert', 'monkeypox', 'cdc', 'cases', 'travel', 'free', 'disease', 'virus', 'huffpost', 'expensive', '2024', 'skin', 'journalism', 'critical', 'country', 'wellinformed', 'voters', 'symptoms', 'stake', 'risk', 'retreat', 'reported', 'removed', 'rare', 'prevent', 'press', 'presidential', 'polls', 'newsrooms', 'masks', 'investigations', 'including', 'head']",0,0,0.3,0,0.8,0,0
45,2446858774,2022-10-13 10:15:00,Fortune ,The monkeypox vaccine is more widely available now. Are you eligible to get it?,https://fortune.com/well/2022/10/13/monkeypox-vaccine-eligibility-expanded/,"In some cities, such as New York, Chicago and Los Angeles, the vaccine is available through the local health department, public health clinics, and hospitals. Some places are even offering the vaccine at gay bars and other large social gatherings with at-risk populations.

“Overall the availability of the monkeypox vaccine, JYNNEOS, has increased, however, currently the CDC [Centers for Disease Control and Prevention] is not recommending routine immunization against monkeypox for the general public,” says Dr. Ami Patel, attending physician of infectious diseases at Lurie Children’s Hospital in Chicago. “The vaccine efforts are focused on the specific populations being most impacted based on data from the current outbreak.”

Whereas the vaccine was previously prioritized for men who have sex with men, now anyone of any sexual orientation or gender identity who is at risk for the monkeypox virus, also known as MPV, is able to get vaccinated. This includes people who have been identified as a close contact of someone with monkeypox; people who’ve recently learned one of their recent sex partners has been diagnosed with monkeypox; and if you’re a transgender or nonbinary person who has had mutlipe sex partners; sex at a commercial sex venue; or sex at an event or in an area where monkeypox is occurring, according to the CDC. People who have sexual partners that fit into the aforementioned scenarios as well as people who anticipate experiencing any of the above scenarios are advised to get vaccinated.

“Typically individuals who qualify for the vaccine are those who have had close contact with someone diagnosed with monkeypox or someone at high risk for being exposed to monkeypox,” explains Patel. “Anyone who thinks they may fit this criteria should speak to their primary care physician who can help determine if they qualify and can advise on where to get the vaccine if they qualify.”

The JYNNEOS vaccine for people 18 and older, which is free regardless of your ability to pay, requires two doses 28 days apart, and is administered intradermally or in the muscle. While the JYNNEOS vaccine is not currently available to all children, emergency use authorization from the FDA allows children under the age of 18 who’ve been exposed to MPV to receive the vaccine subcutaneously, or in the fat layer beneath the skin. If you’re prone to keloids, however, which is more common in darker-skinned people, the CDC recommends receiving a subcutaneous injection.","['heres', 'expanded', 'eligibility', 'vaccine', 'monkeypox', 'sex', 'partners', 'jynneos', 'cdc', 'youre', 'whove', 'sexual', 'scenarios', 'risk', 'qualify', 'public', 'physician', 'patel', 'mpv', 'men', 'health', 'fit', 'exposed', 'diagnosed', 'contact', 'close', 'children', 'chicago', '18', 'york', 'virus', 'venue', 'vaccinatedtypically', 'vaccinated', 'transgender']",0.6,0.5,0,0,0.5,0,0
46,2364455828,2022-07-12 22:45:11,San Diego Union Tribune,Limited supply of monkeypox vaccine offered to San Diego's gay and bisexual communities,https://www.sandiegouniontribune.com/news/health/story/2022-07-12/limited-supply-of-monkeypox-vaccine-offered-to-san-diegos-gay-and-bisexual-communities,"About 600 doses of monkeypox vaccine will be made available to those at increased risk of infection Wednesday and Thursday in an effort to prevent spread of the disease during the San Diego Pride Festival this weekend.

State, national and international public organizations have recently indicated that members of gay, bisexual and transgender communities have made up a significant percentage of those who have contracted monkeypox infections, with some linked to raves and other large parties overseas in the spring.

Dr. Seema Shah, medical director of San Diego County’s epidemiology and immunization services branch, said Tuesday that additional doses were provided to the county health department in advance of the festival as was the case for similar events held recently in other communities such as San Francisco and Los Angeles.

“We looked at what other jurisdictions have done, to understand what’s the best way to go about doing this,” Shah said. “This is not just a decision made by the county; it’s a decision made by the community.”

So far, San Diego County has reported only six monkeypox cases, and Shah said there are no signs that they are linked. Nor is there any evidence of person-to-person transmission in the community.

Shah said that the county has been working with organizations such as The San Diego LGBT Community Center and San Diego Pride to raise awareness that this particular population is at a greater risk of getting infected.

“We’re reaching out as directly as we can to groups of people that need to be vaccinated,” Shah said. “We made this decision in conjunction with community leaders, asking what’s the best messaging, what are the right groups, how should we do this?”

Shah said Wednesday that there has been concern that such a conversation, occurring in public, might stigmatize those it seeks to help. She said that working directly with advocacy groups was part of the strategy to decrease stigma, but that the broad reach necessary to fill 600 vaccination slots in just two days required wide notice.

“With Pride coming up, this was a good opportunity and we wanted to give the vaccine to as many people as we could,” she said.

She added that the public health department attempts to operate as transparently as possible.

“It’s our duty to inform the public of all of our strategies, and that’s exactly what we did,” Shah said.

Rebekah Hook-Held, spokesperson for The San Diego LGBTQ Community Center, said in an email Wednesday that the LBGTQ community “has been disproportionally affected by HIV and COVID-19 and is now disproportionately impacted by current cases of monkeypox.”

Hook-Held said stopping infections from occurring is the main goal.

“The monkeypox vaccine is an important prevention tool for those who qualify,” she said, adding, “At The Center, we will continue working to reduce stigma and barriers when it comes to sexual health and wellness, and to improve access to information and resources, helping to ensure that our community members can live full and vibrant lives.”

Fernando López Jr., director of San Diego Pride, said messaging has been going out in newsletters, on social media and through other channels for about three weeks now.

Monkeypox spreads through direct physical contact, especially with the distinctive rash that appears after people are infected, and López Jr. said that party planners and small businesses planning events for the coming weekend have generally been open to encouraging caution around physical contact this year.

The county health department was particularly pointed in its messaging Tuesday, “encouraging gay, bisexual, transgender and other men who have sex with men to abstain or practice safer sex to avoid getting and spreading the monkeypox virus.”

Wednesday and Thursday’s events, she said, signal a shift from vaccinating those known to have direct contact with a confirmed case to vaccinating those known to be a higher-than-average risk of infection.

Preventing transmission, Lopez Jr. said, is an effort that the community supports.

“We take public health very seriously as a community,” Lopez Jr. said. “What we are seeing is a really intentional effort on the part of LGBT organizations, small businesses and public health to really do our best to mitigate the spread before it happens.”

Because JYNNEOS, the monkeypox vaccine that will be used Wednesday and Thursday, requires two doses to be effective, vaccination does not immediately eliminate risk of infection. Shah said full protection takes more than one month to develop.

The U.S. Centers for Disease Control and Prevention lists 926 monkeypox cases nationwide with 186 in California, according to the latest update from the California Department of Public Health. A total of 66 probable and confirmed cases have been recorded in Los Angeles County with 60 in San Francisco.

Vaccination will be prioritized for those at the greatest epidemiological risk, including “gay, bisexual and transgender persons and other men who have sex with men,” and also those who participate in circuit or rave parties.

Doses will be delivered by appointment only, and those who are interested can call 211 for more information.","['supply', 'offered', 'limited', 'monkeypox', 'county', 'vaccine', 'san', 'public', 'health', 'diego', 'community', 'shah', 'risk', 'pride', 'men', 'jr', 'department', 'cases', 'working', 'transgender', 'sex', 'organizations', 'messaging', 'groups', 'gay', 'events', 'effort', 'doses', 'decision', 'contact', 'center', 'bisexual', 'whats', 'vaccination', 'vaccinating']",0.92,0.95,0.8,0.8,0.85,0.45,0.7
47,2374621287,2022-07-23 16:30:00,Alternet,World Health Organization declares monkeypox a global health emergency,https://www.alternet.org/2022/07/world-health-organization-monkeypox-emergency/,"The World Health Organization on Saturday formally classified monkeypox as a ""public health emergency of international concern,"" warning that the viral disease is spreading rapidly across the globe.

The WHO's decision came after a panel of advisers failed to reach a consensus position on whether monkeypox constitutes a global health emergency. Saturday's move marks the second time in two years that the WHO has issued such an international health emergency declaration.

""WHO's assessment is that the risk of monkeypox is moderate globally and in all regions except in the European region, where we assess the risk as high,"" WHO Director-General Tedros Adhanom Ghebreyesus told reporters Saturday. ""There is also a clear risk of further international spread, although the risk of interference with international traffic remains low for the moment.""

""So in short, we have an outbreak that has spread around the world rapidly through new modes of transmission, about which we understand too little, and which meets the criteria in the International Health Regulations,"" he said. ""For all of these reasons, I have decided that the global monkeypox outbreak represents a public health emergency of international concern.""

Thus far, more than 16,000 monkeypox infections and five deaths have been reported in 75 countries and territories across the globe. On Friday, the U.S. Centers for Disease Control and Prevention confirmed the country's first two monkeypox cases in children.

There are vaccines and treatments for monkeypox, but public health advocates and experts have voiced concern that access is highly unequal and distribution has been slow—echoing the devastating failures of the Covid-19 pandemic.

""Unless we declare an emergency and act quickly to combat it, we risk repeating the same mistakes we made with our Covid-19 battle,"" Eric Feigl-Ding, Kavita Patel, and Yaneer Bar-Yam wrote in a Washington Post op-ed earlier this month.

""Governments and health authorities worldwide should alert the public regarding protection measures and provide support for mitigation, rapid case identification, early diagnostics, contact tracing, and isolation,"" they continued. ""While a reliable monkeypox vaccine exists due to prior research, it will take many months to ramp up production for the world. Here in the United States, the federal government has already ordered 1.6 million doses for 800,000 Americans, but these will not be available until the end of 2022. By then, it will be too late unless we act now with other containment measures.""

As Kaiser Health Newsnotes, most monkeypox infections detected so far ""have been in men who have sex with men, and many of the cases are in Europe.""

""But the World Health Organization reported July 1 that cases are emerging among other groups—in some cases, among people such as household members, heterosexual contacts, and children,"" the outlet added. ""Up to 10% of patients have been hospitalized, according to the WHO.""","['health', 'declares', 'monkeypox', 'emergency', 'world', 'organization', 'global', 'international', 'risk', 'public', 'cases', 'spread', 'reported', 'rapidly', 'outbreak', 'men', 'infections', 'disease', 'covid19', 'concern', 'act', 'yaneer', 'wrote', 'worldwide', 'whos', 'washington', 'warning', 'voiced', 'viral', 'vaccines', 'vaccine', 'united', 'unequal', 'understand', 'treatments']",0.4,0,0.95,0.75,0.9,0,0.8
48,2315737655,2022-05-21 12:01:55,Guardian US,"We will see more cases of monkeypox, warn British scientists",https://www.theguardian.com/world/2022/may/21/we-will-see-more-cases-of-monkeypox-warn-british-scientists,"Scientists have warned that they expect monkeypox cases to continue to rise this week as more infected people are traced by health authorities.

More than 90 cases have already been reported in Europe, the US and Australia, including 20 in Britain.

The World Health Organization said there were a further 28 suspected cases, in addition to the 92 confirmed in 12 member states which were not endemic for the virus. The global figure is unprecedented for a disease that is normally confined to central and west Africa.

Monkeypox does not spread easily between people, so doctors have been puzzled by the outbreak and by the appearance of cases on different continents at the same time. The virus is only transmitted from person to person through close physical contact – including sexual intercourse.

Symptoms are usually mild – headaches, aching muscles and exhaustion – but monkeypox also causes skin lesions which can become infected, resulting in secondary infections.

“I am certain that we are going to see more cases,” said Charlotte Hammer, a Cambridge University expert on emerging diseases. “First, health authorities are now – very actively – looking for cases, so we are more likely to spot people with mild versions which we might previously have missed or misdiagnosed.

“In addition, monkeypox has an incubation period of between one and three weeks so it is likely we will see new infections among those who were in early contact with the outbreak’s first cases.”

Monkeypox has been found outside Africa in the past, but the number and range of cases in the present outbreak is unusual.

“Essentially, we face two options,” Hammer said. “Either the virus is inherently different now or perhaps our susceptibility to it has changed. Alternatively, it could just be that we have an encountered a perfect storm of conditions that have allowed the virus to spread this way. I think the latter scenario is the more likely one.”

One possibility is that the effects of past mass smallpox vaccinations is fading, leaving fewer people with protection against the closely related monkeypox.

However, Prof Keith Neal, of Nottingham University, added: “Has the virus changed? Well it does not actually appear to be any more lethal, though something may have affected its transmissibility. And don’t forget this is a DNA virus and is unlikely to mutate at the rates that RNA viruses do, including those that cause Covid or HIV. Overall, I am not too worried.”","['warn', 'scientists', 'british', 'cases', 'monkeypox', 'virus', 'including', 'health', 'university', 'spread', 'person', 'past', 'outbreak', 'mild', 'infected', 'hammer', 'contact', 'changed', 'addition', 'worried', 'world', 'west', 'weeks', 'week', 'warned', 'viruses', 'versions', 'vaccinations', 'unusualessentially', 'unprecedented', 'transmitted', 'transmissibility', 'traced', 'suspected', 'susceptibility']",0.8,0,0,0,0,0,0
49,2374293755,2022-07-23 07:02:39,Syracuse.com,"Two children diagnosed with monkeypox in U.S., officials say",https://www.syracuse.com/us-news/2022/07/two-children-diagnosed-with-monkeypox-in-us-officials-say.html,"NEW YORK (AP) — Two children have been diagnosed with monkeypox in the U.S., health officials said Friday.

One is a toddler in California and the other an infant who is not a U.S. resident but was tested while in Washington, D.C., according to the Centers for Disease Control and Prevention.

The children were described as being in good health and receiving treatment. How they caught the disease is being investigated, but officials think it was through household transmission.

Other details weren’t immediately disclosed.

Monkeypox is endemic in parts of Africa, but this year more than 15,000 cases have been reported in countries that historically don’t see the disease. In the U.S. and Europe, the vast majority of infections have happened in men who have sex with men, though health officials have stressed that anyone can catch the virus.

In addition to the two pediatric cases, health officials said they were aware of at least eight women among the more than 2,800 U.S. cases reported so far.

While the virus has mostly been spreading among men who have sex with men, “I don’t think its surprising that we are occasionally going to see cases” outside that social network, the CDC’s Jennifer McQuiston told reporters Friday.

Officials have said the virus can spread through close personal contact, and via towels and bedding. That means it can happen in homes, likely through prolonged or intensive contact, said Dr. James Lawler, an infectious diseases specialist at the University of Nebraska Medical Center.

“People don’t crawl on each other’s beds unless they are living in the same house or family,” he said.

In Europe, there have been at least six monkeypox cases among kids 17 years old and younger.

This week, doctors in the Netherlands published a report of a boy who was seen at an Amsterdam hospital with about 20 red-brown bumps scattered across his body. It was monkeypox, and doctors said they could not determine how he got it.

In Africa, monkeypox infections in children have been more common, and doctors have noted higher proportions of severe cases and deaths in young children.

One reason may be that many older adults were vaccinated against smallpox as kids, likely giving them some protection against the related monkeypox virus, Lawler said. Smallpox vaccinations were discontinued when the disease was eradicated about 40 years ago.","['diagnosed', 'monkeypox', 'officials', 'children', 'cases', 'men', 'health', 'disease', 'virus', 'dont', 'doctors', 'smallpox', 'sex', 'reported', 'lawler', 'kids', 'infections', 'europe', 'contact', 'africa', 'youngerthis', 'young', 'york', 'women', 'werent', 'week', 'washington', 'virusin', 'vast', 'vaccinations', 'vaccinated', 'university', 'treatment', 'transmissionother', 'towels']",0,0,0.5,0,0,0,0
50,2318362748,2022-05-24 12:08:41,theroot.com,United Nations Aids Agency Warns About Racist Coverage of Monkeypox Outbreak,https://www.theroot.com/united-nations-aids-agency-warns-about-racist-coverage-1848968540,"After two years of dealing with COVID-19, the world is on alert about another infectious disease that could be making its way to the United States. As of May 21, the World Health Organization has learned of 92 confirmed cases and 28 suspected cases of monkeypox in places where the disease is not normally spread, including Massachusetts, New York and Washington State.

And although “a significant proportion” of recently reported monkeypox cases have been discovered among gay and bisexual men, the WHO is warning that the disease can be transmitted through close contact and that anyone can potentially be at risk. That’s why the United Nations Aids agency is warning the media to take racist and homophobic rhetoric out of their news coverage.

In a May 22 statement, UNAids sounded the alarm, calling depictions of Africans and LGBTQ individuals in the media’s coverage of the monkeypox virus both racist and homophobic. And they are warning that the stigma created around disease could have an impact on the world’s response.

“Stigma and blame undermine trust and capacity to respond effectively during outbreaks like this one,” said UNAIDS deputy executive director, Matthew Kavanagh. “Experience shows that stigmatizing rhetoric can quickly disable evidence-based response by stoking cycles of fear, driving people away from health services, impeding efforts to identify cases and encouraging ineffective, punitive measures.”

According to the WHO, monkeypox is a virus similar to smallpox. Those with the disease usually have a fever, rash and swollen lymph nodes that lasts between two and four weeks. The fatality rate is less than 10 percent. Although the disease is commonly found in certain African nations, recent cases discovered in Europe, Canada and the U.S. have raised alarm around the rest of the world. When asked about the recent reports of outbreaks, President Biden said, “They haven’t told me the level of exposure yet, but it is something that everybody should be concerned about.” The White House national security adviser added that the country has vaccines ready to deploy if needed.","['warns', 'outbreak', 'coverage', 'aids', 'agency', 'monkeypox', 'united', 'racist', 'nations', 'disease', 'cases', 'world', 'warning', 'virus', 'unaids', 'rhetoric', 'recent', 'outbreaks', 'homophobic', 'health', 'discovered', 'alarm', 'york', 'worlds', 'white', 'weeks', 'washington', 'vaccines', 'undermine', 'trust', 'transmitted', 'told', 'swollen', 'suspected', 'stoking']",0.8,0.8,0.6,0,0.85,0,0.8
51,2414801675,2022-09-07 14:31:54,time,Researchers Are Now Tracking Monkeypox in Wastewater,https://time.com/6206767/wastewater-monkeypox-tracking/,"If the past two years have taught us anything, it’s that testing for viral diseases is complicated. Sometimes, the tests are difficult to get, like in the early days of COVID-19. And even if people have access to testing, they might not feel they need it. People with COVID-19 often don’t have symptoms and may not always know to get tested. And now, with the availability of at-home self-tests, most people test themselves and don’t report the results. With other diseases—such as monkeypox—stigma surrounding the disease and the group most affected can deter access to testing.

These limitations hinder health authorities’ ability to learn more about infectious diseases and control their spread. If you can’t detect a problem, you can’t direct resources to help fix it.

Wastewater analysis can help skirt some of these issues. Scientists have tracked COVID-19 through wastewater since early in the pandemic, and now they’re doing the same for monkeypox. A new program led by researchers at Stanford University, Emory University, and Verily, an Alphabet Inc. company, is monitoring monkeypox cases by analyzing sewage from 41 communities in 10 states. So far, they have detected the monkeypox virus in 22 of those sites. As monkeypox case numbers around the country continue to climb, such information is proving valuable as doctors and patients wrestle with testing challenges. “We have now detected monkeypox DNA in sewersheds before any cases were reported in those counties,” says Bradley White, senior staff scientist at Verily. The group is planning to publish their first findings from their monkeypox work in a preprint soon. Other academic and public-health groups are working with their local sewage facilities to track the virus, but this program, called WastewaterSCAN, is focused on getting a national picture of where cases are.

The data are shared publicly on a website hosted by Stanford, and the group is sharing its findings with the U.S. Centers for Disease Control and Prevention (CDC).

Read More: How the Monkeypox Virus Does—and Doesn’t—Spread

Because sewage is a composite from the thousands of people, it provides an ideal, anonymous way to detect levels of virus in communities. “We are capturing cases even if people are asymptomatic,” says Marlene Wolfe, professor of environmental health at Emory and co-principal investigator of WastewaterSCAN. “When there is limited testing capacity, and there is stigma associated with the disease, to have a population-level measurement of infections that isn’t impacted by those things is really powerful.”

Another reason why sewage is a sophisticated way to track monkeypox relates to the fact that it contains effluent from not just urine and feces, where the virus can be excreted, but also from saliva and water that drain while people brush their teeth and shower. Because monkeypox virus is active in skin lesions, such secretions are particularly effective vehicles for trapping and detecting the virus.

Researchers have analyzed wastewater for decades, most notably during the 1940s to track polio in the U.S. But the COVID-19 pandemic proved its utility on a large scale. Studies have shown that waste samples generally pick up signs of SARS-CoV-2 up to a week before clinics in a region start seeing positive cases. Wastewater can even detect new variants of SARS-CoV-2—something a rapid test can’t do.

In late 2020, the CDC launched the National Wastewater Surveillance System (NWSS), the first federal system to track an infectious disease pathogen—in this case, SARS-CoV-2—in sewage. It’s an attempt to standardize the way wastewater is collected, analyzed, and interpreted. NWSS now includes data from local programs—like WastewaterSCAN—and cities with their own tracking systems. New York City’s Biosurveillance Program, for example, has been testing wastewater for signs of SARS-CoV-2 since February, and now 11 hospitals in the group will start scanning for monkeypox and polio, which have been detected in New York City sewage.

When monkeypox cases first began popping up in the U.S., the researchers at Stanford, Emory, and Verily saw an opportunity to apply a wastewater lens to the disease, especially since testing for monkeypox wasn’t widely available. They had been tracking SARS-CoV-2 at a few sites in California through the Sewer Coronavirus Alert Network (SCAN) since November 2020, and had been adding analyses of other viruses, including influenza and RSV. When monkeypox cases began spreading around the world and while access to testing was still limited, they added that virus to their investigation as well and expanded their network to include more sites around the country. WastewaterSCAN was born.

Wolfe says the group’s platform for isolating the genetic material of microbes made it relatively easy to create the proper assay for detecting the monkeypox virus in mid-June. They targeted a portion of the monkeypox genome that was relatively unique, and the probe successfully identified the virus in their lab tests. But, says White, “the first few tests we ran on wastewater samples didn’t pick anything up.” That might have been because the concentration of virus in sewage at that point was so low. While WastewaterSCAN’s probe is designed to pick up very diluted amounts of virus, at the time of the tests, there were few cases in northern California. On June 19, WastewaterSCAN started testing samples provided daily from two treatment plants in the San Francisco area. The next day, both sites had positive tests for monkeypox.

Read More: What It Really Feels Like to Have Monkeypox

The monkeypox virus’ genetic material differs from that of SARS-CoV-2 because it’s in the form of DNA, while the COVID-19 virus and all of the group’s previous tests had been directed against RNA. But, White says, “DNA is much more stable than RNA, so as long as the genetic material is extracted from the sample, we’re pretty confident that if people are excreting a virus in wastewater, we will eventually detect it.”

The scientists say that there are still a few important unanswered questions about monkeypox in wastewater. They don’t have enough data to say for sure how much of a lead time wastewater can give health officials about rising cases, compared to testing at clinics and hospitals. They are also continuing to analyze the data to get a better sense of how much virus needs to be circulating in the community, or how many cases need to accumulate in a given region, before their analysis can pick up signs of the virus in sewage. That could give doctors an important head start in preparing adequate numbers of tests, vaccines, and treatments for the disease before cases peak.

The WastewaterSCAN team is now applying what they’ve learned from COVID-19 and monkeypox to explore ways to monitor influenza, RSV, and other seasonal diseases. In the case of RSV, a respiratory infection that often sickens babies, knowing where cases are starting to circulate could help doctors treat the most vulnerable babies with a monoclonal antibody drug before they get exposed, and thus spare them from contracting a potentially dangerous illness.

The key to having such a national system, however, is coordination among partners who share their findings, says Wolfe. “Having a network of sites that use the same collection and analytic methods so we can compare data gives us a national picture of what is going on,” she says. “We’d love to have more federal investments in systems like this.”","['tracking', 'researchers', 'monkeypox', 'wastewater', 'virus', 'cases', 'testing', 'tests', 'sewage', 'disease', 'covid19', 'wastewaterscan', 'sites', 'data', 'track', 'sarscov2', 'pick', 'national', 'group', 'detect', 'white', 'verily', 'system', 'start', 'stanford', 'signs', 'samples', 'rsv', 'program', 'network', 'material', 'health', 'groups', 'genetic', 'findings']",0,0,0,0,0.7,0,0.85
52,2420279162,2022-09-13 21:01:22,PJ Media,Monkeypox Boogaloo: Pestilence Panic 2022,https://pjmedia.com/news-and-politics/charlie-martin/2022/09/13/monkeypox-boogaloo-pestilence-panic-2022-n1629240,"Back at the end of January 2020, I wrote “The Great Pestilence Panic of 2020,” PJ Media’s first article on the newly identified Wuhan Coronavirus (2019-nCoV), or what we now know as SARS-CoV-19, COVID-1, or just Covid.

Much has happened since then, with massive (and ineffective) lockdowns, mask mandates, and excessive estimates of impending mortality — I’m sure you all remember. Now we have a new pestilence panic over an outbreak of monkeypox. So what are the facts about monkeypox?

This is monkeypox

This guy, Silver Steele, has recorded the whole course of his own monkeypox case, which lasted pretty much the average time.

Looks pretty unpleasant, doesn’t it? My understanding is that it is very unpleasant. If you take nothing else away from this article, take this advice: don’t rub anything against someone with lesions like this until they feel better.

So what is monkeypox?

Monkeypox is a virus (family Poxviridae) in the genus orthopoxvirus. Now, fair warning: I’m going to abuse the terminology to the extent of calling the genus a “family” because it’s a common-language way to refer to a collection of close relatives, even if Linnaeus wouldn’t approve.

Monkeypox is a zoonotic virus — humans get it from an animal reservoir. You might have guessed that from the name, but surprisingly monkeys are probably not its primary animal host; that’s probably small mammals like African dormice.

Monkeypox is related to a number of other viruses: cowpox, horsepox, vaccinia, and variola. Vaccinia is the virus from which the smallpox vaccine is made. Variola is smallpox.

This family of viruses has an interesting — and very convenient — property: if you’re immune to any of these viruses, you’re going to be more or less immune to all of them.

We need to be careful about terminology here: immune means “has an immune response.” It doesn’t imply 100 percent no infections ever; it’s just whether there’s any immune response at all. If you try to insist that’s not what it means, I shall tell you that your father was a hamster and your mother smelt of elderberries.

That peculiar property of the orthopoxvirus family is, in fact, the basis on which the whole idea of vaccination got started. Edward Jenner observed that milkmaids who had gotten cowpox, a much less dangerous disease than smallpox, didn’t get smallpox, even in a major epidemic. So Jenner gave his gardener’s 9-year-old son cowpox by inoculating him with the goo from a cowpox lesion under his skin. When he recovered from cowpox, Jenner then inoculated the 9-year-old with the goo from smallpox. The child didn’t die; he never got smallpox at all.

How he talked the gardener into this is unknown, but I’m sure the bioethics board wouldn’t approve.

The good news here is that the smallpox vaccine is effective against monkeypox too. Those of us old enough to have been vaccinated for smallpox may have some lingering immunity even now, although it’s unclear how much.

Old folks for the win.

What is having Monkeypox like?

It seems to start like most viruses, with headaches, mild fever, tiredness, and muscle aches. This is followed quickly by lymphadenopathy (swollen glands).

This is the average case: not everyone will have all these symptoms. If you think you might have monkeypox, see a doc.

Then bumps start to appear, as shown in the picture above. These bumps itch and hurt; over the next couple of weeks, they develop into blisters containing clear fluid, then the lesions open up and dry out; in a few days, they scab over, new skin develops, and the virus has run its course.

How is monkeypox transmitted?

Monkeypox virus primarily sheds from the lesions, although it’s also in the saliva of the patient. It’s primarily spread by skin-to-skin contact, but it can also spread through aerosols scattering saliva droplets when the victim coughs or sneezes or by the goo being deposited on some inanimate object. It’s not, technically, an airborne infection; unlike influenza and measles, the virus particles don’t stay floating in the air for hours or days.

And your vocabulary word of the day: fomites, pronounced ‘foh-meet-ez’. This is the technical term for any inanimate object that can carry infection.

What monkeypox is not is a sexually transmitted disease. Yes, it can be transmitted during sex, but transmission just requires contact. It’s just that even bad sex usually involves a lot of contact. A real STD is transmitted by, well, sex: vaginal, oral, or anal.

Who is at risk?

Right now, in the United States, the original cases were all associated with a gay rave orgy in Spain.

It must’ve been a helluva party.

There was probably someone at the party who had picked up the infection from somewhere in Africa where it’s endemic, and it’s not much of an orgy if there isn’t lots and lots of skin-to-skin contact.

The result is that 99 percent of the cases here are men who have sex with men — gay, bi, trans, or just really, really friendly. (I have to admit that the terminology here seems to be a little silly in the woke direction, but I’m sticking to the way the medical literature has it.) In any case, a small percentage are not men who had sex with another man or men. There are very few pediatric cases, and one case of a dog who slept with its owners and whose owners had monkeypox.

A lot of people seem to be jumping to the conclusion that it’s people who have had sex with the kids or sex with the dog, but you can’t conclude that. If you think about it, small children want to be picked up, they need their diapers changed, and so forth, and every dog insists on licking its owners’ hands, and they often like to cuddle. Plenty of contact there.

If we’re going to talk about who’s at risk, though, it’s really important that we remember the distinction between “transmitted by sex” and “transmitted by contact” because not all contact is sexual. The biggest population with monkeypox right now is gay men (and all the other men who have sex with men, you know, whatever.) But if we classify this as a “gay disease,” we risk people deciding, “hey, I don’t have sex with men; I’m safe.”

You’re not. Be careful of any contact with people who have skin lesions like the ones in the picture.

Is monkeypox an epidemic?

Answering this question requires us to understand what an epidemic really is, and once again, the last two and a half years of COVID and the way it’s been covered have made “epidemic” another one of those words that everyone knows but almost no one remembers what it means.

An epidemic is a disease that is growing exponentially in a particular population. In other words, if n people have the disease on day 1, then more than n have the disease on day 2.

This concept is formalized as R, the basic reproduction number. I’ve written about this extensively before, so I won’t repeat it, but the basic magic is if R > 1, it’s going to grow exponentially. If R < 1, it will die out on its own. With monkeypox in a normal population, R is about 0.51, In a gay rave orgy, it’s going to be lots higher, of course, but that’s also a pretty limited population. Another complicating factor is that about 41 percent of this gay rave orgy population is HIV positive, which suggests a weakened immune system in itself. These people may have been both more exposed and more susceptible. This, along with the low value of R, are the first bit of good news: it’s not an epidemic and unlikely to become one.

There’s a second bit of good news here: the virus only lasts for a few weeks, usually 2-4. HIV was particularly insidious because it stayed infectious and unsymptomatic for months or years. Someone who got the virus could spread it for a long time and to many other people before anyone noticed. With monkeypox, you may feel like you’re coming down with the flu for a few days, then you get the bumps, and a few weeks later, you’re over it and very probably immune to monkeypox, cowpox, horsepox, vaccinia, and smallpox.

So what do we do now?

As I said at the start, avoid rubbing anything against anyone who has bumps like that until they feel better. Wash bedclothes and such in hot water and bleach, and if you do have to contact someone, wash your hands with soap and water.

If you get it, it wouldn’t hurt to wear a mask, any sort of mask, while you’re still sick. It probably won’t help either, but what the hell? Other than that, it’s a lot like chickenpox, and the same thing mom did for chickenpox will make you more comfortable: oatmeal baths, camomile lotion, and petroleum jelly. The doctor can prescribe stronger stuff. Cover the lesions with gauze, and if you get it on your hands, wear disposable surgical gloves. And stay the hell home, for crying out loud.

Don’t Panic

Really this article should have that at the top in large friendly letters. Outside of very, um, special circumstances, monkeypox is not easily transmitted, not usually very serious, and not going to hang around. If you’re inclined to those special circumstances, be careful; for the 99 percent plus who aren’t, still be careful, but don’t knock yourselves out.

Recommended

Trending on PJ Media Videos","['pestilence', 'panic', 'boogaloo', '2022', 'monkeypox', 'sex', 'virus', 'men', 'contact', 'smallpox', 'immune', 'youre', 'transmitted', 'gay', 'disease', 'cowpox', 'r', 'population', 'lesions', 'im', 'epidemic', 'viruses', 'orgy', 'family', 'dont', 'case', 'careful', 'bumps', 'wouldnt', 'weeks', 'vaccinia', 'terminology', 'start', 'spread', 'small']",0.7,0,0,0,0,0,0
53,2328203291,2022-06-03 15:11:00,Arkansas Democrat-Gazette ,2 monkeypox strains in U.S. suggest possible undetected spread,https://www.arkansasonline.com/news/2022/jun/03/2-monkeypox-strains-in-us-suggest-possible-undetected-spread/,"NEW YORK — Genetic analysis of recent monkeypox cases suggests there are two distinct strains in the U.S., health officials said Friday, raising the possibility that the virus has been circulating undetected for some time.

Many of the U.S. cases were caused by the same strain as recent cases in Europe, but a few samples show a different strain, federal health officials said. Each strain had been seen in U.S. cases last year, before the recent international outbreak was identified.

Analysis from many more patients will be needed to determine how long monkeypox has been circulating in the U.S. and elsewhere, said Jennifer McQuiston of the Centers for Disease Control and Prevention.

""I think it's certainly possible that there could have been monkeypox cases in the United States that went under the radar previously, but not to any great degree,"" she told reporters Friday. However, she added, ""there could be community level transmission that is happening"" in parts of U.S. where the virus has not yet been identified.

The CDC said it is trying to increase its work on finding infections, and it's likely more cases will be reported.

The findings mean the outbreak likely will be difficult to contain, said Dr. Angela Rasmussen, a virologist at the University of Saskatchewan.

It's not clear how long infections have been happening, and where. Some infections may have been misdiagnosed as something else.

""We don't really have a good sense of how many cases there are out there,"" Rasmussen said.

Monkeypox is endemic in parts of Africa, where people have been infected through bites from rodents or small animals. It does not usually spread easily among people.

But last month, cases began emerging in Europe and the United States. Many — but not all — of those who contracted the virus had traveled internationally, and health officials in a growing number of countries are investigating.

As of Friday, the U.S. had identified at least 20 cases in 11 states. Hundreds of other cases have been found in other countries, many apparently tied to sexual activity at two recent raves in Europe.

So far, many of the reported cases outside Africa have been in men who have sex with men, but health officials stress that anyone can get monkeypox. One heterosexual woman is among the U.S. cases under investigation, officials said.

The illness typically begins with flu-like symptoms and swelling of the lymph nodes, followed by a rash on the face and body.

No monkeypox deaths have been reported in the U.S. or Europe so far. But that could change if infections start occurring in more vulnerable people, like very young children or people with weakened immune systems, Rasmussen said.

She raised another concern: Even if outbreaks among people are contained, it's possible the virus could take hold in the U.S. rodent population — either through pets or unwelcome rodents in homes.

""It's not out of the question,"" Rasmussen said.

Also on Friday, the CDC published an analysis of 17 of the first reported U.S. cases. The average age was 40, and all but one identified themselves as men who have sex with men. Fourteen had traveled internationally, to 11 different countries, according to the report.","['undetected', 'suggest', 'strains', 'spread', 'monkeypox', 'cases', 'officials', 'virus', 'recent', 'rasmussen', 'men', 'infections', 'health', 'strain', 'states', 'reported', 'europe', 'countries', 'united', 'traveled', 'sex', 'rodents', 'parts', 'outbreak', 'long', 'internationally', 'identified', 'happening', 'circulating', 'cdc', 'analysis', 'africa', '11', 'young', 'york']",0.6,0,0.4,0,0.7,0,0.3
54,2439860495,2022-10-05 12:23:21,Truthout,This CDC Scientist Couldn’t Access Monkeypox Treatment. Why?,https://truthout.org/articles/this-cdc-scientist-couldnt-access-monkeypox-treatment-why/,"It took three doctor visits — and a desperate call to a colleague — for a Black scientist to get treatment.

On a Monday morning in mid-July, William L. Jeffries IV decided it was time to call a colleague for help. Jeffries is a senior health scientist at the Centers for Disease Control and Prevention in Atlanta, where he researches the ways that racism and homophobia impact health in the United States. Jeffries, who describes himself as a same-gender-loving Black man, sees the work as a way to serve his people and, by extension, God.

This call, however, was a personal one. He was sitting on his bed in pain, and he was angry.

Jeffries was angry for the hundreds of people, mainly gay and bisexual men, who were infected with monkeypox. He was angry that the burden was falling particularly hard on Black and Latino communities. He was angry that the federal government had been saying for eight weeks that it had the tools necessary to deal with the growing outbreak yet people were still struggling to find care.

And he was angry because he himself now had monkeypox and couldn’t find anyone to diagnose or treat him.

Jeffries told his colleague, who was helping to lead the CDC’s monkeypox response, about his ordeal. He knew then that he was a victim of the very failures of the American public health system that he studies.

“I myself am a trained disease detective. I have led outbreak investigations for HIV and syphilis. I am a published scientist. And I know a lot about public health and infectious disease transmission,” Jeffries said. “I emphasize my training and my experience because if I had to go to three different places before I got diagnosed, imagine what the average gay man has to do?”

By the end of September, more than three-quarters of people diagnosed with monkeypox in Georgia were Black, and Georgia had the second-highest rate of cases among all U.S. states, trailing New York. As the outbreak has spread, the federal government has been forced to reckon with the disease’s disproportionate burden on Black communities around the country. Black people make up more than half of monkeypox cases nationally, even as they represent less than 14% of the U.S. population. More than 26,000 people have been infected nationwide.

CDC Director Rochelle Walensky recently acknowledged that she and other top public health officials anticipated these inequities; decades of tracking HIV and other infectious diseases made them predictable. Public health officials, who lost the trust of many Americans in the first two years of the COVID-19 pandemic, had a chance to show that they had learned from their mistakes when monkeypox hit. Yet what happened to Jeffries and others in Georgia in the early months of the outbreak shows how federal officials, who suspected that communities of color would get monkeypox at higher rates, failed to intervene in ways that could have prevented — or at least lessened — that suffering.

“A lot of people got hurt,” said Dr. David Holland, the chief clinical officer for the Board of Health in Fulton County, which covers 90% of Atlanta. He too is angry about the first months of the federal response. “You can debate what the right thing to do would have been, but doing nothing is not on that list. And that’s kind of what was done.”

A dozen infectious disease experts told ProPublica that the likely trajectory of the virus in the U.S. was obvious once reports surfaced in May saying that monkeypox had found its way into communities of gay and bisexual men in Europe. They knew then that while it would most likely spread first among wealthier, whiter communities, Black and Latino men would soon bear the brunt of the disease. They knew this because it is the path that many infectious diseases have traveled before.

The reasons why are not a mystery either. Among other things, Black people are less likely than white people to have a regular doctor, less likely to have insurance coverage and more likely to have HIV, diabetes and other diseases that generally put people at greater risk for new infections. White people are more likely to have benefits that can lessen the effects of illness, such as jobs that allow them to take paid sick leave and wealth that can buy them better care.

Federal and state officials nevertheless failed to make testing readily available, slow-walked the rollout of vaccines and didn’t make it clear during the first two months of the outbreak that people of color, like Jeffries, were at elevated risk for harm. Those missteps amplified long-standing health inequities.

“Any time you fumble the response to an epidemic it will cut through the weakest seams in your society,” said Dr. Jay Varma, a professor at Weill Cornell Medical College and former CDC official.

When Jeffries was 9 or 10 years old, his father shared with him a book from 1928 called “Leaders of the Colored Race in Alabama.” Inside was a photo of his great-grandfather and namesake, Dr. William L. Jeffries. Jeffries was blown away that in the early 20th century, a Black man could achieve the level of education — a doctorate in divinity — required to earn him the title of doctor. He said as much to his father, who responded that Jeffries could be a doctor, too. From that moment on, he knew he would follow in his great-grandfather’s footsteps. “I had to be Dr. Somebody,” Jeffries said. “That was just part of my destiny.”

He was interested in the health of communities, and so in 2004 he moved away from his home in Polk County, Florida, for the first time and entered a doctoral program in sociology at the University of Florida. In his first year, he remembers a professor explaining how the CDC responds to infectious disease outbreaks. The professor described disease investigators as the “cream of the crop.” For Jeffries, this was an epiphany: “Immediately, I just knew that was what I was supposed to be.”

Four years later, with a Ph.D. in hand and a Dr. in front of his name, Jeffries entered the CDC’s Epidemic Intelligence Service. There, he trained to be a disease investigator like the ones his professor had told him about. It was the only job he applied for. Jeffries has been with the CDC ever since.

Now 42, Jeffries is a senior health scientist in the Office of Health Equity in the Division of HIV Prevention. He investigates the factors that place vulnerable populations at risk for HIV and other diseases. On average, gay and bisexual Black men have fewer sexual partners than their white counterparts and are more likely to use condoms, and yet Black men have six times the rate of HIV. White people get earlier and better access to new treatments and prevention. Many Southern states have not expanded Medicaid to offer insurance coverage for all impoverished adults, leaving people there less likely to have a doctor and worse off when they do get sick.

“God has had me be here to fight for the oppressed and to be a voice for those who, in many instances in our society, do not have a voice that can be heard by people in positions of power,” Jeffries said. “And my voice is what I use to serve those who Jesus called the least of these among us.”

Jeffries understands that he is in important ways one and the same with the people he researches, and he knows what that means for his vulnerability to disease. So when reports of monkeypox began surfacing, he kept an eye on it. He understood himself to be at risk and wanted to get vaccinated because he knew that, unlike with HIV, condoms do not prevent transmission of monkeypox. He also knew the vaccine wasn’t available in Atlanta yet. At the same time, the risk seemed distant. Government officials said there were only a couple dozen cases in metro Atlanta — a city of over 6 million people — and they made it sound like they had the situation under control.

Jeffries knows when he got monkeypox. It was during a sexual encounter in the early hours of Saturday, July 9. Later that same day, Fulton County Board of Health staff finally held its first monkeypox vaccine clinic.

By Sunday night, Jeffries felt some itching and irritation. A couple days after that, he had a fever, chills and sores around his anus. So on Friday, he went to an LGBTQ-friendly health clinic, told staff that he thought he might have monkeypox and asked for a test and vaccine. They had neither.

Instead, he said they tested him for a range of sexually transmitted diseases and treated him for a suspected case of chlamydia, though results later showed he didn’t have any of those diseases. Jeffries was surprised that in Atlanta, where there were already more than two dozen known monkeypox cases, the clinic couldn’t test him for it. More than eight weeks had passed since the first case was diagnosed in the U.S., and testing was supposed to be widely available.

Frustrated, he went home and isolated from other people. The pain kept growing worse, so late on a Saturday night he sought comfort in an epsom-salt bath and lingered in the warm water until just after midnight. As he was getting out, he noticed a lesion on his chest, close to his left shoulder. Confused, he reached for an itch on his back and felt another bump. He looked down and there was another lower on his torso. They were spreading so fast.

The next morning, Jeffries lay in his bed, uncomfortable and exhausted, and prayed. He knew it was time to go to the emergency room.

He thought his best bet would be a hospital attached to a university, as they tend to have more up-to-date knowledge and connections to public health departments. And he knew just the place: Emory University’s renowned teaching hospital on Clifton Road, a stone’s throw from CDC headquarters. “Atlanta is this hub for Black, gay and bisexual men, and the CDC is right here. Surely, these factors would converge to lead you to have vaccine and treatment available,” Jeffries recalled thinking.

But at Emory it was more of the same. The ER doctor, Jeffries said, knew nothing about monkeypox. Jeffries said he brought a list of the two vaccines and four possible treatments, pulled from the CDC website, but the doctor didn’t know about any of them and, regardless, said they were not available at Emory.

The ER doctor, Jeffries said, swabbed one of his lesions to test it for the monkeypox virus. Jeffries couldn’t understand why the hospital didn’t send in an infectious disease specialist. The hospital, he said, sent him home with prescriptions for ibuprofen and a steroid foam.

And so, the following morning, in severe pain, he called a trusted CDC colleague, Dr. John Brooks. Brooks usually serves as the chief medical officer for HIV prevention but is currently helping to lead the nation’s monkeypox response. Jeffries was desperate to find treatment and thought Brooks could help. He also wanted Brooks to know just how bad the situation was. “I knew that gay and bisexual men in Fulton County, irrespective of their race, were going to be placed at harm because of the overall ignorance, the blundering and the lack of resources,” Jeffries said.

When Jeffries made that call, the U.S. was nearly nine weeks into the monkeypox outbreak. Officials from the White House and the Department of Health and Human Services assured the public that they were responding in full force and had all the necessary tools — a test, a treatment and a vaccine. But they showed little urgency to use them.

Take the vaccine. Concerned that terrorists may use smallpox as a weapon to attack the U.S., federal officials invested nearly $2 billion in the development and manufacturing of the Jynneos vaccine to safeguard against that threat. In 2019, the Food and Drug Administration approved that vaccine for use against both smallpox and monkeypox, which are in the same family of viruses, and health officials keep doses in the Strategic National Stockpile.

But they had a very limited supply when cases first appeared in the U.S. in mid-May. In the preceding years, as hundreds of thousands of doses expired, they waited to order more, holding out for a different preparation of the vaccine with a longer shelf life, as The New York Times previously reported. The 372,000 doses that were ready in vials were mostly in Denmark.

In late May, officials at the Biomedical Advanced Research and Development Authority, the arm of the federal government that develops and procures drugs and vaccines to safeguard against pandemics and other hazards, placed orders for 72,000 doses. “We are prepared with both the vaccines and antivirals needed to protect the American people,” Dawn O’Connell, the HHS assistant secretary for preparedness and response, wrote in a blog post on May 24.

Three weeks later, O’Connell wrote that those 72,000 vaccine doses were in the federal government’s “immediate inventory.” Two more weeks passed, and HHS announced it would make 56,000 doses “available immediately.”

By then, it was the end of June, and Atlanta hadn’t held a single vaccine drive.

That wasn’t for lack of trying. With cases climbing in June and Georgians waiting for their first allotment of vaccines, Holland, the chief clinical officer for Fulton County’s Board of Health, made an official request for ACAM2000, an older vaccine made to ward off smallpox. It’s been available by the millions since 2008, when it was added to the Strategic National Stockpile, before the newer Jynneos vaccine existed. But the older vaccine can cause side effects, making it unsafe to use for many people, including those who are pregnant, have HIV, have weakened immune systems or have various skin conditions.

Federal officials said states could order ACAM2000, but they didn’t exactly endorse it. Holland said Georgia officials turned down his request. He understands the concerns and respects the decision not to use ACAM2000. But he’s frustrated that in the first months, it felt like the answer to every effort at prevention was just “no.”

In a written statement, Nancy Nydam, a spokesperson for the Georgia Department of Public Health, referenced the many potential side effects of ACAM2000 and noted that no other jurisdiction has used that vaccine during the monkeypox outbreak.

When Fulton County finally received its long-awaited shipment of vaccines in July, it included enough for just 200 people. More dribbled in over the weeks that followed.

By comparison, Canadian officials began vaccinating at-risk people in early June. In Montreal alone, officials vaccinated more than 15,300 people through the end of July, according to data provided to ProPublica by the city’s health department. A friend of Jeffries’ was able to get vaccinated at an outdoor walk-up clinic in Montreal’s Gay Village neighborhood on Aug. 1 while he was in the city for the International AIDS Conference. The health workers didn’t care that he wasn’t Canadian.

“We know we live in a global village. We thought making no barriers was the most effective strategy,” said Dr. Genevieve Bergeron of the Montreal public health department.

Georgia currently has more than two and a half times the number of monkeypox cases per capita as Quebec, the province where Montreal is located.

“The thing that is most galling to me is that this was predictable,” said Greg Millett, a former CDC researcher and current vice president and director of public policy at amfAR, a nonprofit dedicated to AIDS research and advocacy. Around the time Jeffries was infected and Atlanta held its first vaccine clinic, there were about 700 known cases in the U.S., nearly all among gay and bisexual men, and the cases were growing exponentially. And yet, Millett said, the U.S. was dragging its feet. To Millett, it’s hard not to see homophobia and racism as an underlying reason. “If this was another population, would they have moved this slowly?”

Within an hour of calling his colleague on July 18, Jeffries got a same-day appointment with Dr. Kimberly Workowski, an infectious diseases specialist at Emory University. She also helps write the treatment guidelines for sexually transmitted diseases at the CDC. In an Emory exam room, Workowski donned protective equipment — goggles, gloves, masks and gowns — to examine Jeffries.

The lesions definitely looked like monkeypox, Workowski told him. She gave him an hourlong work-up, checking his body and talking through his symptoms. He’d had bad experiences with the medical system before, like the time he went in for routine testing and a doctor told him he shouldn’t have sex with other men because that’s how you get sexually transmitted diseases. So he didn’t take it for granted that she was treating him with dignity.

Jeffries said she told him that in the ER, they only swabbed one lesion when they were supposed to swab two or three and that regardless, the sample could not be located. Jeffries was aghast. Workowski counted his lesions and swabbed several of them for a new test, which would ultimately come back as positive.

A spokesperson for Emory Healthcare did not answer questions about Jeffries’ care. (Jeffries signed a privacy waiver to allow Emory to discuss the care he received in the emergency room on July 17.) In a written statement, the spokesperson said Emory Healthcare remains “steadfast in providing excellent and equitable health care to all of our patients.” Emory’s emergency departments follow a standard protocol for suspected monkeypox infections that “includes triage, testing and if necessary, referral to a specialist,” she wrote. “If needed, patients will be admitted to the hospital.”

The day after Jeffries saw Workowski, her office called to tell him that an experimental antiviral drug known as TPOXX was ready for him to pick up.

Once he started on the medicine, the lesions quickly stopped growing and spreading. But the sores and inflammation in the lining of his rectum were causing the worst pain he’s ever experienced, so bad that he couldn’t sleep. Five days after his first trip to the emergency room, he drove himself to a different Emory ER, this one in Midtown, which quickly admitted him. He spent the next four days in the hospital on a cocktail of medications that finally dulled his pain.

He was in isolation but felt less alone than he had in days. The doctor leading his care put her hand on him while they talked and asked how he was doing. Staff chatted with him about his life outside of monkeypox. He knew the hospital was busy, but no one ever seemed rushed. “They took the time to talk to me and make me feel OK,” he said.

At that point, physicians wishing to give TPOXX to patients had to fill out over 100 pages of paperwork. The medication was initially developed by the federal government, and the U.S. holds more than 1.7 million doses in its stockpile. The treatment has been approved for monkeypox in Europe, but it is available only as an experimental drug in the U.S. In August, the CDC slimmed down its paperwork, but even today, it can take more than an hour to fill it out and TPOXX has been hard to get.

Through the end of June, HHS officials had sent out enough medicine to treat 300 people nationally. From around the time of Jeffries’ hospitalization in late July through the end of August, physicians in Georgia handed out just over 600 courses of the treatment, according to data provided to ProPublica by the Georgia Department of Public Health. That would have been enough to cover just half of the people diagnosed during that time.

The Georgia Department of Public Health did not provide data on the race and ethnicity of TPOXX recipients. But nationally, as of Sept. 28, white people make up 28% of cases and have received 34% of the courses of treatment, according to preliminary data released by the CDC. The share that went to white people during the early months of the outbreak was even higher, according to CDC research.

Jeffries feels certain he could have avoided the worst of his pain and his time in the hospital if he had received treatment sooner.

When Jeffries got out of the hospital, he called friends and colleagues. Georgia — especially its Black and queer communities — needed more resources. He wanted people to know how bad it was and that things shouldn’t be this way.

He phoned Justin Smith, his friend who was able to get vaccinated at the AIDS conference in Montreal. The director of the Campaign to End AIDS at a group of HIV clinics in the Atlanta area, Smith had helped organize a virtual town hall with other activists.

There, Joshua O’Neal, the sexual health program director for the Fulton County Board of Health, told attendees that it was OK to be angry about the government’s response so far, that he sure was. O’Neal shared alarming statistics: Cases of monkeypox in Fulton County had nearly doubled in the three days before the event, and more than half of the people there with monkeypox also had HIV. Of the people with both viruses, 80% were Black. “It is our responsibility to ensure that those folks are the ones we’re reaching out to,” he told the group.

O’Neal acknowledged that the scant appointments for the first two vaccine clinics were gone within minutes and that most who got them were white. Going forward, he vowed to partner with community organizations to get them out more equitably.

On Aug. 4, 10 days after Jeffries got out of the hospital, the Biden administration declared a public health emergency. When that happened, as Margo Snipe reported for Capital B, a nonprofit news site for Black communities, officials made no mention of the growing racial and ethnic disparities.

Jeffries was encouraged, though, that the White House appointed Dr. Demetre Daskalakis, the head of the CDC HIV division where Jeffries works, to a top position on its monkeypox response team. Jeffries knows him and says he strongly believes that Daskalakis is committed to getting the disparities in check. The White House declined to make Daskalakis available for an interview and suggested ProPublica contact the CDC instead.

The CDC declined to make Walensky, its director, available for an interview. Walensky’s deputy press secretary referred a reporter to Walensky’s comments at a White House briefing on Sept. 15. “It is critical that education, vaccinations, testing and treatment are equally accessible to all populations, but especially those most affected” by the monkeypox outbreak, Walensky said. “CDC remains committed to collaborating with jurisdictions to reduce health disparities.”

A different CDC spokesperson, Kevin Griffis, followed up and said that the agency appointed an equity officer to its response team in May and did outreach to LGBTQ groups in the weeks that followed. On its website in early June, the CDC first published guidance for ways to avoid getting monkeypox and has been updating it ever since. “This was an issue that Dr. Walensky and Dr. Daskalakis both talked about really as part of essentially every discussion that would be had about the outbreak: ensuring that we were doing everything we can to reach diverse populations,” Griffis said.

By early September, the spread of new cases began slowing in much of the U.S. Experts largely credit that decline to behavior change among queer men. In an August survey, gay and bisexual men reported changing their sexual practices to protect themselves. It’s too soon to say whether vaccine drives, which were ramped up at the end of August, are playing a role, experts say. In an effort to understand potential treatments, federal officials began recruiting monkeypox patients for a clinical trial of TPOXX. And O’Connell, of HHS, told a Senate committee on Sept. 14 that she had made more than 1.1 million vials of Jynneos vaccine available to health departments.

The Fulton County Board of Health made good on its promise and partnered with various community organizations to get the word out to the Black community. As of Sept. 15, more than half of the first doses of the vaccine have gone to Black people, according to a county report. Nydam, the Georgia Department of Public Health spokesperson, wrote that the state worked with federal officials to give out more than 4,000 doses at Atlanta’s Black Pride festival on Labor Day weekend.

“High demand and limited vaccine supply created access challenges for vaccines in general during the early weeks of the response, but the partnerships with community-based organizations greatly helped us with addressing health disparities in our vaccine roll out,” Nydam wrote.

Still, Congress has not designated any money for the monkeypox response. The vaccine and TPOXX are provided for free, but Fulton County has had to use its STD budget to run its vaccine clinics. “We’re spending our entire STD budget for the year and hoping that at some point the federal government will reimburse us,” Holland said. That’s money that also needs to be used for the simultaneous epidemics of HIV and syphilis, both of which disproportionately harm Black men and women.

While the spread of monkeypox is slowing, Black Americans represent a growing share of the overall cases — from 37% on Aug. 28 to 51% of all cases just three weeks later, according to the most recent data available.

Jeffries is still dealing with complications from monkeypox. But his bigger concern, one he shares with many in the HIV prevention community, is that Black LGBTQ people will be left dealing with monkeypox infections even if it largely disappears from the rest of the population. That’s another pattern they have seen many times before.

Thinking about what should have been done differently in those early months, it’s clear to Jeffries that everything the federal government has done since August should have happened much sooner. That could have prevented a lot of harm.

But his work also tells him that stopping these predictable patterns altogether will require dealing with the racism, homophobia and economic inequality at the root of so many health disparities. Lately he’s been thinking about a lesson his grandfather taught him when he was young.

Jeffries’ grandfather worked 12 hours a day, six days a week in Florida’s citrus groves, and he was still poor. He kept a garden to feed the family, and he sometimes took Jeffries with him to teach him how to farm. One day Jeffries was pulling at the weeds, snapping them off at the top. His grandfather stopped him.

“That ain’t how you do it, baby,” his grandfather told him. “You’ve got to get it by the root. Because if you don’t get it by the root, it’ll grow back.”","['scientist', 'couldnt', 'access', 'monkeypox', 'cdc', 'treatment', 'jeffries', 'health', 'vaccine', 'black', 'officials', 'hiv', 'cases', 'public', 'men', 'knew', 'federal', 'white', 'told', 'dr', 'response', 'georgia', 'doctor', 'diseases', 'disease', 'county', 'weeks', 'outbreak', 'hospital', 'gay', 'fulton', 'early', 'doses', 'atlanta', 'emory']",,,,,,,
55,2317827657,2022-05-23 16:32:10,NBC Breaking News,See the unusual places where monkeypox cases have popped up this month,https://www.nbcnews.com/health/health-news/map-countries-confirmed-monkeypox-cases-2022-outbreak-rcna30124,"Map: Monkeypox confirmed in 16 countries

Four times as many countries outside Africa have reported monkeypox this month as have in the previous 50 years.

Although scientists rarely spot monkeypox outside of the 11 countries in Africa that have reported cases, a recent outbreak has led the disease to be identified in a dozen European countries, along with the U.S., Australia, Canada and Israel.

At least 160 confirmed cases of monkeypox have been reported this month in non-African countries, according to Global.health, a group that gathers infectious disease data. All but 10 of those cases have been in Europe: 56 in the United Kingdom, 41 in Spain, 37 in Portugal and single-digit case counts in Austria, Belgium, Denmark, France, Germany, Italy, the Netherlands, Sweden and Switzerland.

Four times as many countries outside of Africa have reported monkeypox this month than have in the previous 50 years. Until recently, the largest outbreak in the Western Hemisphere was in 2003, when pet prairie dogs infected 47 people in the U.S.

“What this really marks is the emergence of the most important poxvirus since the eradication of smallpox now in the Western Hemisphere,” said Anne Rimoin, an epidemiology professor at UCLA Fielding School of Public Health. “Of course, we worry if we start to see additional spread of this virus and then it becomes established in the human population.”

Many of the people who’ve gotten monkeypox in the current outbreak have no history of recent travel to Africa or known exposure to an infected person. Cases have largely been identified among young men who have sex with men, leading experts to believe that the disease is being spread through skin-to-skin contact, perhaps from exposure to rashes and lesions during sexual activity, World Health Organization officials said Monday.

Monkeypox is most commonly found in the Democratic Republic of the Congo and Nigeria, where the virus is endemic. The first human case of monkeypox was diagnosed in the DRC in 1970. Since then, the virus has mostly arisen in people who’ve been exposed to infected animals, either through bites or scratches or preparing meat from wild game. Monkeypox does not usually spread easily between people.

But the DRC and Nigeria have both seen a rise in monkeypox cases. The DRC reported more than 18,000 confirmed or suspected monkeypox cases from 2010 to 2019, up from about 10,000 from 2000 to 2009, and more than 6,000 suspected cases in 2020. Nigeria has reported more than 200 confirmed cases since 2017 and more than 500 suspected ones, according to the WHO.

“All of the imported cases outside of Africa that have occurred since 2018 have been from Nigeria,” said Dr. Agam Rao, a medical officer at the Centers for Disease Control and Prevention’s Division of High Consequence Pathogens and Pathology.

The recent cases belong to the West African clade of monkeypox, which is relatively mild: Around 1 percent of people who contract it die, compared to 10 percent of percent with the Congo Basin clade, according to the WHO.

The risk to the general population is low, Rimoin said, but the outbreak nonetheless shows that infectious diseases rarely stay in one location.

“This is a very important reminder that an infection anywhere is potentially an infection everywhere,” she said.","['map', '2022', 'monkeypox', 'cases', 'countries', 'outbreak', 'confirmed', 'reported', 'africa', 'nigeria', 'disease', 'virus', 'suspected', 'spread', 'recent', 'month', 'infected', 'drc', 'whove', 'western', 'times', 'rimoin', 'rarely', 'previous', 'men', 'infectious', 'infection', 'important', 'identified', 'human', 'hemisphere', 'health', 'exposure', 'congo', 'clade']",0,0,0.7,0,0.42,0,0.7
56,2382582130,2022-08-01 17:25:34,Daily Caller,San Francisco Hosted Kink Fest Despite Obvious Monkeypox Risk,https://dailycaller.com/2022/08/01/san-francisco-fetish-festival-monkeypox-spread/,"San Francisco hosted a Sunday fetish festival popular with gay men despite concerns about the spread of monkeypox and the city’s declaration of a health emergency days before.

The Up Your Alley festival is “usually described as a bit kinkier/nastier, more gay male centric” than other similar leather, kink and fetish festivals in San Francisco, according to an online guide to the weekend. The event draws thousands of revelers each year, with the host organization encouraging its attendees to “wear your gear, your leather, or your birthday suit” while keeping “an open mind” on its website.

“San Francisco showed during COVID that early action is essential for protecting public health,” Democratic Mayor London Breed said when she declared monkeypox a health emergency in her city July 28.

Despite Breed’s emphasis on taking “early action” to combat a health emergency, the well-attended kink festival still went on as planned July 31. Gay and bisexual men account for the overwhelming majority of monkeypox cases observed in the U.S. so far.

Other promotional materials for Up Your Alley implored prospective attendees to make sure they are as vaccinated as possible against COVID-19. The materials do not appear to mention monkeypox vaccination, nor do they mention altering one’s habits to mitigate the risk of transmission. (RELATED: ‘Schlong COVID’: Tucker Asks Viewers For Best Alternative Names For Monkeypox)

The city’s decision to allow the event to proceed stands in contrast to its reaction to the outbreak of COVID-19 in 2020. The city quickly shuttered most businesses, a strategy which it subsequently used several times as transmission ebbed and flowed.

For several months, the city also prevented people from visiting hospitalized family members, citing the risk of COVID-19 transmission. Many families were never able to visit loved ones in the hospital until the city issued new guidance in May 2020 allowing one visitor in a patient’s room per day. Other restrictions included the prolonged closure of schools and limitations on outdoor recreation. The city still lags behind in recovering from Covid-19 and the ramifications of its response to the pandemic relative to other cities, a recent CNBC analysis found. (RELATED: WHO Urges Gay Men To Cut Back On Number Of Sexual Partners To Avoid Monkeypox)

The City of San Francisco did not respond to the Daily Caller’s requests for comment regarding its rationale for allowing the festival to proceed despite Mayor Breed’s declaration of monkeypox as a public health emergency.","['obvious', 'hosted', 'fest', 'monkeypox', 'francisco', 'san', 'risk', 'kink', 'city', 'health', 'gay', 'festival', 'emergency', 'covid19', 'transmission', 'men', 'related', 'public', 'proceed', 'monkeypoxthe', 'mention', 'mayor', 'materials', 'leather', 'fetish', 'event', 'early', 'declaration', 'covid', 'citys', 'breeds', 'attendees', 'allowing', 'alley', 'action']",0.9,0,0,0.8,0.8,0,0.8
57,2374264999,2022-07-23 06:00:00,New Yorker,The Agony of an Early Case of Monkeypox,https://www.newyorker.com/news/dispatch/the-agony-of-an-early-case-of-monkeypox,"On the evening before Juneteenth, Joseph Osmundson, one of my best friends and a microbiologist at N.Y.U., texted me: “We think Andy has monkeypox.” Two nights earlier, our friend Andy, as I’ll call him, had spent hours hunched over in an emergency room with excruciating rectal pain, only to be refused testing. It was his third try in five days. Andy’s anal sores were internal; for patients to qualify for testing, C.D.C. guidelines required the appearance of lesions on the skin. Osmundson needed help: “We’re trying everyone. Someone anyone who will send a mpx swab to nyc/nys public health department this weekend.”

Monkeypox has been around for more than five decades. It’s from the same genus of viruses as smallpox, and it transmits through close physical contact. The first reported case was in 1970, in a nine-month-old boy in the Democratic Republic of Congo, a place many associate with the words “gorillas,” “jungle,” and “war,” but which I associate with “family,” “comedy,” and “melodrama.” (Kinshasa, the capital, is my mother’s home town and where a huge portion of my family lives.) Monkeypox’s name conjures tales of illness emerging from the jungled heart of darkness to infect the world, but it likely didn’t originate in monkeys. Its natural reservoir is currently unknown, perhaps some species of rodent. (The W.H.O. has said it will rename the virus.) There are currently two strains, or clades: one that is more prevalent in the Congo Basin and another that is more common in West Africa. In these endemic regions, monkeypox kills mostly kids and pregnant women. We don’t know why, but the scientific papers on this are brutal, with descriptions of pox lesions on the placenta and newborn.

In 2003, monkeypox broke out in the U.S., affecting Wisconsin, Indiana, Illinois, Ohio, Kansas, and Missouri. Forty-seven patients came down with confirmed or probable cases of the virus after they were exposed to infected pet prairie dogs who had previously lived alongside infected small mammals imported from Ghana. There were also cases in Maryland and Texas in 2021. The U.S. government contained these outbreaks by tracing close contacts of those infected.

But, in early May, Europe saw signs of something new. Doctors started diagnosing monkeypox in patients who hadn’t travelled to the endemic region recently and who weren’t connected to a known case. Similarly unconnected cases began appearing in the U.S. soon after. Most confirmed cases have been in queer men. (The C.D.C. uses the term “men who have sex with men,” a definition that could contribute to missed diagnoses, given that trans men, trans women, and non-binary folks often share the same social and sexual networks.) Symptoms vary, but can include a flu-like illness and the eruption of a rash on the skin. Monkeypox lesions can number from a few to, in severe cases, thousands. They crust over and fall off, sometimes causing skin to slough off as well. In late June, the U.S. had 396 reported cases; as of July 21st, there are 2,593. The actual number is likely much larger.

At first, my friend Andy noticed a painful chickpea-sized lump in his groin. A few days later, he had cold-like symptoms. Soon, Andy’s rectum seared with pain. He couldn’t sleep. “They’re saying it’s a mild disease,” Andy told me. “But they can fucking throw that ‘mild’ shit out the window. I’ve never been in so much pain.” He inserted his finger into his anus to feel for anything abnormal. “That’s when I knew,” he said. Andy’s sliding finger stopped on a cluster of pea-sized lumps. “Imagine someone poking your rectum with a hot fork, from the inside.”

When Andy first mentioned monkeypox to his doctor, the doctor said monkeypox was rare and instead ran tests for several S.T.D.s, all of which came back negative. A few days later, Andy tried urgent care, again mentioning monkeypox, but he wasn’t tested and received antibiotics instead. When internal lesions appeared, Andy rushed to the emergency room at N.Y.U. Throughout the night, he voiced his concerns about monkeypox and tried to persuade the doctor to check his anal lesions. There was no anal scope available. “Do we just not look at butts in this establishment?” Andy screamed, when recounting the story to me.

Persistent, Andy asked for a manual rectal exam. The doctor felt the inflammation and wanted to help, Andy told me, but after conferring with an infectious-disease specialist, the doctor was told that Andy likely had S.T.D.s (even though he had tested negative days earlier) or something else was wrong. “No one was malevolent,” Andy emphasized, “but you could tell they weren’t too excited about the required C.D.C. paperwork for what seemed a rare disease.” Tests were scarce, in any case. As of Juneteenth, New York’s health department, which serves the city’s eight million residents, could only perform ten to twenty monkeypox tests per day. The E.R. doctor then speculated that it might be cancer and told Andy to return during normal working hours to consult with a colorectal specialist. “I was ready to give up,” Andy said.

As with COVID, the test for monkeypox is a PCR swab, but of the lesions rather than the nose. At the time, health-care providers were required to contact their local health department for authorization, and the patient’s symptoms had to satisfy specific criteria. A characteristic monkeypox lesion had to be externally present; if not, there needed to be a rash. A patient with a rash must have had close physical contact with multiple men, or multiple anonymous sexual partners, or contact with someone diagnosed with suspected or confirmed monkeypox. The health department would then “assist with monkeypox evaluation and with determining whether testing is indicated.” Only the city’s public-health lab could test samples. All these requirements erected barriers for potential monkeypox patients to be tested, resulting in a small number of tests. And if there’s a small number of tests (mainly in gay men), it’s no surprise that there’ll be a small number of confirmed cases (mainly in gay men), and that, therefore, the situation appears to be under control. Andy lamented, “First it was, ‘Oh, well, it’s just Africans.’ Then, ‘Oh, well, it’s just the gays.’ But the straight people are going to get it soon enough.”

Fortunately for Andy, Osmundson volunteers with a group of public-health advocates, including virologists and epidemiologists, with connections in the federal government and in the N.Y.C. health department. They connected him to one of the city’s monkeypox specialists, Dr. Madhury Ray. She was Andy’s saving grace. She listened to his symptoms, presumed he was positive, and had Andy tested the next day. Four days later, the test results confirmed that Andy was infected with monkeypox.

Andy’s saga didn’t end there. Medicine for the virus is scarce. The most promising treatment is tecovirimat, an antiviral the F.D.A. has approved only for smallpox, which means it can only be accessed through an experimental trial. To enroll, a sick patient must find a physician who’ll review and sign onto a C.D.C. protocol that is, as Andy said, “a humble hundred and twenty-four pages long.” Andy’s primary-care doctor said that the protocol was too complicated for his practice. Andy had to tap personal connections through his employer to find a physician to sign on. It worked, but it meant revealing to colleagues that he had monkeypox. Even then, a bureaucratic logjam nearly prevented Andy from getting medicine altogether. Osmundson made more calls. Some of his contacts asked friends in the federal government for help. A couple of e-mails later, Andy was good to go. Ultimately, his case and Osmundson’s advocacy changed C.D.C. guidelines—internal lesions can now trigger a monkeypox test. “My ass is now a national treasure,” Andy joked.

On the eve of L.G.B.T.Q. Pride Month’s final weekend, I leaned against an iron gate in front of the Chelsea Health Clinic. Under a green canopy of trees, about a hundred young gay men lined up for the monkeypox vaccine. Many wore athletic shorts—the short “hoochie-daddy” inseam currently in style—and sleeveless tops. A bandana tied across the head here, a post-work suit there. The men were overwhelmingly white in a mostly non-white city. It made sense. This was the first day of the first monkeypox vaccination site in the country. The event was organized in a hurry, publicized with a health-department press release that bled onto social media, and staged at midday on a work day, in Chelsea, one of the wealthier gay haunts in the city.

Appointments filled up almost immediately. “As soon as I saw the announcement on my phone, I grabbed my bag and got on the subway,” Louis Jordan, a writer, told me. Jordan and his friend David Tomczak spoke to me from the line. “It’s, like, New York’s hottest club,” Jordan said. “Everybody who knows somebody is here. It’s, like, ‘Do you have the in?’ ” Earlier, around three hundred men had lined up, thumbing phones, waiting for treatment. “It’s, like, ‘Oh I know that d.j. who’s here. I know that influencer. There’s that model,’ ” Tomczak, a nonprofit-management consultant, added. The next day would kick off Pride Month’s largest weekend of marches and parties, which usually has some two million attendees. Meanwhile, only a thousand vaccine doses were available for the whole city.

“I know it’s unfair that I’m here with a shot at the vaccine,” Jordan said. “That doesn’t mean I’m not going to do it.” His admission stuck with me; its honesty reflects the impossible choices our public-health system creates.

Two years into a pandemic, Americans’ relationship with public health has, in some ways, entirely changed. The terms “social distancing,” “PCR,” and “endemic” are now common on Instagram. One might suppose public health would mirror this change. One might suppose a pathogen outbreak elsewhere in the world would trigger a notification to local and state governments about the pathogen’s attributes, known treatments, and vaccines, and a plan for what to expect if cases are found in their jurisdiction. But, in practice, the federal government didn’t publish a strategic monkeypox plan until June 28th, nearly two months after the European outbreak began. Meanwhile, the U.S. had allowed twenty-eight million vaccine doses in its strategic national stockpile to expire.

It seems the fundamental lesson of the pandemic still eludes us: we are not islands, we are a community. When we ignore our sick neighbors’ inability to access treatment, we treat them as less than human, as without dignity.

Since Andy’s case, the testing situation has drastically improved. The guidelines restricting who can be tested largely remain the same, but additional commercial labs around the country can now run monkeypox tests, and health-care providers can send samples to them directly. Still, because of the high volume of tests coming in, results can take several days. In N.Y.C., connecting patients to antiviral treatment is still difficult and not scalable. In the last few days, Osmundson has got more texts from friends and community members suspecting they have monkeypox. It’s unclear how they’ll be able to be treated. ♦","['early', 'agony', 'monkeypox', 'case', 'andy', 'men', 'health', 'cases', 'tests', 'lesions', 'doctor', 'days', 'patients', 'andys', 'told', 'tested', 'osmundson', 'number', 'department', 'day', 'confirmed', 'cdc', 'vaccine', 'treatment', 'testing', 'test', 'symptoms', 'small', 'jordan', 'gay', 'contact', 'virus', 'social', 'skin', 'required']",0.8,0.95,0.8,0.8,0.85,0.8,0.9
58,2316709768,2022-05-22 21:38:42,Newsmax,Belgium Issues Mandatory Monkeypox Quarantine as WH Warns of More Cases,https://www.newsmax.com/world/globaltalk/monkey-pox-joe-biden-virus-belgium/2022/05/22/id/1070963,"Belgium has become the first country to issue a mandatory 21-day Monkeypox quarantine for those who contract the virus, The Daily Mail reports. Additionally, a White House official warned Sunday that more cases would likely emerge.

Belgian health authorities told news outlets earlier this week that those who contract the virus will have to self-isolate. But individuals who have had close contact with the virus won't be required to self-quarantine. Still, they warn, such individuals should stay vigilant if they have come in contact with vulnerable people.

A fourth case of the virus was reported in Belgium on Saturday, said Emmanuel Andre, the official in charge of the National Reference lab for COVID-19 in Belgium. Referring to a festival that took place earlier this month, Andre wrote that ""this patient is being treated in Wallonia and is linked to the Antwerp event in which two other people were infected.""

Monkeypox is a virus related to smallpox originating from Africa. Its symptoms include a bumpy rash, a fever, sore muscles, and a headache. It is, however, less deadly than smallpox, and health officials have stated its mortality rate is around 4%.

Experts have still expressed concern about monkeypox's spread beyond Africa in recent days.

""I would not be surprised if we see a few more [monkeypox] cases in the upcoming days. And I think the president's right, anytime we have an infectious disease outbreak like this, we should all be paying attention,"" White House COVID-19 coordinator Ashish Jha told ABC News on Sunday.

The administration is ""confident we're going to be able to get our arms around it … but we're going to track it very closely and use the tools we have to make sure that we continue to prevent further spread and take care of the people who get infected,"" he added.

A Saturday update from the World Health Organization (WHO) said so far there have been 92 confirmed cases in 12 different countries, among them include the United Kingdom, Italy, Sweden, Portugal, Belgium, Germany, France, Spain, the United States, Australia, and Canada.","['wh', 'warns', 'quarantine', 'mandatory', 'issues', 'belgium', 'cases', 'monkeypox', 'virus', 'health', 'white', 'united', 'told', 'spread', 'smallpox', 'individuals', 'include', 'house', 'earlier', 'covid19', 'contract', 'contact', 'andre', 'africa', 'wrote', 'world', 'wont', 'week', 'warned', 'warn', 'wallonia', 'vulnerable', 'vigilant', 'update', 'upcoming']",0,0,0,0,0,0,0
59,2366424416,2022-07-14 17:13:33,Benzinga,Lawmaker Warns San Francisco Faces 'Public Health Mess' Over Monkeypox Vaccine Shortage,https://www.benzinga.com/general/biotech/22/07/28071068/lawmaker-warns-san-francisco-faces-a-public-health-mess-over-monkeypox-vaccine-shortage,"A California state legislator representing the Bay Area declared San Francisco is ""veering toward a public health mess"" after the city’s Department of Public Health acknowledged it is running out of monkeypox vaccine and will have to shutter one of its clinics until the supply is replenished.

What Happened: According to an SFGate.com report, the San Francisco Department of Public Health warned that it only had 50 doses of monkeypox vaccine at its Zuckerberg San Francisco General Hospital as of July 13 and would close on July 14 until more doses are delivered.

The hospital’s other community clinics will continue to providing monkeypox vaccine dosing until their supplies are exhausted, which might be within the next few days.

State Rep. Scott Wiener (D-San Francisco) warned the evaporation of vaccine supply is coming as the demand for inoculation has intensified.

""This exhaustion of existing vaccine supply is happening exactly as San Francisco and other communities continue to see an increase in monkeypox infections and exposures,"" said Wiener in a press statement. ""More vaccine doses will be sent to San Francisco shortly, but the amount will still be quite limited.""

See Also: Quest Diagnostics Unveils Monkeypox Test: What You Need To Know

Why It Matters: California has the second-highest number of confirmed monkeypox cases in the nation, according to data from the U.S. Centers for Disease Control and Prevention — only New York City has a higher volume. Of the 158 confirmed cases in the state, 68 are in San Francisco.

The antiviral drug Jynneos from the Danish biotech company Bavarian Nordic BVNRY was approved as a monkeypox vaccine in the U.S. in 2015. The San Francisco Department of Public Health release said it ""urgently"" ordered 35,000 new doses this week but did not know when they would be available. Wiener blamed the federal government for the vaccine shortage.

""Yet, the United States government ordered a mere 56,000 vaccine doses (enough for 28,000 people) for the national vaccine stockpile and failed to order the millions of doses that should have been ordered in preparation for an inevitable outbreak,"" he said.

See Also: White House Outlines New Monkeypox Vaccine Strategy: What You Need To Know

Photo: Liz Masoner/Pixabay","['warns', 'shortage', 'otcbvnry', 'nordic', 'mess', 'lawmaker', 'faces', 'bavarian', 'vaccine', 'monkeypox', 'san', 'francisco', 'public', 'health', 'doses', 'wiener', 'supply', 'ordered', 'department', 'warned', 'state', 'continue', 'confirmed', 'clinics', 'cases', 'california', 'zuckerberg', 'york', 'white', 'week', 'volume', 'veering', 'urgently', 'unveils', 'united']",0,0,0.6,0.8,0.8,0,0.7
60,2346762370,2022-06-23 14:13:47,Fox News,Biden admin boosts testing for monkeypox,https://www.foxnews.com/health/biden-admin-boosts-testing-monkeypox,"The Biden administration has started shipping monkeypox virus tests to commercial laboratories.

The Department of Health and Human Services (HHS), through the Centers for Disease Control and Prevention (CDC), said it had shipped tests to five commercial laboratory companies.

The companies include Aegis Science, Labcorp, Mayo Clinic Laboratories, Quest Diagnostics and Sonic Healthcare.

The department said the labs would ""dramatically expand testing capacity nationwide,"" noting that health care providers would be able to use them by early July.

WHO MEETING ON MONKEYPOX, POSSIBLE GLOBAL HEALTH EMERGENCY

Testing capacity through the five companies will be scaled up throughout the month, supporting officials' understanding of the scope of the monkeypox outbreak.

""All Americans should be concerned about monkeypox cases. Thankfully we have right now the tools to fight and treat cases in America,"" HHS Secretary Xavier Becerra said in a statement. ""By dramatically expanding the number of testing locations throughout the country, we are making it possible for anyone who needs to be tested to do so.""

The expansion builds on capacities already available within the public health Laboratory Response Network (LRN).

""CDC has worked with the LRN to augment the number of public health laboratories that can perform the test to over 67 laboratories across 48 states and the number of weekly tests available within the LRN to over 8,000 tests per week,"" HHS said.

US MONKEYPOX: WHERE ARE CASES NOW?

According to CDC data, there are now 156 total confirmed monkeypox and orthopoxvirus in the U.S.

Although the majority of new monkeypox cases have been seen in gay or bisexual men, experts caution that anyone is at potential risk.

People normally become infected with the monkeypox virus through contact with the skin lesions or bodily fluids of infected animals or humans or through contact with materials contaminated with the virus.

Monkeypox, which is related to smallpox, has milder symptoms.



Some of those symptoms include fever, chills, rash and aches, before lesions develop.","['boosts', 'biden', 'admin', 'monkeypox', 'testing', 'health', 'tests', 'cases', 'number', 'laboratories', 'hhs', 'virus', 'public', 'lrn', 'lesions', 'laboratory', 'infected', 'include', 'dramatically', 'department', 'contact', 'companies', 'commercial', 'cdc', 'capacity', 'xavier', 'worked', 'weekly', 'week', 'virusmonkeypox', 'usalthough', 'understanding', 'treat', 'total', 'tools']",0,0,0,0,0.8,0,0
61,2396644754,2022-08-17 23:20:05,UPI,New York House Dems. urge Biden to invoke DFA over monkeypox vaccine shortage,https://www.upi.com/Top_News/US/2022/08/17/House-Democrats-Biden-Defense-Production-Act-monkeypox/9091660789361/,"Aug. 17 (UPI) -- New York House Democrats urged President Joe Biden on Wednesday to invoke the Defense Production Act to hasten the manufacture of monkeypox vaccines amid a shortage of doses nationwide.

Reps. Jerry Nadler and Ritchie Torres said in the letter dated Tuesday that Biden must invoke the frequently used Korea War-era act to ramp up domestic production of the vaccine in order to meet the growing demand. Invoking the act would also aid federal, state and local authorities in communicating their needs to stymy the virus' spread, they said.



""It is critical that the federal government act with urgency to ensure that every American who wants or needs a monkeypox vaccine has access to one before the disease spreads out of control,"" the pair wrote in the letter that was signed by nine other House representatives.

The letter was sent as the Biden administration has been dealing with mounting criticism over its handling of the outbreak, which began in mid-May with the first case diagnosed in Massachusetts. Since then, the U.S. Centers for Disease Control and Prevention has confirmed more than 13,500 infections of the disease, mostly in men who have sex with men.



The administration has taken several measures to increase the availability of vaccines, including ordering 7 million doses, which are to be delivered in batches until mid-next year, as well as declaring the outbreak a public health emergency on Aug. 4.

Last week, the U.S. Food and Drug Administration also authorized an alternative dosing regimen of the monkeypox vaccine that would increase the number of doses from 400,000 in the Strategic National Stockpile to upward of 2 million.

Nadler and Torres said in their letter that they appreciate the efforts the administration has taken but that ""it is clear that vaccine demand is quickly outpacing supply through the country.""

According to the Department of Health and Human Services, only a little more than 1 million doses of the vaccine have been allocated nationwide with some 634,000 delivered as of Friday.

New York State has received nearly 28,300 doses while New York City has received a handful over 77,800, it said.

This represents less than a third of the 3.5 million doses that some experts say are required, according to Johns Hopkins University.

""Now is the time to call on extraordinary measures to ensure our vaccine supply can meet the challenges of this moment,"" the Democratic pair wrote.



The Defense Production Act is frequently used by various federal departments. According to a report from the Federal Emergency Management Agency, the Department of Defense estimates that it invokes the act's power some 300,000 times a year. In 2019, the Department of Human Services used it fewer than 400 times alone.

Torres in a statement Wednesday said that they must learn from the lessons taught by the COVID-19 pandemic and invoke the act before the monkeypox outbreak develops into a pandemic.

""The Defense Production Act is needed now to help stop this outbreak from becoming disastrous,"" he said.","['urge', 'shortage', 'ny', 'dems', 'act', 'vaccine', 'production', 'monkeypox', 'defense', 'invoke', 'biden', 'doses', 'outbreak', 'letter', 'federal', 'administration', 'york', 'million', 'disease', 'department', 'vaccines', 'torres', 'times', 'supply', 'state', 'services', 'received', 'pair', 'meet', 'measures', 'increase', 'human', 'house', 'health', 'frequently']",0,0,0,0.8,0.95,0,0
62,2388354632,2022-08-08 07:00:00,wired,The Chaotic Monkeypox Vaccine Pipeline Is Leaving Everyone Short,https://www.wired.com/story/monkeypox-vaccine-supply-chain/,"A Danish company that’s the sole producer of the only approved vaccine has sold nearly all its supplies to the US, and it won’t be making new doses until 2023.

In a run-of-the-mill business park in Kvistgård, a Danish village about 25 miles north of Copenhagen encircled by forests, lies one of the most crucial solutions for controlling the global monkeypox outbreak. These are the manufacturing facilities of Bavarian Nordic, the biotech company that is the sole producer of the most advanced vaccine for monkeypox. Called Jynneos in the United States, Imvanex in Europe, and Imvamune in Canada, the vaccine is the only one that has been approved by the European Medicines Agency and the US Food and Drug Administration for preventing people from developing or transmitting monkeypox.

The problem? Bavarian Nordic’s manufacturing facilities have been shut until very recently, and most of the vaccine doses it produced before it closed are currently sitting frozen in plastic bags, not yet usable. Meanwhile, the monkeypox outbreak has been declared a public health emergency of international concern, with more than 27,000 cases—mostly traceable to sexual or skin-to-skin contact among men who have sex with men—in 88 countries.

In a desperately untimely twist of fate, Bavarian Nordic closed its bulk manufacturing facility in the spring of 2022 to focus on its other vaccine products, including vaccines for rabies and encephalitis. The company had expected to reopen the facility in the third quarter of this year, and it is “reopening as we speak,” Thomas Duschek, communications partner for Bavarian Nordic, told me. He says it will be operating at full speed within the next month or so, and will be reopening with two production lines as opposed to the previous one. The company is also considering moving to a 24-hour production cycle to meet demands, although this hasn’t happened yet, Duschek says. Bavarian Nordic may also postpone the production of other vaccines to prioritize production of the monkeypox vaccine.

The company is also looking at contracting other manufacturers to ramp up production. It has already inked a deal with a US company, the name of which remains confidential. The problem is that the vaccine is complex to make, so it would take months for another manufacturer to get up to speed. Even at Bavarian Nordic, Duschek reckons it will be half a year at minimum before newly produced vaccines start being shipped.

The WHO has said it thinks there are around 16 million doses of the vaccine available right now globally, which, by its estimates, should be enough to contain the outbreak. But there’s a snag, and it’s a big one: Most are still in their bulk form, meaning they still need to be transferred from those frozen bags into vials for use, a process known as “fill and finish”—and this will take several months, Bavarian Nordic says. The WHO is reportedly in talks with other manufacturers who could chip in and speed up the process. In the US, the New York Times reported that health authorities are negotiating with a factory in Michigan to help bottle 2.5 million doses.

The other catch is that most of these doses have already been snapped up by the US, despite only a quarter of global cases being located in the Americas, with no deaths reported.

But bizarrely, even though it owns most of the current stock, the US hasn’t secured a consistent supply of usable vaccines. The country has been stockpiling doses for years—to protect against smallpox, which it also works against, in the event of a bioterror attack—and has bought close to 30 million over the past two decades. However, the vast majority of the usable doses it ordered in the past expired sitting in freezers and were never replaced, despite the US having many more on order. (The country owns the equivalent of about 16.5 million doses in bulk form, Bavarian Nordic has said, and had been keeping a lot of it on ice while a method of freeze-drying the vaccine was being developed.) When the monkeypox outbreak hit the US, it had just 2,400 doses that were usable.

Now, bureaucratic fumblings on the part of the US government have made it difficult for the country to get its hands on more usable doses to replenish its stocks, even though it owns most of the bulk that’s already been made. In 2020, the US ordered 1.4 million usable doses of the vaccine from Bavarian Nordic, yet this June—when the monkeypox outbreak was beginning to proliferate across the country and the order was still outstanding—US authorities still dillydallied before requesting the company start fulfilling that request by shipping over some 370,000 doses sitting ready in Denmark.

For the rest of the order, the bulk form of the vaccine needed to be processed into usable doses at a new fill-and-finish plant that Bavarian Nordic had completed in 2021, but the FDA hadn’t at the time approved that facility for supplying materials to the US. This meant that on May 23, over 200,000 doses that could have gone toward fulfilling the US’ request from 2020 were delivered instead to European countries while the FDA finished up its inspection.

The FDA has now finally signed off the facility, meaning 786,000 more doses have since been shipped to the US. Up to the middle of July, the US also put in new orders for about 5 million more usable doses, but because of its tardiness earlier in the summer, by this point other countries had already snapped up the existing supply of ready-to-use vaccines—meaning that these newly ordered usable doses can be delivered only in 2023. In a press release from July 15, Bavarian Nordic said it expected to deliver nearly 7 million doses to the US in 2022 and 2023.

Outside of the US, the European Health Emergency Preparedness and Response Authority (HERA) has bought 160,000 doses for Europe. Health authorities in the United Kingdom recently said they had procured more than 100,000 vaccine doses, and Australia says it has bought 450,000 doses, with 100,000 arriving this year and the remainder in 2023. So even though the US has been slow to replenish its stockpile, it still has the biggest supply of Bavarian Nordic’s vaccine by far.

But this vaccine isn’t the only answer; alternatives do exist. One is ACAM2000, another vaccine that protects against smallpox. But it has its various downsides: It’s linked to some rare but serious side effects, specifically in pregnant people, infants, and immunocompromised people such as those with HIV, which has a higher prevalence among men who have sex with men. Administering it also requires special training. Even so, some experts are advocating that this vaccine be made available to those who choose to receive it with knowledge of the risks—especially considering the US is sitting on a giant stockpile of about 100 million doses. Alternatively, Japan also has a smallpox vaccine that could be used against monkeypox, called LC16, although it’s also associated with some unfavorable side effects.

At this point, mass vaccination campaigns have not been called for. At first, ring vaccination campaigns—where the close contacts of the infected are called to be vaccinated—were used. Now the WHO has moved to recommend targeting the vaccine toward at-risk communities, which includes health care workers and men who have sex with men.

The WHO is still weighing up the pros and cons of the existing vaccines, but it has put out a call to countries that are using vaccines to “collect and share critical data on their effectiveness,” as the picture remains pretty blurry given that all the vaccines were originally developed for smallpox—not monkeypox. WHO officials estimated at a July 27 press conference that 5 to 10 million doses would be sufficient to keep the outbreak under control under its current strategy—fewer than what is available in bulk, but much more than what could be quickly given to people right now. There are discussions around whether giving one dose of the Bavarian Nordic vaccine—or perhaps even less—could be sufficient given the shortages (it was designed as a two-dose vaccine).

Amid the scramble, this all brings a sense of déjà vu. The very first death from the outbreak occurred in Africa, which is the only continent where the virus is endemic—and yet it is also the only continent that has received no vaccine doses. Monkeypox outbreaks have been ongoing in parts of Central and West Africa for the past five years; to date, 75 people are suspected to have died from the virus across the continent, and cases are on the rise in Nigeria. The death count is likely higher, owing to limited testing.

And vaccine inequity is what got us to this point: African scientists made noise about the recent ongoing outbreaks but were largely ignored. “The lack of investment just keeps coming back to haunt us,” says Liz Breen, a professor at the University of Bradford in the UK who is an expert in health care supply chains. The Africa Centres for Disease Control and Prevention has called for the continent to be prioritized in the rollout. “If we’re not safe, the rest of the world is not safe,” said Ahmed Ogwell, the Africa CDC’s acting director.

The WHO has urged countries with vaccines to share them with those without. In June, it said it will set up a vaccine-sharing program, but has since released little information on when or how that will happen.

The supply is dependent, after all, on the pharmaceutical industry, which is driven by financial incentives, not a sense of moral duty that everyone should get what they need. “I would not be surprised if you find that in two years’ time, this company will be churning out billionaires,” says Sridhar Venkatapuram, a senior lecturer in Global Health and Philosophy at King’s College London. Bavarian Nordic’s expected revenue for the year has more than doubled already, and its share price has tripled. This means that the world is dependent on the output of a few companies to stem the outbreak. “I mean, God forbid any of these companies go under,” Breen says.

What this also means is that vaccines will be a scarce commodity in the coming months, nowhere more so than in low-income countries. And failing to control the outbreak means there’s a risk the virus could spill over and establish itself in new animal populations. What Covid—and now monkeypox—reveals is that tackling outbreaks as a domestic problem simply does not work. Leaders of rich countries and international organizations need to understand that “if there is an outbreak in some faraway country, it could be your problem within a month or a week,” says Venkatapuram. “That has really not gotten into people’s heads.”","['short', 'pipeline', 'leaving', 'chaotic', 'vaccine', 'monkeypox', 'doses', 'bavarian', 'nordic', 'outbreak', 'vaccines', 'million', 'usable', 'company', 'health', 'countries', 'bulk', 'supply', 'production', 'country', 'called', 'sitting', 'problem', 'men', 'facility', 'continent', 'africa', 'virus', 'speed', 'smallpox', 'share', 'sex', 'point', 'past', 'owns']",0,0,0.93,0.8,0.7,0,0.87
63,2331271145,2022-06-07 10:20:52,The New Replublic,There Is a Right Way and a Wrong Way to Respond to Monkeypox,https://newrepublic.com/article/166698/how-worried-should-we-be-about-monkeypox,"Monkeypox and Covid aren’t a zero-sum game. They’re more connected than they first appear. Acknowledging that can help us fight both.

ARUN SANKAR/AFP/Getty Images

When the first case of monkeypox raised alarm in the United Kingdom on May 13 and the headlines about potential spread began circulating, many people wondered: Is this the new pandemic, the next threat to worry about, even more than Covid-19, which is currently at some of its highest peaks in the United States? Or is this a distraction from the primary public health crisis—a “charismatic” new pathogen stealing attention because privileged Americans have decided they are done with Covid? The answer, unfortunately, is neither—and both. Monkeypox and the Covid pandemic aren’t as separate as they might at first appear, and they’re not either/or. Instead, experts have told me, the two diseases have arisen out of similar mechanisms, and the disinterest the rich now feel with Covid could make monkeypox harder to stop.

Around the globe, 1,000 cases of monkeypox have now been confirmed. Although monkeypox has been around for decades, this is the first time it has spread outside of countries where it’s usually found, surprising experts and leaving health officials scrambling to understand and contain the scope of the outbreak.

But we’re not just facing a more widespread emergence of a virus that’s behaving in unusual ways. This new threat is hitting a nation wearied by Covid-19, with greater limitations on public health measures than before the pandemic began. More than half of U.S. states have introduced new restrictions on public health powers, while some school districts are no longer allowed to require masks—to prevent Covid or any other disease. At the same time, a changing environment, strained health systems, and a lack of disease monitoring are creating dangerous opportunities for new viruses to emerge and spread. We know how to stop monkeypox. But will we?

It can be difficult to understand exactly how worried the public should be about monkeypox—especially compared to the relative risks of one of our largest Covid surges yet and an unusually long flu season. For now, the individual risk of contracting monkeypox is pretty low, but it’s essential that we take rapid action to quash this outbreak before it continues circulating in people and animals, perhaps permanently.

“The general public needs to be aware and alert,” said Boghuma Titanji, infectious disease doctor and scientist at Emory University, “without at the same time panicking and worrying that this would be a same scenario like Covid-19, where we’ve had millions and millions of cases and also millions and millions of deaths around the world. It’s a very different type of outbreak.”

The general public should have “a heightened sense of awareness” of the unfolding outbreak and the risks of infection, Titanji said. “What is emerging in the ongoing outbreaks is that transmission through close contacts, such as the close contacts that happen during sex, appears to be an important mode of transmission.” The type of behavior that happens during sex—long periods of skin-to-skin contact—also seems to spread this virus without sex.

So far, many of the cases have been identified among men who have sex with men, so it’s vital to reach out to this group to make sure they understand and respond to the risks. But cases have also been identified in other communities, and anyone who is in close contact with many people should be aware of the warning signs of the disease—especially since it’s not clear how long and where the virus has been spreading up to this point.

Especially compared to other harmful viruses in circulation right now, the chances of avoiding monkeypox are pretty encouraging—for now, at least. “For the average American, the risk is low, but when it comes to risk levels, that will continue to change if the epidemic continues to expand,” said Syra Madad, an infectious disease epidemiologist at Harvard’s Belfer Center and senior director of the special pathogens program at NYC Health + Hospitals.

But from a public health standpoint, “it’s very concerning that we’re seeing so many cases pop up in over 30 countries in a very short period of time,” Madad added—particularly because monkeypox can spill back into animals and continue circulating for years, spilling over into humans periodically and creating long-term outbreaks in places where it was never endemic before. And it raises questions about the adequacy of our pathogen surveillance infrastructure: “How long has this outbreak been going on?” she asked. “Has it been weeks, months, or even years?”

Previous outbreaks of monkeypox have usually happened in rural communities bordering forests. “These outbreaks have tended to be contained mostly by virtue of geography,” Titanji said. Once they burn through a small community, there’s nowhere else for the virus to go. But now that the virus is spreading in larger communities, it’s showing new sides—like the ability to spread through sexual contact.

“Viruses, bacteria, or any pathogen—sometimes all it needs is the optimal condition to be able to transmit more efficiently,” Titanji said. “If you then take that pathogen and you give it a niche in sexual networks, maybe that is facilitating its transmission.”

It’s also possible the virus is spreading in new ways because it has picked up some helpful mutations, and it could be spreading more because more people are susceptible now that our collective immunity against smallpox, a cousin in the same virus family, has waned. Population growth could be another reason, as remote areas become more developed and better connected to densely populated cities.

Monkeypox has long been an example of the diseases that could become more common in a heated climate and changing land, as people push into forested areas for agriculture or living space. The expansion and development of previously uninhabited spaces, along with the migration of species in a warming world, are proving a dangerous petri dish for the emergence of viruses—both new, as with Covid, and previously documented, as with monkeypox.

All of these factors have likely given rise to the monkeypox outbreak, Titanji said. “That’s what pathogens do: They find a loophole, and if the loophole favors their transmission, then they’re able to cause outbreaks.”

And now, in the wake of the still-surging Covid pandemic, we may have discovered another way to facilitate the emergence of viruses: by putting new limits on public health measures. “Restrictions on the authority and the power given to public health is not only concerning, it is frustrating, it is frightening, and it’s going to not only hurt us in the short term, it’s also going to hurt us in the long term,” Madad said.

A rising chorus of experts has called for stopping new infections at the source and monitoring potential new pathogens in people before they spread across the globe. But monkeypox illustrates how far behind we are in this task. African researchers, who have immense experience with monkeypox and other pressing diseases, have frequently been marginalized in conversations and research around infectious disease—even now, during this outbreak.

“You have to think about tackling the ongoing outbreaks in Europe and America and other regions, but you also have to think about how you allocate and share these resources to allow scientists who have been working on this in Africa for 50 years to actually deploy the same strategies to protect the populations and curb the outbreaks in these areas,” Titanji said. “If we had taken monkeypox more seriously as a global health threat, there would have been more investment in the research to help us understand these very complex dynamics between humans, the environment, and the animals with which we share this environment.”

Only addressing the outbreaks in some countries, without tackling outbreaks in endemic countries, means we will continue seeing the same problems again and again. A recent monkeypox case in Virginia, for instance, was linked to a traveler returning from Nigeria. “These introductions are still happening,” Titanji said. “We can’t only begin to worry about these diseases when they reach the shores of wealthier countries.”

Anyone who has survived the past two years can’t help but see echoes of Covid-19—the uncertainty around the way this virus behaves, the extent to which it has already spread, the way in which inattention to inequality prolongs the pandemic, the way our nation’s public health system seems unprepared to deal with an outbreak. (The U.S. Centers for Disease Control and Prevention did not respond to inquiries about its system for tracking monkeypox and how long it has been in place.)

And another outbreak, amid the fatigue, confusion, and misinformation around Covid, could threaten to engulf or short-circuit our attention. “There’s always the risk that when you’re dealing with multiple public health issues, especially infectious disease outbreaks, at the same time, it can be overwhelming,” Titanji said. That’s true both for the people tasked with responding to these outbreaks—the already exhausted health workers and public health officials—and for a public navigating “a maze of information on very different outbreaks and new pathogens,” she said.

But many of the precautions employed against Covid and other respiratory viruses also help against monkeypox: washing hands, wearing masks, staying home when you’re sick, getting tested if you notice anything unusual. And our language around disease prevention and knowledge of the spread of disease has expanded significantly in the past two years. Because of the Covid pandemic, Madad said, “people are much more aware of global health.” We better understand incubation periods, how to quarantine and isolate, why it’s important to get tested and seek health care services. “It’s going to our favor,” said Madad, “because now [when] we talk about monkeypox, or any other type of emerging and reemerging infectious disease, people have a better understanding of what it is and what they can do to protect themselves.”

And there’s still time to stop this outbreak and keep the virus from gaining a foothold in new places. “If we do basic public health measures, like contact tracing, case investigation, case management, prevention, we’re able to contain this epidemic,” Madad said. “If we have better surveillance, more people looking out for this disease; the earlier we can catch cases, the more we can isolate and quarantine, and the more that we can prevent further onward spread of this virus.”

Despite the parallels with Covid-19, monkeypox is different. We have the time and resources—vaccines, treatments, monitoring networks—to stop monkeypox in its tracks. The question is whether we will be able to deploy these resources in an already stretched health system and among a public that is rapidly losing trust in officials.

That’s not a question scientists can answer. Policymakers and the public are the ones who get to decide whether the lessons from Covid help us in the fight against monkeypox—or whether we decide, disastrously, to treat the diseases vying for our attention as a zero-sum game.","['wrong', 'respond', 'monkeypox', 'health', 'public', 'covid', 'outbreaks', 'disease', 'virus', 'spread', 'titanji', 'outbreak', 'pandemic', 'madad', 'long', 'cases', 'understand', 'infectious', 'diseases', 'viruses', 'spreading', 'risk', 'pathogens', 'millions', 'covid19', 'countries', 'case', 'type', 'transmission', 'threat', 'theyre', 'system', 'stop', 'risks', 'prevention']",0.8,0,0.8,0.7,0.8,0,0.9
64,2337797486,2022-06-14 10:18:21,cleveland.com,Ohio’s education board knew it was likely illegal to name their chosen superintendent and did it anyway: Today in Ohio,https://www.cleveland.com/news/2022/06/ohios-education-board-knew-it-was-likely-illegal-to-name-their-chosen-superintendent-and-did-it-anyway-today-in-ohio.html,"Chris: [00:00:00] It’s a Tuesday episode of today in Ohio, the news podcast discussion from cleveland.com and the plain dealer. I’m Chris Quinn. I’m here with Lisa Garvin, Leila Atashi and Laura Johnson and lay. And Laura, we’ve talked about how some of the women in your lives, who are your age? We’re marveling. They got shingles in their forties and the Washington post now explains why it’s not really about stress.

It’s about the fact that you guys have inoculated your children for chickenpox. And so people who’ve had chickenpox are no longer exposed to it. Their defenses drop, they get shingles earlier in life. How about that?

Laura: Okay. I’m still going to say that I was stressed at the time that I got shingles during the pandemic when the kids were home half day and I was supposed to have foot surgery.

So I feel like there was stress involved with the flare up, but you’re right. And, and I have heard. A lot of women say that they ended up with shingles. So that’s really interesting because obviously I had chickenpox as a kid and my kids will never have to

Chris: go through that. [00:01:00] But because you had chicken pox and the virus is in your system, right?

Your body’s immune system would get recharged every time you were exposed to somebody with chicken pox, which normally would be your kids. I had chicken pucks as a kid. My kids had chicken puck. So I got my immune system boost. Didn’t get shingle cell. I was in my fifties. I was gonna say, and then you got shingle away.

I, so, but the, but that’s the traditional, the defenses go down. The, the article on the Washington post did say that this will go away. That your kids, because they never got the virus. Won’t get shingles, cuz it’s not in. Cause it’s not dormant. Yeah. So you’re like in that middle generation that just gets it in both directions.

You’ve got chicken PS, you’re getting shingles young. Anyway, fascinating story. We’d wondered what was happening now we have the answer. Let’s get started. The Ohio legislature passed a bill to allow a lot more townships in Ohio to patrol interstate highways for speeders. Is this going to create a bunch of new speed traps that boosts the township [00:02:00] budgets?

Layla was very suspicious of this law when it was proposed. But it’s actually not

Leila: that bad. Yeah. Interesting story here by Kaylee Remington and Olivia Mitchell. So, so this bill would give township police officers who serve populations between 5,000 to 50,000 residents. The authority to enforce traffic offenses on interstates, within their communities boundaries.

If the trustees approve it, but the legislation calls for all of those fines to go to county coffers for repairs on roads and bridges rather than to the townships themselves. The bill then is designed to deter townships from setting up these money, making speed traps. The backers of this bill say, this is purely about public safety on the roads and, and the bill bill would affect 40 of the 1300 or so townships in the state, some of which are in Northeast Ohio.

Most of those support the bell at some of the townships like Madison township and Montville are. No, thanks to this officials there [00:03:00] said their officers are already stretched really thin and are responsible for the safety and wellbeing of thousands of residents whose taxpayer or whose tax dollars pay for their services.

So why would they set up shop on the highway median and then run radar and drivers to try to catch speeders all day and squander those resources in the community. Uh, when they should be put, put to use protecting the com you know, their own people. So, um, so interesting. I mean, what’s your take on this?

Do you think that you you’re, we’re gonna be seeing more, uh, of these local officers out on the highway controlling speed? No, I don’t think so either. I think this is sort of pointless to even go down

Chris: this road, right. Right. The only re look you go to Willowby Hills and you go out west to some of the suburbs west.

They patrol the interstates, cuz they break in huge amounts of money for their budgets and it’s sleazy and it’s it’s predatory. Although Lisa’s gonna say don’t speed and you don’t get the ticket. I get it. I get it. but the township. Police departments are tiny and they’re [00:04:00] generally there to patrol the neighborhoods and keep the peace.

Yeah. A and let’s face it, pulling people over has a danger quotient to it because you never know what you’re walking up on, especially now that people don’t have to tell you they have guns in the car. So I, I think for safety reasons and for efficiency, They’re not going to, I don’t know why they passed it in the end.

It’s like, what, what, what’s the point? Uh, if township police are sitting out on interstates, I would think the residents of the township would say, come on, come protect my house. Yeah,

Laura: well, it’s it started because of a lawsuit that went all the way to the Supreme court that a township police officer had pulled someone over on an interstate and they said, you can’t do that.

You don’t have the right. You’re not highway patrol. So it took. I think a decade to pass this, but you’re right. I, I, I can’t see bath township where I grew up deciding they’re gonna send all their officers to go sit on 77, just to make it safer for all the commut.

Chris: Now if, if a township police officer happens to be using the interstate to get from point a to point [00:05:00] B and sees somebody driving ridiculously recklessly, then fine, they can pull ‘em over and, and stop it.

But I, I just don’t, I was really worried. This was going to create. Speed traps and, and get people into a lot more trouble. Lisa, come on you, you, whenever I bring up speed traps, you, you disagree and say, we gotta make the road slower and safer. Well,

Lisa: the average ticket written on Mayfield Heights on that section of I 2 71 is in excess of 80 miles an hour, and they’ve had ‘em as high as 110 miles an hour on that stretch of freeway.

So,

Laura: yeah. Wow. That’s I wonder how high it goes on. Pike because people drive rude. How do you know that

Lisa: Lisa from cleveland.com and the plain dealer reporting. That’s how I know, but did

Leila: we didn’t include that in this story? Did. I feel like I feel like this. So like you, this is a real dear to dear your heart.

Uh, cause

Lisa: well, don’t forget. I was also for red light cameras in Houston, which is a huge [00:06:00] controversy and they ended up getting rid of them, but, you know, yeah.

Chris: Yeah, actually, Lisa you’ve kind of changed my mind on that. I, I do think that takes all the discrimination out of it, and there’s probably a, a good reason to do it.

I, I do notice though, Laura, you’re right on the turnpike. The average speed is 80 miles an hour. If you’re not going 80 miles an hour, everybody’s

Laura: passing that’s because the speed limit is 70. And like my kids know going nine over is just. Like mom, you’re speeding. Nope. And I’m not gonna get caught going nine over.

Chris: So Lisa, when you’re on the turnpike, are you you doing the speed limit or do you take

Lisa: advantage? I do not use the turnpike, but I am a fast driver. I’m usually a left lane person, you know, because I’m typically passing people. I usually drive about 77 miles an hour of traffic. Permit. So wow.

Laura: Wait in Cuyahoga county, you drive.

Yes. Even though this few limits 60

Lisa: be five, I’m going with everywhere. The flow of traffic. I mean, it’s not like, you know, I’m, you know, I’m kind of going, you know, I

Laura: set [00:07:00] mine, my cruise at 69. Every time I’ve been driving in Cuyahoga county, when I hit summit or Lorraine, I’m like, yes, I can go five miles faster.

Chris: Lisa. If, if you’re doing 77 miles an hour, you don’t believe in red light cameras.

Lisa: well, Then that’s apples and oranges, but yeah, I know, I know this is a very

Leila: illumined conversation this morning. It, it was fun. You can learn a lot about people based on how they drive.

Chris: you’re listening to today in Ohio. I.

Was the state board of education, even more reckless than previously thought with the selection of a state superintendent. Laura, I didn’t think this story could get any more bizarre, but wow. Laura Hancock is a journalism hero on this one. She

Laura: really is hats off to Laura Hancock. She did all of the work on this story from the beginning and the Ohio department of ed education and the school board.

They knew there would likely be an Ohio ethics commission investigation. They did it [00:08:00] anyway. They, uh, appointed Steve din and we know this, thanks to Laura’s reporting and. And the fact is they wanted to know everything. She had requested the ethics commission wanted to know everything she had requested from the board of education, because they wanted to know what was going on.

And they voted the board, voted for him eight days after they got this letter from James E. Hood, the deputy director and general counsel of the ethics commission. He wrote to the interim superintendent of public instruction, asking her to bring this matter to the whole board. And then they just said, mm that’s okay.

We’re gonna vote for him.

Chris: I, I love that their letter said we want everything you gave to yes. To Laura Hancock. It’s like, we don’t, we don’t need to do an investigation. Just give us all the, she already did it. Yeah. She did all the work. Just give us everything she got and I, and we’re letting you know now we’re going to be doing an investigation, let your board know.

And then. The board appoints ‘em anyway, it’s like, they’ve got one job, right? They appoint the state superintendent. This is [00:09:00] the biggest thing. It’s the most important thing they’re doing this year. And they, they could not have screwed it up

Laura: worse. Yeah. 14 out of 19 board members voted for him. So you wanna know who the five are that were like, eh, not a good idea.

But yeah, it, he resigned 11 days into his actual tenure. He opted not to take any of his $215,000 salary. And in a public official at the ethics commission said that an investigation doesn’t necessarily end just because he quit, but it might be mitigation that would impact the potential consequence for violating the law.

So you have to think that din was like, I’m resigning. I’m not taking my salary. So please don’t charge.

Chris: No, I, my bet is that even if they charge him, it’ll be a very lightweight thing because ultimately he did the right thing, even though the school board didn’t actually, well, after

Laura: he did a lot of wrong.

Chris: Uh, yeah, but ultimately did the right thing. I actually actually think they should investigate the school board because they appointed him in spite of [00:10:00] being told we’re coming after you on this, this is wrong, which was so obvious to everybody who discussed this before they did it. I, I just that the fact that they knew days before.

That this was a problem. And the fact that they requested all the records that Laura requested you would’ve thought they would’ve had an executive session and say, okay, we can’t do this. We need another finalist. It, this is completely broken. And let’s remember, Mike Dew wine is appointed most of these people.

So this falls to mark the wine as well. He’s appointing people that are making terrible and illegal decisions.

Laura: I do wanna point out that din had written to the ethics commission. Before this all happened. He was still board vice president. He asked about the proper way to handle the application, but he didn’t fully disclose his role in hand leading the superintendent search.

So maybe he thought, you know, if I just tell him just enough, then that’ll cover my basis and then they can’t tell me I can’t do it. I, I don’t know what the point is. If you’re not gonna be completely forthcoming,

Chris: he [00:11:00] wasn’t counting on Laura Hancock to do the reporting. That’s that’s what happened there.

He thought, oh, I’ll skate. And then Laura Hancock comes in and does great work way to go. Laura it’s today in Ohio. How did Ohio governor Mike DeWine respond to questions yesterday about how the bill he signed making it easier to arm teachers meshes with all those common sense gun laws he previously pushed for following the Dayton massacre.

Lisa, what did he say?

Lisa: Well, he kind of whiffed on those questions from reporters, but we will get to that. We’ll build up to that. So yesterday house, bill 99. Signed by the governor in a press conference. And of course this bill allows Ohio teachers to be armed with 24 hours of training. And that also establishes a mobile training team to train teachers.

And there are annual retraining requirements for teachers who do choose to carry at school. Um, DeWine. In the press conference, after signing said he would prefer that schools use [00:12:00] law enforcement officers or trained security guards instead of arming teachers. But he said that schools will be mindful about who they designate on, who will be bearing arms.

His, uh, democratic challenger, NA Whaley also held a press conference yesterday. She said that DeWine capitulated to extremists in the party. And, uh, she pointed out that teachers need 180 hours of certification to teach kids. But only 24 hours for firearms training. And she said, quote, that is insane. So as you remember, NN whale was mayor of Dayton when it’s Dayton.

Right. Am I getting that right? Yeah. Yep. When, uh, when there was that mass shooting in 2019, and after that, she said, Do something, you know, to state leaders? Well, the bill sponsor representative Thomas Hall said today, Ohio is doing something. So a reporter asked, well, do you think this is what Nan Whaley had in mind when she said do something?

And the governor replied, I don’t know. My job is to [00:13:00] try to do things.

Chris: well, I, you know, before the primary, I understood Mike DeWine doing things that didn’t really fit the character of what he’d said when he took office, because he was being attacked from the right. But. He’s the Republican in the race.

He’s got it. He’s not being attacked from the right he’s unless that that one guy gets in, that looks unlikely. So he’s running against NA Whaley, like you said, the former mayor Dayton, where there was a massacre who’s talking big on guns. He could’ve vetoed this. He could’ve said no, this is not the way to protect schools.

We’re not gonna add duties to teachers. I’m gonna take a stand here. I put forth a bunch of common sense, gun laws and red flag ideas. We need to get back to that. I’m not gonna be part of this silly, fake response to the issues of the recent massacres, but he didn’t, and he just blew off the reporters that asked, how does this, how does this coincide with what you’ve said previously?[00:14:00]

Lisa: Yeah. And, and like you said, that’s a good point, Chris, is that yeah. I mean, he’s got a lock on the Republican nomination, so yeah, he could literally do almost whatever he wants. I mean, I don’t think he’s gonna lose that many Republican voters to whale, you know, over common sense gun

Chris: laws. Yeah, I, it it’s a disappointment because after he came through with this common sense gun laws, he visited us to talk about those.

I mean, he, it was something very passionate and we liked it because it was common sense stuff, keeping guns out of the hands of people who shouldn’t have them. But since then, you know, he signed stand ground, which is resulting in. A whole lot of people not getting charged with shootings. Uh, it, he has signed the permitless, uh, concealed carry.

He now he signed the arming, the teachers, and it’s just, I love John Houston coming out to se to really differentiate between the rural schools and the urban schools. He actually said, this is for the schools in the rural [00:15:00] area. Down our way where they might be more comfortable with this, like saying, yeah, of course we don’t want these guns in the schools, in the urban districts, but this is for the rural districts.

wouldn’t it be nice if all of the gun laws made a difference between urban and rural, you know, if they, if they allowed the cities to do what they wanna do. While allowing the rural folks to, to have the different approach, but new it’s not true. Yeah.

Lisa: And, uh, let us point out, especially in Ohio, that rural areas are pretty white.

So in urban areas, not so much, so. Hmm.

Chris: All right. You’re listening to today in Ohio, the Cleveland region ranked first in the nation in April in a category, nobody wants the lead in, especially in this economy. Lela, what was it?

Leila: Well, um, unfortunately it’s the unemployment rate, a greater Cleveland’s unemployment rate of 5.4% in April was the highest of any Metro area with a population of a million or more according to the bureau [00:16:00] of labor statistics.

And that’s out of 51 Metro areas with a population that size to put, to put this in perspective reporters. Zach Smith tells us that the Minneapolis St. Paul Bloomington Metro area in min, in Minnesota and Wisconsin had. The lowest unemployment rate at 1.5% and Columbus seems to be just doing way better than we are.

The Columbus Metro area ranks 24th with an unemployment rate of 2.9%. That’s 2.2 percentage points lower than April of last year, Cincinnati ranked 42nd at 3%, a 1.6 percentage point difference from the prior year. So that’s, that’s pretty, pretty bleak for Cleveland for the greater Cleveland

Chris: area. Yeah, we, we should point out that’s still a fairly low rate compared to the, to the worst of times.

It’s just odd that with all that is going on in Northeast Ohio, that we’d be the worst in the nation. I just would’ve thought that there’d be other areas, [00:17:00] uh, that are more affected by. Something we’ll be talking about in a while, supply chain problems and things like that, that that would be higher than us.

And I, I I’m really kind of come

Leila: family. Well, it’s so interesting. Cause there, so there’s so many jobs, right? There’s so many jobs. And, and so I was thinking about that and, and you know, when in combining that information with what we’ve learned about the great resignation in Ohio, and, you know, after reading this story, I went back and looked at Sean McDonald’s story in may about.

That study called, you know, where are the workers, which surveyed, right. Nearly, you know, the 5,000 working age, adults across 11 counties in Northeast Ohio. And it said that, you know, I, I queued in on, on the, the sentence, it said of all the people surveyed, who were not employed, which excludes re retirees 54% were not looking for work, but only 7.4% of those said that they were not choosing to work.

Others were stay at home. Parents. Had disabilities that prevented them from working or had health issues. So it really [00:18:00] seems that the vexing problem here is the lack of support for people who desperately need to rejoin the workforce. You know, the great resignation. Certainly, certainly. Isn’t just about.

You know, privileged middle class employees deciding they’re going to quit their job to, you know, whatever sell homemade pot holders on Etsy or whatever. I think this story today reflects the unemployed masses who lack the support, perhaps specifically reli reliable childcare to return to the workforce, despite you know, this completely saturated job market that we see.

Chris: I wonder if it’s also that the jobs that are open require qualifications that, that people just don’t have. I mean, Lela you’re exposed to people in the healthcare industry. Do you get the feeling? There are a lot of unfilled jobs. Absolutely. Right now. Oh,

Leila: hundred percent. There are such a, such a shortage of nurses.

Yes. [00:19:00] My husband is in that field and they are really struggling to fill the ranks.

Chris: and if you don’t have the training, you can’t fill those jobs. And I imagine that because that is our number one industry by that is true,

Leila: but just look at the help, wanted signs in every, in every sector. I mean, from, from the low, you know, low skill to, I mean, look everywhere you go.

Fast food. Every, the fast food industry is, is hurting as much as any other, you know, they, they close their doors early because they can’t staff up to the end of the, you know, the end of the night it’s it’s, uh, it’s everywhere. and, and I, I actually do think it boils down to these unmet needs in society.

You know, I have met many parents who are like, how am I, how am I going to find childcare for my children? And, and they expect me to go to work. How am I gonna do this?

Lisa: So Lisa, but you know, I have to wonder about the greater Cleveland age demographics here. You know, [00:20:00] I don’t know if they’ve compared that to the other cities in this report, but you know, we have a pretty gray population in Northeast Ohio.

And I just wonder if that’s a factor

Chris: that could be, we, we, you, right. We do have an elderly population.

Laura: Just kind of a, I think it’s interesting though, that this is just the five counties cuz Akron, Canton is a different Metro area, so they didn’t rank as high.

Chris: Hmm. Yeah, just a surprising headline. You didn’t expect to see it.

You’re listening to today in Ohio, more bad news for the economy. How much have rents in Cleveland gone up in the past year? And how does that compare to inflation? Laura? We’ve been hearing anecdotally from people we work with that rents have been staggering in, in compared to what they were even three, four years ago.

What do we.

Laura: Yeah. I mean, they, the median prices for rent have increased by 19.3% in the seven counties that make up greater Cleveland. This is just since may of 2021. So a year ago now the average cost of rent is. [00:21:00] About $1,100 a month. And that’s double the rate of inflation that we’re seeing. These, these apartments go up.

Two zip codes have seen more than a hundred percent increase in that year. That’s Fairview park, uh, which is 123% increase in Mayfield, 111. This is not a scientific sample. This is from rent hub. They aggregate the rents to advertise for new tenants from online listings for apartments. Rental houses and multi-unit homes, obviously not everything is advertised online.

It’s only a sample of the area. Doesn’t reflect what existing rays, renters are paying just the new folks, but here’s a surprise. The bra all zip code had the, uh, a decrease, um, in this time period, making it the cheapest rent in seven counties. I would not have thought that bra, how many

Leila: rental units are in bra all

Laura: like only years.

No one, maybe like that

Leila: was come on.

Laura: If there were too few rent hub, didn’t count them. So there have. Some apartments, but, um, yeah, [00:22:00] that struck me as bizarre. One of the most expensive places are Beachwood. Um, the downtown core, uh, stretching to Playhouse square and north Olmstead. Hmm. And one of the reasons they give, when you think about is you’re like, why is rent going up so much?

Obviously look at the prices of houses. Those are also going up, but there are more households than there were at the beginning of a pandemic. People who are living together. Uh, I think during the pandemic, they might have sheltered together, but then. They now separated. And so people don’t need roommates as much, and people are making more in this economy, which is kind of going against the last story we talked about so they can afford these rents.

And I guess, you know, it’s supply and demand.

Chris: Okay. You’re listening to today in Ohio, we’ve all been hammered by the chronic supply chain. Shortage is affecting pretty much the entire. So, how is Cleveland going to be at the center of a discussion by major players on how to cope with the shortages? Lisa, this is cool that we’re gonna be the center of attention on this.

Lisa: [00:23:00] Yeah, absolutely. The national retail Federation is meeting June 20th and 21st at the Huntington convention center there inaugurating a new conference it’s called supply chain. 60, there will be attendees for major retail chains, product suppliers, and shippers. And it’s basically just to roll up your sleeves.

You know, let’s discuss how we can make the supply chain more resilient, uh, big players, American Eagle, Walmart, Kroger, best buy. Um, and then we’ll have some local input from the CEO of the Cleveland port authority will Friedman and also from the urban leagues, Goran Dillard. So basically they wanna figure.

How they can fix this. They know that supply chain issues are not gonna go away. Uh, the national retail Federation, vice president of supply chains, John gold says the issue is big enough for a separate conference. They’re gonna focus on operations information technology. In technology and sustainability is ways to kind of ease the knots in the supply chain.

[00:24:00] He says, the problem is there’s never been a lot of redundancy in supply chains. So they have to figure out things. Can they reassure certain things? Can they diversify where they buy their products from? They wanna talk about the future of electric vehicles and delivering products. They also want to digitize supply chains, um, you know, to.

That also helps with the environment as well. So yeah. Interesting that this big global conversation is taking place in C.

Chris: and, and, and it’s retailers are involved and they’re the ones that are, are getting hammered, cuz they don’t have the stuff people wanna buy. I, it just, it seems it’s, it’s great.

They’re having the conversation. I can’t wait to see what they come up with because this seems like a very difficult challenge. If you can’t get the raw materials, you can’t get the pieces. What do you do? I mean, there’s, there’s severe barriers and maybe the ons ensuring you mentioned will be something that they, they look to more.

Uh, so we’ll have to pay close attention to that when they’re in. you’re listening to today in Ohio. What is the [00:25:00] new pulse platform at university hospitals? And how will it prevent some challenging surgeries from going wrong? Layla. Our resident medical expert, we return to you.

Leila: So the, the pulse platform creates 3d images of a patient’s spine, which really increases the chances of a successful surgery.

UHS, rainbow babies, and children’s hospital was among the first in the world to use pulse, to perform pediatric spine surgery. This month, doctors used it to perform surgery on a 12 year old girl from Northeast Ohio, with adolescent idiopathic scoliosis. That’s curvature of. Spine doctors love this technology because it exposes the pediatric patient to less radiation than traditional imaging.

And then, and it pulls together all the technology used in pediatric spine surgery in one place. So it combines x-ray imaging and image enhancement from 2d to 3d and alignment tools to correctly straighten the spine. And it monitors the spinal cord as it is stretched or, or curved during surgery, which [00:26:00] helps prevent injury that can lead to paralysis.

Super cool. And, uh, what an awesome, uh, advance.

Chris: It’s very cool. And you hope you never have to experience it yes. Yes, because that sounds like tough stuff. All right. Always good to have a medical innovation that’s being used in our healthcare industry. It’s today in Ohio pandemic was hard on Cleveland coffee shops and roasters, but do we have some evidence that business is coming back?

You know, we talked earlier about how Starbucks had largely vacated downtown, except for a couple of locations. And coffee shops were not being visited as much during the pandemic. Is it all turned around? What do you know Laura?

Laura: I, it is. I believe that we are seeing more people return to the coffee shops and it’s not just for coffee.

The idea is they wanna be a welcoming place. So this is this new cafe called EDA in Ohio city. It’s crossed on the west side market. In the intro Cleveland building, which that I, this is that [00:27:00] massive timber built apartment building. It’s the biggest in the world right now, I believe. And, uh, it’s gonna have this very Norse, Nordic feel.

And the name is after Norse, mytho, mythological poetry. Um, so that’ll be open soon.

Chris: we also had some, we have a story coming, right. That, uh, two more Starbucks are going to, it did

Laura: publish late last night. Yeah. So two more Starbucks are getting the chance to vote on whether they want a union or not. So that vote hasn’t taken place, but that’ll be on Clifton Boulevard in Cleveland, near the Lakewood border and in Mayfield road in Cleveland Heights, uh, there’s separate Mailin elections.

So it could be one store decides to go. And the other doesn’t and those voting will start June 21st. . Yeah,

Chris: it’s been interesting. We have two already, and this would be two more, um, that Starbucks really coming under that union representation.

Laura: Yeah. 162 have voted of those a hundred. And like this is across the country and 133 were in favor [00:28:00] of a union.

A couple of are still being challenged. So yeah, it’s uh, definitely a change in Starbucks.

Chris: All right. It’s today in Ohio. That’ll do it. We do have monkeypox in Ohio. We found out yesterday, one guy, somewhere in the state, the health, department’s not saying

Laura: has it all I say isn’t it’s adult male. . Yeah.

Chris: Very, very helpful.

Uh, but it’s not like coronavirus. You do have to have direct con skin contact. Yeah. With a scab. Yeah. Yeah. So it’s not. This is, this is what ready to rage. It would be nice to know maybe which county it’s in, but they always rely on HIPAA, which does not protect this. Yeah. They

Laura: don’t even wanna say if that person traveled.

Somewhere where there’s a monkeypox hotspot because they don’t want kind of any identifying information. So they’re just, you know, they’re just watching. So let us","['superintendent', 'ohios', 'knew', 'illegal', 'education', 'chosen', 'ohio', 'today', 'board', 'yeah', 'uh', 'dont', 'youre', 'gonna', 'cleveland', 'im', 'laura', 'bill', 'township', 'supply', 'um', 'theyre', 'speed', 'didnt', 'state', 'point', 'lot', 'lisa', 'wanna', 'teachers', 'kind', 'thought', 'miles', 'kids', 'interesting']",,,,,,,
65,2317062004,2022-05-23 07:16:13,Fortune ,People coming into contact with monkeypox are now being advised to quarantine for 3 weeks,https://fortune.com/2022/05/23/people-contact-monkeypox-advised-quarantine-3-weeks-belgium-uk/,"In a document published Friday, the U.K. Health Security Agency (UKHSA) advised people who have had close contact with an infected person to self-isolate for 21 days.

No one in the U.K. with a confirmed or potential case of monkeypox is required to self-isolate by law.

According to the UKHSA, “high risk” exposure to the virus could occur via contact with a patient’s broken skin, mouth, nose or bodily fluids, but it could also happen through contact with contaminated clothes or bedding.

High risk contacts include sexual partners, people who live in the same house, or anyone who comes into contact with an infected person’s bodily fluids, for example via a cough or sneeze, officials said.

As well as isolating for 21 days, people who have had this level of exposure to monkeypox are being told to avoid contact with immunosuppressed people, pregnant women, and children under 12 where possible.

They should also be offered a smallpox vaccine, ideally within four days but up to a maximum of 14 days after exposure, the health body said.

To date, the U.K. has confirmed 20 cases of monkeypox, with health officials expected to announce more confirmed cases on Monday.

World’s first compulsory monkeypox quarantine

Elsewhere, Belgium became the first country in the world to implement a compulsory 21-day quarantine for confirmed monkeypox patients on Friday.

High-risk contacts of monkeypox cases in Belgium would not be required to isolate, according to local media, but their condition would be monitored.

Belgium confirmed its first three monkeypox cases on Friday, with the three patients linked to the Darklands fetish festival, which took place between May 4 and May 9 in the Belgian city of Antwerp.

“There’s reason to assume that the virus has been brought in by visitors from abroad to the festival after recent cases in other countries,” the festival’s organizers said in a statement on Friday.

“The Risk Assessment Group of the federal government has asked Darklands to inform its guests about these infections.”

Cases ticking up globally

Monkeypox has an incubation period that can range from 5 to 21 days, according to the WHO.

The virus, which can cause symptoms including fever, headaches and swollen glands, causes a rash that starts as raised spots which blister and fall off.

Most countries have said people with confirmed cases of monkeypox should isolate for 21 days, with the U.S. CDC advising monkeypox patients to isolate until all crusts from the rash are gone.

As of May 21, 92 confirmed cases and 28 suspected cases of monkeypox have been reported to the WHO from 12 countries, including the U.S., Australia and Germany.

Portugal, Spain and the U.K. have the highest number of confirmed cases so far, each having reported between 21 and 30 confirmed cases to the WHO.

No fatalities from the virus have been reported.

Speaking in Geneva on Sunday, WHO Director General Tedros Adhanom Ghebreyesus said the world was facing multiple public health crises on top of the COVID-19 pandemic.

“We face a formidable convergence of disease, drought, famine and war, fueled by climate change, inequity and geopolitical rivalry,” he said.

Health authorities in the U.K. and France have said the disease is usually “a mild self-limiting illness,” with patients generally making a full recovery within a few weeks.","['weeks', 'quarantine', 'coming', 'advised', 'monkeypox', 'contact', 'cases', 'confirmed', '21', 'uk', 'patients', 'days', 'virus', 'health', 'risk', 'isolate', 'exposure', 'countries', 'world', 'ukhsa', 'selfisolate', 'required', 'reported', 'rash', 'officials', 'infected', 'including', 'fluids', 'festival', 'disease', 'darklands', 'contacts', 'compulsory', 'bodily', 'belgium']",0.6,0,0.5,0.2,0.65,0,0.8
66,2425945735,2022-09-20 07:15:16,Benzinga,EXCLUSIVE: Newly Listed Virax Biolabs Launches Monkeypox Antigen Rapid Test,https://www.benzinga.com/news/22/09/28926512/exclusive-newly-listed-virax-biolabs-launches-monkeypox-antigen-rapid-test,"Virax Biolabs Group Ltd VRAX has announced the distribution of a Monkeypox Antigen Rapid Test Kit launched in the European markets accepting the CE mark.

The specialized diagnostic kits can be found by contacting the company’s sales representatives.

Founded in 2013, in July 2022, Virax Biolabs concluded its initial public offering of 1.35 million shares at $5.00 per share, for total gross proceeds of $6.75 million.

The test kits are for use in point-of-care settings. They can help healthcare professionals accurately identify a monkeypox infection in people suspected of carrying it, with results typically available in 15 minutes.

It also serves as a valuable initial screening test for individuals exposed to monkeypox-infected patients or in a high-risk environment.

The Monkeypox Virus Antigen Rapid Test Kits are used for in vitro qualitative detection of the monkeypox virus antigen in the oropharyngeal (throat) swabs and skin exudates.

In July, Virax launched monkeypox and varicella-zoster viruses Real-Time PCR kits in response to the world’s major monkeypox outbreak.

“As we learned with COVID-19, earlier diagnoses are essential for slowing the spread and restoring public health on a global scale. It goes without saying that I am proud of our organization’s ability to quickly bring this rapid antigen test kit to market and provide physicians access to rapid and accurate diagnostics to help combat Monkeypox, CEO James Foster told Benzinga.

In addition to distributing viral test kits, Virax is currently developing a proprietary T-Cell Test technology to provide an immunology profiling platform that assesses each individual’s immune risk profile against major global viral threats.

Price Action: VRAX shares are up 0.81% at $2.49 premarket on the last check Tuesday.

Virax Covid Antigen test Kit Photo via Company","['virax', 'biolabs', 'newly', 'nasdaqvrax', 'listed', 'launches', 'group', 'exclusive', 'test', 'monkeypox', 'antigen', 'rapid', 'kits', 'kit', 'vrax', 'virus', 'viral', 'shares', 'public', 'provide', 'major', 'launched', 'initial', 'individuals', 'global', 'worlds', 'vitro', 'viruses', 'varicellazoster', 'valuable', 'typically', 'tuesdayvirax', 'total', 'told', 'throat']",0,0,0,0,0,0,0
67,2389704703,2022-08-09 18:40:18,AZCentral,FDA allows new delivery of monkeypox vaccine to make more doses available,http://rssfeeds.azcentral.com/~/705723536/0/phoenix/nation~FDA-allows-new-delivery-of-monkeypox-vaccine-to-make-more-doses-available/,"Monkeypox vaccine shots will soon be delivered differently and in a way that allows 5 doses to be obtained from a current single dose.

The Food and Drug Administration Tuesday issued an emergency use authorization for the Jynneos monkeypox vaccine so it can be available for adults as a so-called intradermal injection, which penetrates only the top layer of skin.

In a Tuesday afternoon call with news media, members of the Biden Administration urged state and local officials who still have doses of Jynneos available to immediately switch to intradermal injections to conserve vaccines.

The federal government has purchased and already allocated more than 600,000 Jynneos doses. States and localities can order additional vaccine once they have used 90% of the stock allocated to them.

Using the new approach, the 441,000 doses of vaccine that have not yet been distributed will be able to provide 2.2 million shots, according to Dawn O’Connell, assistant secretary for preparedness and response in the department of Health and Human Services.

The extra doses are intended to bring more control to an outbreak that has now caused at least 8,900 monkeypox infections in the United States alone.

“In recent weeks the monkeypox virus has continued to spread at a rate that has made it clear our current vaccine supply will not meet the current demand,” FDA Commissioner Dr. Robert Califf said in a prepared statement. “By increasing the number of available doses, more individuals who want to be vaccinated against monkeypox will now have the opportunity to do so.”

Previous studies have shown that an intradermal injection triggers the same immune response as the deeper, subcutaneous shot, which is delivered to the fat layer under the skin.

Minors at high risk for monkeypox will continue to receive the vaccine by subcutaneous injection, because it's easier to deliver deeper shots into small arms and because the shallower shots have not been studied in children, said Dr. Peter Marks, who heads the FDA division that reviews vaccines. ""We feel very comfortable with the safety of the approach,"" he said.

The federal government has ordered another 5 million vials of vaccine, which will begin arriving in September and should now provide as many as 25 million shots. Shots are available at no cost to the recipient and have generally been distributed at government-sponsored vaccination clinics.

Communities that have limited recipients to one dose of the vaccine should now begin giving out second doses, delivered intradermally, according to Califf and Dr. Rochelle Walensky, director of the Centers for Disease Control and Prevention.

Monkeypox in children: Everything to know about symptoms, vaccines and treatments

There is no data to suggest that a single Jynneos dose will be protective long-term against the virus, Walensky said in urging people to get the additional dose. A second dose is generally given 28 days after the first.

""We feel pretty strongly that two doses are necessary in part because we simply don't have any evidence out 6, 8, 3 months later after a single dose that people will be adequately protected and we don't want to give people a false sense of security,"" Marks said.

Decreasing sexual partners, even after vaccination also reduces infection risk, Walensky said.

""We don't yet know how well these vaccinations work,"" Walensky said, noting that studies have only looked at immune response to the shots, because there weren't widespread monkeypox outbreaks to test them in. The National Institutes of Health in collaboration with the CDC are preparing to launch that research.

The Biden administration's Aug. 9 determination that monkeypox constitutes a public health emergency enabled the FDA to authorize the intradermal delivery as well as vaccines for children.

Vaccines are still being targeted at the people most likely to have been exposed to monkeypox, including men who have sex with men.

Since the outbreak came to widespread public attention in late April, most of the 30,000 infected worldwide have been men who have sex with men. So far, about 13 people have died globally, none in the United States.

As it spreads, the virus is expected to affect other communities as well, which is why it's important to contain it, officials have said.

Monkeypox is passed through close physical contact with someone carrying the infection, including, but not exclusively during sex. It's not clear whether someone can be contagious before they develop weeping – and often very painful – lesions, though the pus is believed to be the main route of transmission.

More than 15,000 courses of a 5-day antiviral called Tpoxx has also been made available to monkeypox patients through the federal government, HHS Secretary Xavier Becerra said Tuesday.

The government has cut out much of the red tape that had been required to distribute Tpoxx although it still takes about an hour per prescription, said Dr. Peter Silver, senior vice president, chief quality officer and associate chief medical officer at Northwell Health in New York.

Tpoxx seems to speed up the time it takes for the lesions to heal, though most people recover without needing targeted medication, Silver said. Of about 100 patients seen by Northwell in two Manhattan and one Long Island clinics, as of late last week, only 11 have required Tpoxx and 7 required hospitalization, mostly to treat the pain of the lesions, he said.

Testing is faster than it was, but still can take 3- to 5 days for results, he said, adding that Northwell is assessing an in-house test to speed the process.

Vaccines have been available, but ""demand is greater than supply,"" he said.

People with monkeypox are considered to be contagious and advised to isolate until the lesions have scabbed over and been replaced by new skin, which can take 3 to 4 weeks.

In a letter published Monday in Harvard Public Health and addressed to the leaders of Biden's monkeypox response team, a group of activists and experts called for a more aggressive response to the outbreak.

Monkeypox ""may infect queer and trans communities first, but these communities will not be the last. We demand action now,"" the letter read.

Then it proposed 11 policy solutions, which the authors said were identified by the queer and trans community, scholars, and activists ""that the Biden administration should implement to center health equity and improve its response"" to monkeypox.

Those include involving people of color at the highest levels of decision-making on monkeypox strategy, providing better access to testing, vaccination and treatment, including offering free condoms at clubs and bars where queer and trans communities congregate, becoming more involved in the global response, increasing resources at community sexual health clinics and LGBTQ health centers and supporting development of at-home tests to detect monkeypox.

Public health experts and advocates have been critical of the administration's response to date, saying that while steps have been taken in the right direction, they came far too slowly, allowing the virus to spread.

Monkeypox, a far less lethal cousin of smallpox, has spread around the world since late April after being transmitted within Nigeria for about five years.

Despite its name, the virus' natural host is rodents, not monkeys and it is endemic in parts of Africa. The size and scale of the current outbreak suggests it could become a permanent fixture in many other countries as well.

The earliest symptoms often include a fever, swollen glands and muscle aches, followed by a rash that can be extremely painful.

Prior to this outbreak, most of the transmission came directly from animals rather than among people.

Contact Karen Weintraub at kweintraub@usatoday.com.

Health and patient safety coverage at USA TODAY is made possible in part by a grant from the Masimo Foundation for Ethics, Innovation and Competition in Healthcare. The Masimo Foundation does not provide editorial input.","['delivery', 'monkeypox', 'vaccine', 'doses', 'fda', 'health', 'response', 'shots', 'virus', 'dose', 'walensky', 'outbreak', 'lesions', 'jynneos', 'intradermal', 'dr', 'current', 'communities', 'vaccines', 'vaccination', 'trans', 'tpoxx', 'single', 'sex', 'required', 'queer', 'public', 'provide', 'northwell', 'million', 'men', 'late', 'injection', 'including', 'federal']",0,0,0,0,0.7,0,0
68,2459115003,2022-10-26 10:40:54,LA Times,"MPX vaccinations, treatment dramatically slow spread of virus in California",https://www.latimes.com/california/story/2022-10-26/mpx-spread-in-california-slowed-thanks-to-vaccinations-treatments,"Evidence is continuing to mount that MPX vaccinations and treatments are protecting against further spread of the virus, according to Los Angeles County’s public health director.

For the week that ended Thursday, the county reported a little over 40 new MPX cases. That’s roughly the same as was reported the prior week, but it still represents the fewest number of new cases since the early weeks of the outbreak.

By contrast, during the virus’ apparent peak, more than 300 new cases of MPX — also known as monkeypox — were reported in a single seven-day period.

The decline remains apparent when cases are categorized by “episode date,” which is back-dated to when an MPX patient first had symptoms or got a first positive test. Over the seven-day period that ended Oct. 1, L.A. County recorded just 35 cases — down from 63 the prior week.

At its peak, the seven-day period that ended Aug. 20, L.A. County reported 287 MPX cases.

Since the start of the outbreak, L.A. County has reported 2,314 MPX cases, health data show.

“New cases in L.A. County ... continue to plateau and actually decline,” county Public Health Director Barbara Ferrer said during a recent briefing. “There is mounting evidence that shows that vaccinations and antiviral treatment are key protective measures that can protect individuals and help to slow the spread of monkeypox in L.A. County.”

The local declines, she added, “are consistent with a slowing growth rate in the United States and in a number of other countries.”

More than 5,300 probable and confirmed MPX cases had been reported statewide as of Friday. However, the weekly tally of newly reported cases has fallen sharply since peaking in early August.

Experts have said it also appears that once a person is infected with MPX and recovers, immunity can last quite a while. That’s an important distinction compared with the coronavirus, where naturally induced immunity can wane in a matter of weeks or months.

In San Francisco, the average number of newly reported daily MPX cases has fallen to fewer than one, health officials said. The city’s public health emergency declaration for MPX will end Monday.

“The overwhelming community support and advocacy for critical resources such as vaccines from the federal government, coupled with early and strong action, drove San Francisco’s successful public health response and enabled the city to reach this milestone,” the San Francisco Department of Public Health said in a statement.

MPX cases have primarily been among gay and bisexual men, as well as other men or transgender people who have sex with men. But anyone can get MPX, including family members of those who have been infected in the context of a household exposure.

In Los Angeles County, the median age of those infected with MPX is about 35.

Unlike the early weeks of the outbreak, there is plentiful supply of the Jynneos vaccine for MPX. By the first week of October, L.A. County had administered more than 100,000 vaccination doses.

Still, there is more work to do to expand vaccine coverage. L.A. County estimates there are 150,000 to 170,000 people at higher risk for MPX infection in the county. And to be fully vaccinated, people need two doses.

San Francisco health officials also reiterated that MPX remains a public health concern as it continues to circulate. They urged higher-risk people to complete the two-dose inoculation regimen.

While health officials believe many higher-risk people have also decreased riskier behavior in response to MPX, “it’s also really important that people continue to avail themselves of the vaccine,” Ferrer said.

One group for whom Ferrer would like to see higher levels of vaccine coverage is residents who have HIV.

“It turns out that illness severity is closely tracking with people whose HIV infections are not well-controlled. So the recommendation is for everybody who’s HIV positive to come in and get vaccinated, regardless of gender,” she said.

Tpoxx — the antiviral medication that can be used to treat MPX — is also readily available at more than 500 sites, Ferrer said, “so there’s not an access problem getting Tpoxx in L.A. County.”

MPX is more commonly transmitted during intimate encounters, including sex. The disease is characterized by virus-filled rashes and lesions that can look like pimples, bumps or blisters. The rashes or lesions can appear first in the genital area and rectum before spreading to other body parts, and because they can be mistaken for other skin issues, the virus can easily spread during intimate encounters. Risk is higher for people with multiple sexual partners.

MPX also can be transmitted in household settings.

Most MPX cases include mild to moderate illness, but 5% of cases in L.A. County have resulted in hospitalization. One L.A. County resident died of MPX; the person was severely immunocompromised.

A rare complication of MPX can be disease in the eye. In a report published by the U.S. Centers for Disease Control and Prevention, officials described five cases of MPX in the eye, with patients experiencing prolonged illness and impaired vision.

“Patients with signs and symptoms compatible with ocular monkeypox should be considered for urgent ophthalmologic evaluation and treatment. Prompt notification of public health officials can help support these efforts,” the report said.

Officials said people with MPX should wash their hands frequently, avoid touching their eyes and stop using contact lenses.","['slow', 'dramatically', 'california', 'mpx', 'virus', 'spread', 'vaccinations', 'treatment', 'cases', 'county', 'health', 'la', 'reported', 'public', 'officials', 'vaccine', 'ferrer', 'early', 'weeks', 'week', 'sevenday', 'san', 'number', 'monkeypox', 'men', 'infected', 'illness', 'higher', 'francisco', 'ended', 'disease', 'vaccinated', 'transmitted', 'symptoms', 'support']",0.8,0,0,0,0.85,0,0.32
69,2328280875,2022-06-03 17:32:28,CNN U.S. Edition,"US has rolled out 1,200 vaccines for monkeypox in response to outbreak",https://www.cnn.com/2022/06/03/health/monkeypox-vaccine-outbreak-cdc/index.html,"Monkeypox: Dr. Gupta explains how it spreads and what the symptoms are

CNN —

As the number of monkeypox cases climbs amid an ongoing global outbreak, US health officials said Friday that they are ramping up testing and contact tracing and expanding access to vaccines and treatments.

As part of those efforts, about 1,200 doses of vaccine for monkeypox have been offered in the United States, said Dr. Raj Panjabi, White House senior director for global health security and biodefense.

“We want to ensure that people with high-risk exposures have rapid access to vaccines and, if they become sick, can receive appropriate treatment. To date, we’ve delivered around 1,200 vaccines,” Panjabi said. “And 100 treatment courses to eight jurisdictions, and we have more to offer states.”

Health care workers in Massachusetts treating monkeypox patients were among the first to receive vaccinations to protect them against the virus.

In the United States, the two-dose Jynneos vaccine is licensed to prevent smallpox and specifically to prevent monkeypox. Another smallpox vaccine licensed in the United States, ACAM2000, can also be used for monkeypox.

To date, more than 120 PCR orthopox tests have been performed across the United States as part of monitoring the outbreak.

“This is just a fraction of what’s available,” Panjabi said, adding that 67 labs across 46 states – part of a network known as the Laboratory Response Network – have the “collective ability” to perform more than 1,000 tests per day.

“So what we’re working on now is to ensure that that testing capacity is used,” he said. People with monkeypox symptoms are encouraged to see a health care provider, and providers are urged to test if they suspect that someone might have monkeypox.

There could be ‘community-level’ spread, CDC official warns

Officials with the US Centers for Disease Control and Prevention on Friday urged clinicians to be on the lookout for possible monkeypox cases as the virus could be spreading on the community level.

Twenty cases of monkeypox have been identified across 11 states, as well as an additional case in the United States who was infected and tested elsewhere, said Dr. Jennifer McQuiston, deputy director of the CDC’s Division of High Consequence Pathogens and Pathology.

All of the patients are in recovery or have recovered, and those who still have a rash are being advised to stay home and isolate from others until they’re fully recovered.

“I want to emphasize that this could be happening in other parts of the United States. There could be community-level transmission that is happening, and that’s why we want to really increase our surveillance efforts,” McQuiston said. “We want to really encourage physicians that if they see a rash and they’re concerned it might be monkeypox, to go ahead and test for that.”

She added that the rashes appearing as a result of monkeypox infections in this outbreak can be subtle and easily mistaken for other types of infections, especially sexually transmitted infections – and there could be co-infections of monkeypox with STIs.

McQuiston said that the rash from a monkeypox infection typically appears as “deep-seated” and “well-rounded” lesions that progress to raised or fluid-filled pustules. It could be confused for other infectious diseases like herpes or syphilis, she added.

“That being said, we don’t want to minimize this condition. The rash caused by monkeypox virus can spread widely across the body or present in sensitive areas like the genitalia,” McQuiston said. “It can be really painful, and some patients have reported needing prescription pain medicine to manage that pain. The sores can also cause long-term scarring on the skin.”

An analysis of genetic sequencing data from cases in the United States indicates that two genetically distinct variants of monkeypox may be circulating, McQuiston said.

The genetic sequence data is “certainly interesting from a scientific perspective,” but “to determine how long monkeypox virus has been circulating is going to require analysis of a lot more sequences from a lot more patients to begin to piece together that puzzle in a clearer way,” she said. “It’s certainly possible that there could have been monkeypox cases in the United States that went under the radar previously, but not to any great degree.”

She added that the risk to the public is still low and that the finding of cases with distinct lineages is a “positive sign” that the nation’s surveillance network is working.

CDC researchers and health officials published a report Friday describing many of the US monkeypox cases, noting that “ongoing investigation suggests person-to-person community transmission, and CDC urges health departments, clinicians, and the public to remain vigilant, institute appropriate infection prevention and control measures, and notify public health authorities of suspected cases to reduce disease spread.”

Among 17 cases described in the report across nine states, all of the patients had a rash, 14 of them reported traveling internationally during the 21 days preceding their symptoms, and all but one identified as a man who has sex with men (MSM). Three were immunocompromised. All of the patients were adults.

“The high proportion of initial cases diagnosed in this outbreak in persons who identify as gay, bisexual, or other MSM, might simply reflect an early introduction of monkeypox into interconnected social networks; this finding might also reflect ascertainment bias because of strong, established relationships between some MSM and clinical providers with robust STI services and broad knowledge of infectious diseases, including uncommon conditions,” CDC researchers wrote in the report.

“However, infections are often not confined to certain geographies or population groups; because close physical contact with infected persons can spread monkeypox, any person, irrespective of gender or sexual orientation, can acquire and spread monkeypox.”

Get CNN Health's weekly newsletter

Sign up here to get The Results Are In with Dr. Sanjay Gupta every Tuesday from the CNN Health team.

Globally, officials at the World Health Organization say, more countries are reporting monkeypox cases that have not seen the virus before.

“Cases have been reported in 26 countries” where the virus is not endemic, Maria Van Kerkhove, WHO’s emerging diseases and zoonoses lead and technical lead on Covid-19, said during a news briefing Thursday. She added that more than 600 cases have been identified in these countries.

“As surveillance increases, as attention increases, we expect that more cases will be identified,” she said. “Many public health outbreak investigations are ongoing.”

Rosamund Lewis, WHO’s technical lead for monkeypox, said Tuesday that this outbreak is different from previous ones because “we’re seeing cases all appearing in a relatively short period of time.”

“What we’re seeing now began as a small cluster of cases, and then the investigation rapidly led to discovery of infections in a group of men who have sex with men, and this led to further investigations, and so we don’t yet know what the source of the actual outbreak is,” Lewis said. “What’s most important now is not to stigmatize.”","['rolled', 'response', '1200', 'monkeypox', 'outbreak', 'vaccines', 'cases', 'states', 'health', 'united', 'patients', 'virus', 'rash', 'infections', 'spread', 'public', 'mcquiston', 'identified', 'dr', 'vaccine', 'symptoms', 'surveillance', 'reported', 'panjabi', 'officials', 'network', 'msm', 'men', 'lead', 'diseases', 'cdc', 'added', 'whos', 'whats', 'urged']",0.9,0,0.8,0,0.8,0,0
70,2410903769,2022-09-02 22:52:00,HonululuAdvertiser,"Hawaii Health Department reports two more monkeypox cases, bringing state total to 25",https://www.staradvertiser.com/2022/09/02/breaking-news/hawaii-health-department-reports-two-more-monkeypox-cases-bringing-state-total-to-25/,"The Hawaii Department of Health today reported two additional cases of monkeypox, bringing the total reported in the state since early June to 25.

DOH said it has identified an additional case in an Oahu resident with a history of travel outside of the state, and another in a Hawaii island resident whose case remains under investigation. These additional two cases come just a few days after an additional Oahu case was identified on Tuesday.

The tally now includes 18 on Oahu, including a nonresident, three on Hawaii island, two on Maui, and two non-residents on Kauai.

DOH said it continues to conduct contact tracing and follow-up with all reported cases.

Additionally, the Jynneos vaccine for monkeypox is available statewide to eligible residents.

All vaccination sites are primarily offering intradermal vaccination, which is administered under the skin instead of into the muscle tissue, according to DOH. The department says this technique provides the same, high level of protection from monkeypox virus while allowing more people in Hawaii to be protected.

There are about 1,270 vials of Jynneos available in Hawaii, according to DOH, and each vial can offer four to five doses. More than 2,000 doses have been administered.

The Jynneos vaccine is a two-dose series administered at least 28 days apart. DOH is taking appointments for second doses.

Vaccination eligibility for Hawaii residents includes:

>> Close contact in the last 14 days with a person with known or suspected monkeypox infection;

>> Gay, bisexual, and other men who have sex with men and transgender individuals who have multiple or anonymous sex partners;

>> Persons with severe immune compromise (e.g., advanced HIV infection, active cancer treatment, high-dose steroids) or certain skin conditions, such as eczema; AND who have a household member or sex partner at high risk for monkeypox.

>> People in certain occupational risk groups.

Appointments for the Jynneos vaccines can be scheduled via DOH at 808-586-4462 or at health.hawaii.gov/docd/mpxvax.

Other providers of the Jynneos vaccines include:

>> Malama I Ke Ola on Maui at 808-871-7772

>> Waianae Coast Comprehensive Health Center on Oahu (Waianae and Kapolei) at 808-427-0442

>> Hawaii Health & Harm Reduction Center (Honolulu) at 808-521-2437

>> Kaiser Permanente on Oahu (Mapunapuna) at 808-432-2000, prompt 1

>> Hamakua-Kohala Health (Hawaii island) at 808-930-2751

>> Malama Pono Health Services (Kauai) at 808-246-9577","['total', 'reports', 'bringing', '25', 'hawaii', 'monkeypox', 'health', 'state', 'department', 'cases', 'oahu', 'jynneos', 'doh', 'additional', 'sex', 'reported', 'island', 'days', 'case', 'waianae', 'vaccines', 'vaccine', 'vaccination', 'skin', 'risk', 'resident', 'men', 'maui', 'malama', 'infection', 'includes', 'identified', 'high', 'doses', 'contact']",0,0,0,0,0,0,0
71,2359299719,2022-07-07 04:31:00,Arkansas Democrat-Gazette ,"Arkansas hospitals ready to treat, isolate monkeypox cases",https://www.arkansasonline.com/news/2022/jul/07/arkansas-hospitals-ready-to-treat-isolate/,"Arkansas hospitals are working to ensure their medical staff are prepared to handle cases of monkeypox, health officials said Wednesday.

The Arkansas Department of Health confirmed the state's first case of monkeypox Tuesday. The disease has been slowly spreading across the globe, but world health officials believe the risk to the general public to be low.

The first case in the U.S. was found in May. So far, there have been no U.S. deaths from monkeypox.

""If Arkansas follows the patterns of other states, we likely will have additional cases,"" Health Department Director Jennifer Dillaha said in a news conference Wednesday morning.

She declined to give geographical information about the state's single case.

The virus, while similar to smallpox, is less transmissible and usually causes less severe illness.

According to the Health Department, monkeypox symptoms include fever, headache, muscle pain and a painful rash that occur seven to 14 days after exposure. An infected person is no longer contagious when the pustules from the rash become scabs, Dillaha said.

Monkeypox is transmitted through direct skin-to-skin contact with the infectious rash, scabs or body fluids and contaminated items, such as clothing. It can also be transmitted through respiratory fluids during prolonged, face-to-face contact, according to the Health Department.

Scientists warn that anyone who is in close physical contact with someone who has monkeypox, or their clothing or bedsheets, is at risk of infection. Vulnerable populations -- such as children and pregnant women -- are thought more likely to suffer severe disease.

To date, more than 5,000 monkeypox cases have been reported from 51 countries worldwide that don't normally report the disease, according to the Centers for Disease Control and Prevention.

The personal protective equipment hospitals use to prevent the spread of covid-19 can also be used as protection from monkeypox, said Dr. Keyur Vyas, a professor of medicine and infectious disease physician at the University of Arkansas for Medical Sciences. The equipment includes gowns, gloves, masks and face shields or goggles.

The St. Bernards Healthcare system in Jonesboro also has plenty of personal protective equipment on hand for employees and has isolation protocols for potential monkeypox patients, spokesman Mitchell Nail said.

""[We are] mostly ensuring our staff is educated on what the signs and symptoms are, especially those working in emergent care because they are on the front lines,"" he said.

UAMS has made its clinical staff aware of monkeypox in case people seek treatment for it, especially at outpatient clinics, Vyas said.

""The current outbreak in Europe and the U.S. seems to be more outpatient-driven,"" he said. ""People aren't by and large ending up in the hospital with this illness.""

Arkansas does not yet have any monkeypox vaccines, but the Health Department hopes to receive some from the U.S. Centers for Disease Control and Prevention ""in the near future"" now that a case has been found in the state, Dillaha said.

People who have been exposed to or infected with monkeypox will be the Health Department's first priority for vaccine distribution, she said. Vaccination within four days of exposure to the virus can prevent infection, and vaccination between four and 14 days of exposure can limit the severity of symptoms.

UAMS will test potential monkeypox patients, isolate them if they are infected and try to get them vaccinated whenever possible, Vyas said.

""These are pretty standard isolation precautions we'd take for a variety of illnesses, so it's something we're pretty well-prepared for as a health care facility,"" he said.

Mercy Hospital Northwest Arkansas in Rogers is also prepared to treat monkeypox infections and ""will provide care based on the guidance of infectious disease experts, the Centers for Disease Control and Prevention and local health department recommendations,"" spokesman Nate Kuester said in an email.

Baptist Health has ""high-consequence pathogen protocols in place to deal with any infectious condition, including monkeypox,"" and staff regularly ensures the protocols are up to date, said Cara Wade, Baptist's executive director of corporate communications.

The Health Department will work with monkeypox patients to determine their close contacts that might also be infected and get them tested for the virus, Dillaha said.

In addition to vaccines, the Health Department is also working with the CDC to obtain antiviral drugs that treat monkeypox, Dillaha said. The drugs will not be available over the counter.

Monkeypox is not an airborne illness like covid-19, and it can be fully prevented by vaccination because it has a longer incubation period than covid-19. Conversely, people vaccinated against covid-19 can still be infected afterward but typically experience less severe symptoms than if they were unvaccinated.

The highly contagious omicron subvariant B.A.5 is currently the dominant strain of covid-19 in the U.S. and has been on the rise in Arkansas. The Health Department is more concerned about the spread of covid-19 than monkeypox when children return to school in August, Dillaha said.

""We also know that it's important to do whatever we can to minimize the spread of monkeypox [in schools],"" she said. ""We have concerns about spread, for example, among athletes, that have close skin-to-skin contact.""","['ready', 'isolate', 'hospitals', 'monkeypox', 'arkansas', 'cases', 'treat', 'health', 'department', 'disease', 'dillaha', 'covid19', 'infected', 'staff', 'spread', 'infectious', 'contact', 'case', 'working', 'vyas', 'virus', 'vaccination', 'symptoms', 'states', 'severe', 'rash', 'protocols', 'patients', 'exposure', 'equipment', 'days', 'control', 'close', 'centers', 'care']",0.5,0,0.3,0,0.8,0,0.35
72,2313614869,2022-05-19 09:24:09,time,What Is Monkeypox and Should You Be Worried?,https://time.com/6178541/what-is-monkeypox-and-should-you-be-worried/,"A case of the rare and potentially dangerous monkeypox has been confirmed in the U.S., with two news cases appearing in the U.K., bringing the total number there to nine.

The infected Massachusetts man had recently traveled to Canada and is now receiving treatment in hospital, according to the Centers for Disease Control and Prevention (CDC). The Department of Health said the case poses no risk to the public.

It’s the first reported infection in the U.S. so far this year and follows reports of scattered cases in Europe. In addition, health officials in Canada are investigating up to 13 cases in Montreal, Radio-Canada reported.

In the U.K. the Health Security Agency said recent cases were “predominantly in gay, bisexual or men who have sex with men.”

“We are particularly urging men who are gay and bisexual to be aware of any unusual rashes or lesions and to contact a sexual health service without delay if they have concerns,” the agency said.

So what is monkeypox, and should you be worried?

What is monkeypox?

Monkeypox is a rare, usually mild infection, typically caught from infected wild animals in parts of Africa. It was first discovered in 1958 in monkeys kept for research—hence the name—with the first human case recorded in 1970, according to the CDC. The disease is a relative of smallpox, causing a rash that often begins on the face, according to the UK’s NHS website.

How can you catch it?

Monkeypox can be caught from a bite by an infected animal, or by touching its blood, body fluids or fur. It’s thought to be spread by rodents, such as rats, mice, and squirrels. It’s also possible to catch the disease by eating meat from an infected animal that has not been cooked properly.

It’s very unusual to catch monkeypox from a human, because it doesn’t spread easily between people. But it is possible to spread the disease through touching clothing, bedding, or towels used by someone with the rash. The disease can also be transmitted by touching monkeypox skin blisters or scabs, or getting too close to coughs and sneezes from an infected person.

What are the symptoms of monkeypox?

If you get infected with monkeypox, it usually takes between five to 21 days for the first symptoms to appear. These include a fever, a headache, muscle aches, backache, swollen glands, shivering, and exhaustion.

A rash typically appears one to five days after experiencing these symptoms. The rash is sometimes confused with chickenpox, because it starts as raised spots which turn into small scabs filled with fluid. The symptoms usually clear up within two to four weeks and scabs falls off.

Can monkeypox kill you?

Studies in central Africa, where people have less access to quality health care, show the disease kills as many as one in 10 infected people, according to the World Health Organization. However, most patients recover within a few weeks.

Is there a cure?

Patients will usually need to stay in a specialist hospital so infection doesn’t spread and general symptoms can be treated. There is one vaccine and one specific treatment—SIGA Technologies’ Tecovirimat, a drug usually sold under the brand name Tpoxx—but they are not yet widely available.","['worried', 'monkeypox', 'infected', 'health', 'disease', 'symptoms', 'spread', 'rash', 'cases', 'touching', 'scabs', 'infection', 'catch', 'case', 'unusual', 'uk', 'typically', 'rare', 'men', 'human', 'hospital', 'gay', 'doesnt', 'days', 'cdc', 'caught', 'canada', 'bisexual', 'animal', 'agency', 'africa', 'youstudies', 'worriedwhat', 'world', 'wild']",0.9,0,0,0,0.4,0,0
73,2318278290,2022-05-24 10:59:28,Newsmax,CDC Tracking More Than 200 People in Massachusetts for Signs of Monkeypox,https://www.newsmax.com/newsfront/cdc-monkeypox-massachusetts-who/2022/05/24/id/1071251,"The Centers for Disease Control and Prevention is tracking more than 200 people in Massachusetts who were in contact with the first confirmed monkeypox patient in the U.S., the New York Post reports.

The CDC also released a level-2 travel alert over the spread of the virus on Monday, advising people to “practice enhanced precautions,” while warning that the rare disease is fatal in up to 11% of people who become infected.

According to the CDC, symptoms include fever of 100.4 degrees or higher, headache, muscle aches, and swollen lymph nodes, followed by a rash. Skin lesions generally develop at the same time and progress through several stages on any part of the body before falling off. Patients are usually ill for two to four weeks.

On Monday, CDC officials said an unidentified Massachusetts man who had recently returned to the United States from Canada remains the only confirmed monkeypox case in the country.

Other suspected cases, including one in Florida and one in New York City, are still officially listed as orthopoxvirus cases, the family of viruses that monkeypox belongs to, the CDC said.

All of the suspected cases in the U.S. are men who have a relevant travel history, CDC officials said.

According to the health authority, “some cases were reported among men who have sex with men,” and an adviser to the World Health Organization (WHO) separately said that some cases might be explained by risky sexual behavior at two raves held in Europe.

Jennifer McQuiston, deputy director of the CDC’s Division of High Consequence Pathogens and Pathology, said the Massachusetts patient is in isolation at Massachusetts General Hospital and health officials there “have been tracking over 200 contacts.”

While contract tracing efforts included the patient’s personal contacts, the Boston Herald reported that McQuiston identified “the vast majority of them” as “healthcare workers.”

The U.S. currently has approximately 1,000 doses of the approved smallpox and monkeypox vaccine Jynneos, “and you can expect that level to ramp up very quickly in the coming weeks,” McQuiston said.

“Right now we are hoping to maximize vaccine distribution to those that we know would benefit from it,” she said. “Those are people who’ve had contacts with a known monkeypox patient, healthcare workers, very close personal contacts, and those in particular who might be at high risk for severe disease.”

The CDC’s travel alert stressed, in bold, that travelers should avoid “close contact with sick people, including those with skin lesions or genital lesions,” as well as “contact with dead or live wild animals.”

The alert listed 16 countries where monkeypox has been confirmed as of Monday. All of the countries are outside of the areas in Africa where the disease has historically been found.

There have been 131 confirmed cases of monkeypox worldwide and an additional 106 suspected ones, the WHO said Tuesday.","['signs', 'monkeypox', 'cdc', 'massachusetts', 'tracking', '200', 'cases', 'confirmed', 'travel', 'suspected', 'patient', 'officials', 'men', 'mcquiston', 'lesions', 'health', 'disease', 'contacts', 'contact', 'alert', 'york', 'vaccine', 'skin', 'reported', 'personal', 'patients', 'listed', 'including', 'high', 'healthcare', 'countries', 'close', 'cdcs', 'worldwide', 'world']",0,0,0,0,0.8,0,0.4
74,2453710093,2022-10-20 14:48:22,CBS News,"U.S. monkeypox deaths rise to 4, after New York reports 2",https://www.cbsnews.com/news/2-more-monkeypox-deaths-new-york/,"Illinois and Maryland have recorded their first deaths in the monkeypox outbreak, local health officials announced Friday, a day after officials in New York and Nevada said that they had also identified their first deaths in residents who had tested positive for the virus.

Six deaths have now been officially tallied so far by the Centers for Disease Control and Prevention, up from two last week, out of more than 27,800 infections around the country.

The first confirmed death this year was in California and a second was reported last month in Ohio. Officials have not yet confirmed whether a death in Texas reported in August was due to monkeypox.

Chicago's health department said Friday that two residents had died with ""multiple other health conditions, including weakened immune systems."" The people were diagnosed with the virus ""more than six weeks ago, and both had been hospitalized.""

Also on Friday, Maryland's health department said in a release that monkeypox ""was a contributing factor"" in a death reported there. That person was also ""immunocompromised, resulting in a more severe case.""

On Thursday, a spokesperson for New York state's health department had said two residents of New York City ""recently passed away"" after testing positive. Both were facing ""underlying conditions that placed them at high risk of severe outcomes from monkeypox infection.""

In Nevada, authorities also announced Thursday that a man in the Las Vegas area had died after being diagnosed with monkeypox.

""The patient was a male over the age of 50 with underlying medical conditions whose death was attributed to other causes,"" the Southern Nevada Health Department said in a release.

All four jurisdictions who have reported new monkeypox deaths over the past few days have declined to offer additional details about the deaths, citing privacy concerns.

Federal officials had said earlier this week that several deaths linked to the virus were being investigated around the country.

A previously reported death of a Texas patient believed to have monkeypox remains unconfirmed, a spokesperson for the Houston area's Harris Health System said Friday, pending results from the CDC.

CBS News has requested comment from the CDC regarding the recent increase in deaths and the delay in confirming the Texas case. It is unclear which states make up the deaths currently in the agency's tally.

The new deaths come months after a surge of new monkeypox cases had crested nationwide. The pace of new infections has largely plummeted around the country.

New York City, once an early hotspot of infections, is averaging only a handful of new infections per day on average. San Francisco announced Thursday the city was planning to soon end its emergency declaration for the outbreak.

Monkeypox vaccine appears to be working, but CDC still urges precautions

Overall, cases are still overwhelmingly being reported among men who have sex with men. However, some demographics have shifted since early in the outbreak: Federal data suggest a majority of new cases are now in non-White patients.

Federal health officials have also warned that the agency had seen a growing number of severe infections and hospitalizations as the virus had spread into more vulnerable groups, including homeless communities.

""There have been cases identified, several hundred actually, including severe cases. Anecdotally, those seem to be in people experiencing unsheltered homelessness. And we are working to try to understand the exposures that have occurred,"" the CDC's Agam Rao said Wednesday at the ID Week conference.

Rao said the agency had also fielded a growing number of requests from doctors treating severe monkeypox infections in people with underlying conditions, like advanced untreated HIV.

""When people are severely immunocompromised, then they don't have the ability to clear the virus on their own,""

Rao said some severe cases had received treatment with tecovirimat, an experimental antiviral drug being used to treat severe monkeypox cases.

""That slows down the replication. But the immune system still needs to be the one to clear the actual virus,"" said Rao.","['tally', 'rises', 'maryland', 'illinois', 'cdc', 'announce', 'deaths', 'monkeypox', 'york', 'nevada', 'health', 'severe', 'reported', 'infections', 'cases', 'virus', 'officials', 'death', 'department', 'conditions', 'week', 'underlying', 'texas', 'residents', 'including', 'city', 'announced', 'working', 'system', 'states', 'spokesperson', 'rao', 'positive', 'patient', 'outbreak']",0.8,0,0,0.4,0.4,0,0.45
75,2386230911,2022-08-05 09:55:00,Fortune ,A U.S. monkeypox pandemic can be prevented. COVID-19 has shown us how,https://fortune.com/2022/08/05/us-monkeypox-pandemic-prevented-covid-19-lessons-health-williams-swinford/,"While the monkeypox virus spreads mostly through close contact with someone who is infected, our window for preparing for a mass outbreak is closing.

Perhaps the biggest takeaway from the COVID-19 pandemic is that government, at all levels, must consult and collaborate more closely with business leaders on combating a pandemic. This will minimize economic disruption, maximize workplace safety, and enable the government to mitigate public health consequences by responding rapidly.

At COVID-19’s onset, business leaders had to adapt quickly, making decisions in an environment of uncertainty amid a rapidly shifting public health response. A costly lockdown became the default public policy option because the nation was unprepared.

Now, to help protect the economy, the public and private sectors should work together to identify which workers qualify as essential and how they can work as safely as possible in a public health emergency.

It’s important to note that the public and private sectors were able to achieve great successes during these tumultuous times. Public-private collaborations enabled scientists to develop vaccines in record time. Private companies built on a decade of research partnerships, including with the National Institutes of Health, on a new vaccine type–based on messenger RNA and produced synthetically–and took on billions of dollars in risk. The result was a vaccine that offers high rates of efficacy and protection against severe illness, hospitalization, and death. However, the vaccine distribution system can be improved, particularly by leveraging private sector networks’ strong existing patient contacts.

There were other critical victories as well: Greatly expanded use of telehealth helped many patients get the care they needed, remotely. An ambitious regulatory reform agenda enabled hospitals to adapt to surge capacity and brought many healthcare providers back to work. We must make certain necessary regulatory reforms that can help with this latest public health challenge remain in place.

Conversely, the COVID-19 pandemic has highlighted glaring shortcomings in our system and revealed how the U.S. has chronically underinvested in several dimensions of public health, especially considering its underserved communities’ acute vulnerability.

The nation should move towards a healthcare system that provides better access, with a focus on the health disparities that the pandemic has so starkly highlighted. We saw this through COVID-19’s impact on people with comorbidities such as diabetes and hypertension, those in nursing homes, and those with mobility-related disabilities.

A healthcare system that reimburses providers for maintaining health would raise overall levels of health and thus prepare Americans better for future public health crises and address issues of health equity. These make up the second lesson.

The third is that having accurate data is critical. Wastewater screening, for example, gave early warning of COVID spikes. Genomic sequencing was an essential tool for identifying new variants and developing ways to address them.

A global public-private partnership for genomic sequencing, along with mRNA technology, would be a powerful way to quickly address and respond to future pathogens and viral outbreaks.

The fourth lesson is that government, at all levels, must do more to prepare. For starters, the federal government ought to upgrade and constantly refresh the national stockpile of goods needed to fight a pandemic, such as personal protective equipment. It must also ensure that we have a strong supply chain for these items, which can be activated quickly in a crisis.

The federal government should reform its public health communications to be consistent and clear. The CDC needs to more proactively implement scientific guidance in real-world contexts. It should create a business advisory committee, modeled on the Department of Homeland Security’s critical infrastructure advisory committees, with representatives from diverse industries, to advise on the economic impacts of public health regulations and assist in pandemic planning.

State and local officials should consult with businesses to ensure public-sector support for essential public health emergency infrastructure. America’s schools can also improve how they teach health education.

The final lesson from the COVID-19 pandemic concerns the way businesses themselves can better prepare. They should update their business plans now with lessons learned from the pandemic to be ready to shift operations as events require. They should embrace their roles as trusted information sources for their employees during a public health crisis. Businesses need relationships with trusted medical professionals who can guide their employee communications.

While these solutions are not necessarily easy, they are all common sense and draw from recent experience. Infectious diseases grow exponentially, not linearly. We must start applying these lessons now–and hope that it’s not already too late to benefit from them in our fight against monkeypox.

Ronald Williams is the chairman and CEO of RW2 Enterprises, LLC and former chair and CEO of Aetna. Mike Swinford is the CEO of Numotion. Both are trustees of the Committee for Economic Development, the public policy center of The Conference Board (CED), and serve on CED’s healthcare committee.

The opinions expressed in Fortune.com commentary pieces are solely the views of their authors and do not reflect the opinions and beliefs of Fortune.

More must-read commentary published by Fortune:","['shown', 'prevented', 'monkeypox', 'pandemic', 'covid19', 'health', 'public', 'system', 'private', 'healthcare', 'business', 'work', 'vaccine', 'quickly', 'prepare', 'levels', 'essential', 'economic', 'critical', 'ceo', 'businesses', 'address', 'trusted', 'strong', 'sequencing', 'sectors', 'regulatory', 'reform', 'publicprivate', 'providers', 'policy', 'opinions', 'needed', 'national', 'nation']",0,0,0.4,0.8,0.8,0,0.8
76,2383376037,2022-08-02 13:01:21,The Boston Globe,‘We will see more kids with this virus’: Boston Children’s doctor urges awareness as monkeypox continues spread,https://www.boston.com/news/health/2022/08/02/boston-childrens-doctor-kids-risk-monkeypox/,"“Kids will not be the real risk category compared to their adult counterparts.”

An infectious disease doctor at Boston Children’s Hospital is urging parents and guardians to be aware of monkeypox transmission in their communities in order to manage risk to their kids.

Dr. John Brownstein, chief innovation officer at the hospital and a professor at Harvard Medical School, told ABC News on Tuesday that the data for kids and monkeypox in the United States is very limited.

“We have four cases in this country, so the risk is low,” Brownstein said. “But you do have household transmission. So we will see more kids with this virus.”

:

The virus is typically spread through prolonged contact with the rash lesions, often through direct skin-to-skin contact. But it can also be spread through a secondary surface, such as shared clothing, bedding, or towels.

Less frequently, the disease can spread through respiratory droplets, according to the department of public health, but it does not spread through brief conversations or interactions with someone who has tested positive.

Brownstein said data from other countries suggest that kids under the age of 8 can “deal with the severe consequences of this virus.”

“That can include airway obstruction, scarring of the cornea, pneumonia, sepsis, and remember, there’s no authorized vaccine for our kids,” the doctor said. “So we do have to be concerned. So people that are concerned about their kids obviously need to know what’s happening in their community, especially if there’s increased cases.”

As of Thursday, there have been 115 confirmed cases of monkeypox in Massachusetts, according to the state Department of Public Health. The monkeypox vaccine is being offered by 13 different health providers across the state to eligible individuals. So far, 4,303 doses of the JYNNEOS vaccine have been administered in Massachusetts.

:

Brownstein stressed in his appearance on ABC News that monkeypox is spread through very close contacts.

“So ultimately kids will not be the real risk category compared to their adult counterparts,” Brownstein said.

Symptoms of monkeypox can include fevers, headaches, sore throats, and swollen lymph nodes, but the defining characteristic is a rash that fills with clear fluid.

The Centers for Disease Control and Prevention advises anyone who believes they may have the virus to wear a mask, cover any rash or lesions when around others, and contact a healthcare provider. For more information on monkeypox and how it spreads, visit www.mass.gov/monkeypox and www.cdc.gov/poxvirus/monkeypox.","['urges', 'continues', 'childrens', 'boston', 'awareness', 'monkeypox', 'kids', 'spread', 'virus', 'doctor', 'risk', 'vaccine', 'rash', 'health', 'disease', 'contact', 'brownstein', 'transmission', 'state', 'real', 'public', 'lesions', 'include', 'hospital', 'email', 'department', 'data', 'concerned', 'compared', 'category', 'cases', 'adult', 'abc', 'wwwmassgovmonkeypox', 'wwwcdcgovpoxvirusmonkeypoxnewsletter']",0,0,0,0,0.85,0,0
77,2434628871,2022-09-29 12:54:58,Truthout,"From COVID to Monkeypox, Our Health System Failed. We Need Medicare for All.",https://truthout.org/articles/from-covid-to-monkeypox-our-health-system-failed-we-need-medicare-for-all/,"Medicare for All would go a long way in correcting the racial disparities we are seeing in monkeypox treatment.

Part of the Series

Fighting for Our Lives: The Movement for Medicare for All

Racial inequities are emerging in the vaccination and treatment of monkeypox, just as we saw with COVID. In recent weeks, roughly 25 percent of new monkeypox cases have occurred among white patients. Yet more than 33 percent of monkeypox vaccines have gone to white patients (as of September 27).

Financial and logistical barriers to monkeypox care can disproportionately affect patients of color. In New York City, appointments for monkeypox treatment and vaccination, distributed on a first-come, first-serve basis, have disproportionately gone to wealthy, white individuals who have better access to the health care system. The first vaccines were doled out in Chelsea, a mostly white neighborhood, during the middle of the workday on Thursday. Even when vaccines began to be distributed in Harlem (a neighborhood that is 82 percent non-white), appointments appeared to go largely to white residents from outside the community, leaving community members frustrated.

Such disparities mirror larger trends in society. Across specialties, physicians disproportionately spend their time seeing white patients, despite patients of color, on average, having higher medical needs. Due to the legacy of slavery, Indigenous genocide, xenophobic immigration regulations and centuries of racist economic policies, patients of color are more likely to be under- or uninsured, and in general, have lower incomes. Patients of color are also more likely to experience difficulties accessing transportation, or taking paid time off work to access appointments. The latter is particularly important for individuals with monkeypox, which requires prolonged isolation, and whose painful lesions can inhibit the ability to work.

We need explicitly anti-racist policies to repair these harms. Medicare for All would eliminate financial barriers to health care, and in doing so, help address the racial inequities highlighted by the monkeypox pandemic.

Medicare for All would establish a “single-payer” system, in which all U.S. residents would receive health insurance. All U.S. residents would have access to medications, doctor appointments and hospitalizations with low or no copayments. Undocumented individuals could be covered under the current House bill, as to be determined by the U.S. Secretary of Health and Human Services.

Studies show that Medicare for All would have saved 340,000 lives so far during the COVID pandemic, primarily by eliminating financial barriers to care, while saving billions of dollars annually. It’s a rare “free lunch” in economic policy, because savings under a single-payer system far outstrip the costs of expanding coverage. The U.S. spends nearly a third of all health care dollars on administration, approximately $800 billion annually, primarily coming in the form of private health insurance company overhead and profits. Medicare’s fee-for-service plan, in contrast, has 2.4 percent overhead.

Medicare for All could address racial disparities in monkeypox access by making all services free of charge, disproportionately benefiting racial and ethnic minorities. Most Americans would see their incomes rise, not only because premiums and copayments would fall to near zero, but because for the majority of Americans with employer-sponsored insurance, the potential salary that is currently tied up in insurance subsidies would be freed up.

Taken together, these financial boons could disproportionately benefit people of color who are more likely to delay health care because of cost. It’s notable that in the Veterans Health Administration, a single-payer health care system, many racial disparities in health outcomes are mitigated or absent.

When diseases like monkeypox disproportionately affect communities of color, the financial impact on hospital systems is not equal, reproducing structural racism. In general, hospitals primarily serving patients of color earn fewer profits, since these patients are disproportionately uninsured or covered by public insurance, which reimburses less than private insurance. This codifies a perverse financial system in which white lives are more valued than the lives of people of color.

Over the past few decades, this has also led to an arms race among health care systems, which invest in lucrative projects to attract privately insured (disproportionately white) patients, driving up the cost of care for all in the process. Meanwhile, clinics that serve people of color remain underfunded.

It doesn’t have to be this way. Medicare for All would establish a financing system called “global budgeting” that could allocate resources based on need, similar to how we currently finance fire departments. It’s a common-sense approach that aligns dollars with need. Safety net and rural hospitals, which are currently closing at record rates, would see boosts in revenue, and unnecessary or wasteful spending would be curtailed. This would be a boon for clinics which focus on lower reimbursing areas, like primary care, mental health, and yes, infectious diseases.

The early days of the monkeypox pandemic have been plagued by supply chain and logistical challenges. Vaccines remain scarce and maldistributed. Contact tracing and testing have been challenging. Medicare for All wouldn’t, in and of itself, fix all of these problems, but it would enable a national electronic medical record, mitigating logistical hurdles that result from our byzantine, multi-payer health system.

For example, in 2020, Taiwan’s lauded initial response to COVID would not have been possible without its single-payer system and national health insurance database, which streamlined contact tracing and communication.

There will be more pandemics after monkeypox and COVID-19. Narrow, disease-specific measures, such as those passed in 2020 making COVID hospitalizations free, expire with time, serving only as Band-Aids. Other incremental reforms are politically attractive, but mathematically infeasible, as they do not come with the administrative savings of a single-payer system.

There is a saying in medicine that the United States does not have a “health care system,” we have a “sick care” system. Among wealthy nations, the U.S. stands out for its uniquely reactive, profit-driven system which is disinterested in prevention. The monkeypox pandemic makes this all the more clear, and also sheds a light on structural racism in our health care system. By advocating for Medicare for All, we can build a better system, fundamentally reoriented to justice and public health, one that prioritizes people over profits and takes a necessary step toward confronting racial inequities in our society.","['failed', 'health', 'monkeypox', 'system', 'medicare', 'covid', 'care', 'patients', 'white', 'disproportionately', 'color', 'insurance', 'racial', 'singlepayer', 'vaccines', 'lives', 'free', 'disparities', 'appointments', 'access', 'residents', 'profits', 'primarily', 'pandemic', 'logistical', 'inequities', 'individuals', 'dollars', 'barriers', 'workwe', 'wealthy', 'vaccination', 'uninsured', 'treatment', 'tracing']",0,0.98,0,0,0,0,0.9
78,2374451861,2022-07-23 11:31:46,Mother Jones,The WHO Just Declared Monkeypox a Public Health Emergency,https://www.motherjones.com/mojo-wire/2022/07/monkeypox-world-health-organization-public-health-emergency-vaccinations/,"The coronavirus is a rapidly developing news story, so some of the content in this article might be out of date. Check out our most recent coverage of the coronavirus crisis, and subscribe to the Mother Jones Daily newsletter.

The World Health Organization declared the monkeypox outbreak a public health emergency of international concern on Saturday, with WHO Director-General Tedros Adhanom Ghebreyesu citing a “clear risk of further international spread.”

The WHO issued its declaration despite its emergency committee—charged with deciding on the emergency status—failing to reach a consensus.

The monkeypox virus has spread mostly among men who have sex with men. Still, the Centers for Disease Control and Prevention has cautioned that people can contract the virus—which causes symptoms like a pimple-like rash, fever, headache, and chills—if they come in close contact with someone with monkeypox. So far, 2,891 cases have been confirmed in the United States, and more than 16,000 around the world.

In a throwback to the early Covid-19 era, experts have been discouraged by how slow the vaccination and testing processes have gone in the United States. As my colleague Jackie Mogensen wrote earlier this month:

First, there’s the vaccine: As CNN reported on Thursday, there are approximately 1.5 million people who are eligible to receive Jynneos, a vaccine that protects against monkeypox and smallpox. So far, more than 132,000 doses have been distributed, according to data from the US Department of Health and Human Services, but health officials on the ground say it hasn’t been enough. “We got an allotment of 200 vaccines,” Dr. David Holland, the chief clinical officer of the Fulton County, Georgia, Board of Health, told CNN, “and the appointments for that went in about an hour and a half.”

Similarly, New York Mayor Eric Adams has also said the city hasn’t received enough vaccine doses, even as it reportedly makes up about a third of all monkeypox cases nationwide. “While we appreciate the approximately 7,000 vaccine doses that have been sent to New York City thus far, and the approximately 14,500 vaccine doses we expect to receive by the end of the week, we urgently need far more to slow [the] spread and protect at risk populations,” Adams wrote in a letter to President Joe Biden on Monday. “Within less than 10 minutes of releasing new appointments for our vaccine clinics last week, all appointments were taken.”

Obtaining monkeypox treatments and tests has also been a headache for local health officials. On Friday, the Washington Post reported that in order to prescribe the antiviral Tpoxx to patients, doctors say they must fill out dozens of pages of paperwork per patient. “There’s a ton of paperwork, there’s a ton of assessments that are required, there’s a tremendous amount that one has to do to be able to administer this drug to someone,” Roy Gulick, a New York City physician told the Post.","['public', 'declared', 'monkeypox', 'health', 'emergency', 'vaccine', 'doses', 'york', 'city', 'approximately', 'appointments', 'wrote', 'week', 'united', 'ton', 'told', 'states', 'spread', 'slow', 'risk', 'reported', 'receive', 'post', 'paperwork', 'officials', 'men', 'international', 'headache', 'coronavirus', 'cnn', 'cases', 'adams', 'worldin', 'world', 'washington']",0,0,0,0.8,0.8,0,0
79,2394987378,2022-08-16 06:00:00,Vanity Fair,“A Hunger Games Contest”: How Unforced Errors Hobbled America’s Monkeypox Response,https://www.vanityfair.com/news/2022/08/how-unforced-errors-hobbled-americas-monkeypox-response,"As vulnerable Americans scramble to find scarce vaccine doses, critics say the FDA dragged its feet, “the CDC can’t operate its way out of a paper bag,” and a 333-page smallpox response plan was never “activated.” Can Team Biden right the ship before it’s too late?

The first diagnosed case of monkeypox in the US, on May 18, did not seem like a major cause for alarm. Unlike the virus that causes COVID-19, monkeypox was not novel, not airborne, and rarely fatal. In fact, the US government already possessed a robust arsenal of tools that could be used to combat it.

In 2003 the US government began developing a detailed response plan for smallpox, a far more lethal virus that belongs to the same family as monkeypox. The plan, which over two decades grew to fill 333 pages, offered a playbook for how to mount an effective response to such pathogens.

The US government had also spent close to $2 billion to develop a new smallpox vaccine called Jynneos, which is manufactured by the Danish biotech company Bavarian Nordic. The Strategic National Stockpile contains 20 million doses of the Jynneos vaccine, which is much safer than earlier smallpox vaccines, but, according to The New York Times, its shelf life is only three years, and the majority expired over the past decade. (A freeze-dried version that would last longer is still in the works.)

Millions more doses sat in liquid form in plastic bags at Bavarian Nordic’s manufacturing plant in Denmark. These had been purchased by the US long before the first domestic cases of monkeypox were identified.

Viewed from one angle, Jynneos looked like an infectious disease success story: a vaccine at the ready, for when it counted most. “But for the United States government, we wouldn’t have the Jynneos vaccine,” said Michael Osterholm, director of the Center for Infectious Disease Research and Policy at the University of Minnesota. “We are the reason why the world has a vaccine.”

But as cases of monkeypox ticked upward around the country, spreading primarily via skin-to-skin contact among men who have sex with men, six long weeks passed without significant action to deploy vaccines widely. Vulnerable Americans found themselves hunting for elusive shots and scrambling to add their names to digital sign-up sheets that filled up within minutes of being posted.

Said a former federal health official who worked on the US smallpox response plan, “I can’t see where any part of it was activated.”

The liquid vaccine at the Bavarian Nordic plant couldn’t be distributed until it was placed into vials—a process known as “fill-finish.” And that couldn’t happen until the FDA inspected the new facility where the work would be done. Two inspectors finally arrived on July 1, six weeks after monkeypox made its first appearance on American shores. By then there had been 506 documented cases of monkeypox in the US. Today the CDC’s total number of confirmed cases stands at 11,177—higher than in any other country in the world—and federal officials are contending with a shortfall of more than 2.5 million needed vaccine doses.

In early August, Peter Marks, the FDA’s director of the Center for Biologics Evaluation and Research, participated in a call with community doctors and health care workers concerned about the lagging federal response. Marks surprised those on the call by suggesting that the FDA wasn’t to blame for the delay in inspecting the fill-finish plant in Denmark, because the agency had been waiting for an invitation from Bavarian Nordic to do so. He later added that the FDA had asked the company to apply for an inspection early on, when there were roughly 100 domestic cases.

It’s true that the agency typically does not inspect overseas facilities without an invitation. Still, according to an FDA employee familiar with the agency’s vaccine inspections, more could have been done sooner. “They could have gotten out there fairly quickly,” the employee said. “It seemed like there wasn’t a sense of urgency.”

A senior FDA official, speaking on background, told Vanity Fair that the agency mobilized “as quickly as we could. Nobody was sitting on this.” The agency viewed the supply in Denmark as a backup to the unexpired doses in the US stockpile. When the distribution of those doses—a combined responsibility of several federal agencies—failed to contain the outbreak, “it became clearer that we needed to move more quickly.”

A Bavarian Nordic spokesman said, “In May, when the first case of monkeypox arrived in the UK, Bavarian Nordic and the FDA started working together to expedite the inspection.” He added that “the inspection was originally anticipated in August, but was moved up in partnership with the FDA.”

To critics, the six-week delay in inspecting the Danish plant is just one in a cascade of unforced errors by the federal government that has allowed the US monkeypox outbreak to spiral out of control. It has revealed a public health infrastructure in a state of deep burnout from the ongoing COVID-19 response. And it has raised the prospect that continued spread could lead the monkeypox virus to become endemic in the United States, as it has been in Africa for decades.

“States and cities like New York need federal direction, which has been lacking from the beginning,” Brad Hoylman, a New York state senator and longtime advocate for the LGBTQ community, told Vanity Fair. He cited the federal government’s “foot-dragging in getting vaccines to the US, the fact that the FDA hadn’t inspected the plant, [and] the inability for Washington to move” treatments into wider circulation. “Patients shouldn’t have to be part of a Hunger Games contest to get a vaccine,” he added.

On August 2, President Joe Biden finally appointed a White House monkeypox response team helmed by Robert J. Fenton, a Federal Emergency Management Agency (FEMA) regional administrator and veteran of disaster management. And on August 4, Department of Health and Human Services Secretary Xavier Becerra declared monkeypox a public health emergency—more than a week after the World Health Organization had designated monkeypox a public health emergency of international concern, and days after New York, Illinois, and California had declared emergencies.

Many public health experts view the federal government’s announcements as welcome but long overdue. “They are getting a lot of heat, and I think it’s deserved heat, after what we’ve been through with COVID,” said Rick Bright, the former director of the Biomedical Advanced Research and Development Authority (BARDA). “[The federal response] has been much slower and more hesitant than it should have been—too much ‘wait and see.’”

In 1980 the World Health Organization made a triumphant announcement: Smallpox had been eradicated worldwide. The terrifying and deadly virus, which killed an estimated 300 million people in the 20th century, had been vanquished.

This monumental public health achievement brought routine smallpox vaccinations to an end. And that, in turn, opened the door to monkeypox, a less lethal relative of the virus. Believed to have originated in rodents on the African continent, monkeypox first appeared in humans in 1970 in the Democratic Republic of Congo.

In October 2001, at a dinner at Oceanaire in Washington, DC, the late legendary disease detective D.A. Henderson, who helped lead the global campaign to eradicate smallpox, treated his tablemates to a grim prediction. Given Africa’s massive population of people under 40 who’d never been vaccinated against smallpox, “monkeypox is going to become a big problem in the next 20 years,” Henderson said, according to Osterholm, who attended the dinner.

In 2003 the US government began to prepare in earnest for a possible resurgence of smallpox. On the eve of Operation Iraqi Freedom, the fear that Saddam Hussein might have weaponized the virus led to the development of medical countermeasures and a push to vaccinate US health care workers. With that preparation came a plentiful stockpile of vaccines.

Then, in 2017, an astute physician in southern Nigeria, Dr. Dimie Ogoina, treated an 11-year-old boy who had unusual lesions all over his body and diagnosed a rare malady: monkeypox. Experts believe it was the start of the outbreak that is now sweeping the world.

Almost three years into the COVID-19 pandemic, one might expect the US to respond to infectious disease outbreaks with well-oiled efficiency. But the opposite seems to be true. Federal funding, state and local staffing, and even federal oversight have all been depleted by the grueling SARS-CoV-2 marathon. “Public health systems are really fragile right now,” said Osterholm. “We’ve lost so many employees. We have so much backlogged work that needs to be done.”

There is a sense, as well, that federal agencies simply failed to see what was coming. One week after the first US case was diagnosed, in a Boston resident who’d recently returned from Canada, the Department of Health & Human Services (HHS) made a fateful miscalculation, giving Bavarian Nordic permission to deliver 215,000 doses of US-owned vaccine to European countries instead of requiring that they be delivered to the US. As one former senior HHS official said of Secretary Becerra: “That guy is on life support. What the hell is he doing?”

“There is clearly a role for White House leadership in a situation like this, but where is HHS?” asked Bruce Gellin, chief of global public health strategy for the Rockefeller Foundation’s Pandemic Prevention Institute. “Does the White House run a war? The Defense Department runs a war. At what point does it get shifted back to be managed by the public health agencies?”

According to an HHS spokesperson, “Aggressively responding to the monkeypox outbreak is a critical priority for HHS. Within days of the first U.S. case, we activated a multi-pronged response.” The spokesperson told Vanity Fair that the federal government expects to make 6.9 million doses of the vaccine available by the middle of next year, and said that Secretary Becerra is “actively engaged in the monkeypox response, meeting routinely with Administration officials, state and city health officials, and others to mobilize a nationwide response.”

Also surprising was Biden’s decision to put a FEMA regional administrator in charge of the White House monkeypox response, said several former federal officials. Though Fenton is a FEMA superstar with ample experience responding to tornadoes and hurricanes, it would have been more logical for the top person to come from within the HHS family of agencies, though a division director from the Centers for Disease Control and Prevention (CDC) was assigned as Fenton’s deputy. The choice “reflects the fact that CDC can’t operate its way out of a paper bag,” said the former HHS official. (The CDC did not respond to several emails seeking comment.)

Things are not much better at the FDA. Since 2019, 11 of the 14 inspectors in Team Biologics, the elite unit that inspects vaccine-manufacturing plants, have left amid plunging morale, Vanity Fair has learned. (One of the two inspectors who reviewed the Bavarian Nordic plant hailed from the unit, according to FDA records.) The team’s managers frequently override inspectors’ on-site judgments, and many new hires are far less experienced than those they’ve replaced, according to one current FDA employee and one person who used to work there.

An FDA spokesperson acknowledged that Team Biologics, like other divisions, “has seen attrition over the last few years.” The agency is nonetheless “proud” that “inspections and investigations” of vaccine manufacturers have continued throughout the pandemic, said the spokesperson, adding that “as the complexity of inspections increases, so too does the level of review that a supervisor may provide to best support the investigator.”

The brittleness of the nation’s public health apparatus has turned the monkeypox response into an avoidable scramble. Facing an estimated three months to get liquid vaccines into vials, transport them into the US, and distribute them to state health departments, federal health officials have been forced to improvise on the fly.

On August 9, they greenlighted a new method of injection—between layers of skin—that uses one fifth of the standard amount of vaccine per dose. On Monday, the HHS secretary announced that the switch, from subcutaneous to intradermal injection, will allow the government to significantly increase the number of doses it’s allocating to states right away. And last week Bavarian Nordic announced that it was testing expired doses at the request of the US government to determine if some might still be usable.

Those are positive steps, but they may have come too late. Scientists at the Yale University and Brown University schools of public health recently found that it might have been possible to quell the outbreak by vaccinating as few as 329,000 high-risk men in the outbreak’s early days.

“It’s tragic,” said the former senior HHS official. “You had the president saying in May that it was a real concern. You’d think that someone would keep their eye on the ball to take the simplest of preparatory action.”","['unforced', 'hunger', 'hobbled', 'games', 'errors', 'contest', 'americas', 'monkeypox', 'response', 'health', 'federal', 'vaccine', 'fda', 'smallpox', 'public', 'hhs', 'bavarian', 'nordic', 'doses', 'virus', 'plant', 'agency', 'state', 'outbreak', 'officials', 'disease', 'york', 'white', 'vanity', 'vaccines', 'team', 'spokesperson', 'secretary', 'plan', 'million']",0,0,0.62,0.85,0.85,0,0.89
80,2312765133,2022-05-18 13:59:42,New York Post,Portugal finds 5 monkeypox cases in men as outbreak spreads,https://nypost.com/2022/05/18/portugal-finds-5-monkeypox-cases-in-men-as-outbreak-spreads/,"LISBON, Portugal — Portuguese health authorities on Wednesday confirmed five cases of monkeypox in young men, marking an unusual outbreak in Europe of a disease typically limited to Africa.

Portugal’s General Directorate for Health said they were also investigating 15 suspected cases and that all were identified this month in the area around the capital, Lisbon.

All the Portuguese cases involve men, most of them young, authorities said. They have skin lesions and were reported to be in stable condition. Authorities did not say if the men had a history of travel to Africa or any links with recent cases in Britain or elsewhere.

British health authorities said earlier this week they had identified four cases of monkeypox spread in London among gay and bisexual men. Spain’s Health Ministry said it had detected eight suspected cases of monkeypox that still needed to be confirmed.

The disease belongs to a family of viruses that includes chickenpox and smallpox. Most people recover from monkeypox within weeks.

Dr. Ibrahim Soce Fall, the World Health Organization’s assistant director-general for emergency response, said the spread of monkeypox in the UK needed to be investigated to understand how the disease was being transmitted among men who have sex with other men.

Fall said that health officials still need a better understanding of how monkeypox spreads in general, even in the countries where it is endemic.

He noted that while there were more than 6,000 reported cases in Congo and about 3,000 cases in Nigeria last year, there are still “so many unknowns in terms of the dynamics of transmission.”

Start your day with all you need to know

Morning Report delivers the latest news, videos, photos and more.

Thanks for signing up!

Enter your email address

Please provide a valid email address.

By clicking above you agree to the Terms of Use and Privacy Policy.

Never miss a story.

Britain previously reported three earlier cases of monkeypox, two involving people who lived in the same household and the third someone who had traveled to Nigeria, where the disease occurs frequently in animals.

The virus has typically spread to people from infected animals like rodents, although human-to-human transmission has been known to occur. Among people, the disease is spread when there is very close contact with lesions, body fluids, respiratory droplets or contaminated materials, like bedsheets.

Some British experts said it was soon to conclude that monkeypox had spread through sexual contact, although the outbreak there suggested that possibility.

“The recent cases suggest a potentially novel means of spread,” Neil Mabbott, a disease expert at the University of Edinburgh, said, adding that related viruses were known to spread via sex.

Keith Neal, an infectious diseases expert at the University of Nottingham, said the transmission might not have occurred through sexual activity but just “the close contact associated with sexual intercourse.”

Monkeypox typically causes fever, chills, a rash and lesions on the face or genitals resembling those caused by smallpox. A vaccine developed against smallpox has been approved for monkeypox, and several anti-virals also appear to be effective.","['spreads', 'portugal', 'finds', 'cases', 'monkeypox', 'men', 'outbreak', 'spread', 'health', 'disease', 'authorities', 'typically', 'smallpox', 'sexual', 'reported', 'lesions', 'contact', 'young', 'viruses', 'university', 'transmission', 'terms', 'suspected', 'recent', 'portuguese', 'nigeria', 'needed', 'identified', 'general', 'expert', 'email', 'earlier', 'close', 'world', 'weeksdr']",0.75,0,0.4,0,0.6,0,0.7
81,2315111205,2022-05-20 15:16:47,HuffPost Latino Voices,Is Monkeypox A Virus The U.S. Should Be Worried About Now?,https://www.huffpost.com/entry/monkeypox-what-to-know-outbreak-symptoms_l_6287b809e4b0415d4d76d4ae,"The virus has been declared a global health emergency. Here's what that means for you, plus advice on symptoms, treatment and more.

ROGER HARRIS/SCIENCE PHOTO LIBRARY via Getty Images

Over the weekend, the World Health Organization declared monkeypox ― a viral illness that causes fever and rash ― a global health emergency after outbreaks have been detected in more than 70 countries.

The illness doesn’t usually spread across the world, but it’s currently going through multiple new communities, which happens when an infected person has close contact with someone else. Declaring a global emergency means that a coordinated international response is needed to address the virus. The last time the WHO declared a global health emergency was for COVID-19 in January 2020.



Here’s what you need to know:

What is monkeypox and what are the symptoms?

Monkeypox is a DNA viral illness that causes fever and a distinctive, bumpy rash that looks like blisters or pimples until it eventually scabs over as a person recovers. The lesions can show up on the face, hands, feet, inside the mouth and more. The virus can also cause headaches, muscle aches, swollen lymph nodes and fatigue.

The zoonotic disease has been around for decades, and primarily got its name because it was first identified during an outbreak in monkeys in 1958. Now experts are calling for a reframing of the illness, and want to switch its name to hMPXV to eliminate stigma attached to contracting the virus.



It predominantly spreads via spillover events from infected animals to humans. Then, people can spread it via multiple different forms of close contact ― mostly through blood and respiratory droplets.

At this point, “it certainly does not seem to be as transmissible as something like COVID or the flu,” Dr. Richard Martinello, a Yale Medicine infectious disease expert and associate professor of medicine and pediatrics, told HuffPost.



Over the years, there have been various instances of monkeypox appearing in the U.S. and other parts of the world. But it doesn’t transmit often outside of the endemic areas in Africa, according to Dr. Amesh Adalja, an infectious disease expert and senior scholar at the Johns Hopkins University Center for Health Security.

Monkeypox has a long incubation period of around 12 days. Its fatality rate is estimated to range between 1% and 10%, but Adalja believes the actual fatality rate may be lower, depending on where cases occur. “Monkeypox tends to be an illness that’s not nearly as fatal as smallpox was,” Adalja said.

Monkeypox is endemic in Africa, and outbreaks and cases outside of Africa aren’t unheard of. In 2021, the United States documented two cases of monkeypox in people who had recently traveled from Nigeria. There was also a U.S. outbreak in 2003, which involved animals spreading the disease to people. No human-to-human transmission was recorded, and of the 47 cases identified — in Illinois, Indiana, Kansas, Missouri, Ohio and Wisconsin — only three were severe.

Some monkeypox outbreaks have lasted for a year or so, but they haven’t been explosive outbreaks that grow exponentially like we’ve seen with COVID-19, according to Martinello. “People become aware there is monkeypox in their community,” he said. “When people get sick, they isolate from other people, and it helps to bring that transmission to an end.”

How do you contract monkeypox?

What’s odd about the current outbreak is the way monkeypox seems to be spreading. Typically, outbreaks are very localized, but this one involves several countries.



“The clusters that we’re seeing currently, in multiple countries, are not linked to travel,” Adalja said. “There’s transmission occurring outside of travel and outside of animal exposures, which are the usual routes that we see cases occur.”

It’s not clear how monkeypox has been able to leap between certain regions, but experts theorize that once it jumps, transmission most likely occurred from the exchange of saliva, respiratory droplets and bodily fluids. The virus typically is transmitted through prolonged physical contact, whether sexual or not. Touching or handling clothes or bedding used by a person with virus can also spread the illness.

According to The Atlantic, the first case identified in the U.K. fit the traditional pattern of the disease spreading via travel. However, other cases in other regions don’t appear to have had any connection to travel or contact with someone who had the illness.

The outbreak in the United States and in most Western countries has predominantly affected men who have sex with men, but there have also been two documented cases in children and a few cisgender women. The virus isn’t exclusive to one group of people.

How is monkeypox treated?

Treatment of monkeypox typically involves supportive care. Most cases are mild and self-limited. There are antivirals specifically designed to treat smallpox, but they are generally reserved for severe cases, according to Adalja.



Monkeypox is part of the same viral family as smallpox, and the smallpox vaccine is incredibly effective at preventing the disease and minimizing symptoms. Evidence suggests the vaccine is at least 85% effective in preventing monkeypox.

The vaccine also can work when given as a post-exposure prophylaxis (meaning it can prevent the disease or make it less severe, even after a person has been exposed). This is primarily how the shot is used now, since the World Health Organization declared smallpox eliminated in 1980.

Usually, the vaccine is only given to people who had close contact with an infected individual, ideally within four days to prevent the disease and within 14 days to minimize symptoms.

The standard approach in monkeypox outbreaks is to isolate the infected individuals and vaccinate everyone around them who’s had contact with an infected person. Epidemiologists call this strategy “ring vaccination,” and it’s known to be an effective way to stop outbreaks before they can start.

Demand for the vaccine is now reaching a point where it exceeds the supply, but U.S. health officials plan to release another 1.6 million doses in the coming months, according to NPR. Testing availability has also expanded. Areas with a growing number of cases, like New York, have been offering the vaccine to individuals who are at a higher risk for contracting the virus, like health care workers and people who had multiple sexual partners in the past few weeks.



How worried should we be about monkeypox?

Right now, it depends on government leaders and the public. Many experts fear that the U.S. is losing the opportunity to get the virus under control.

“We’re now at the cusp of this becoming an endemic virus, where this now becomes something that’s persistent that we need to continue to deal with,” Scott Gottlieb, the former commissioner of the Food and Drug Administration, said earlier this month. “I think the window for getting control of this and containing it probably has closed. And, if it hasn’t closed, it’s certainly starting to close.”

Following the WHO’s declaration, the Biden administration is considering whether to declare monkeypox a U.S. health emergency. Nearly 3,000 Americans (and counting) have been infected.

The good news is that there are prevention measures people can take to help get the outbreak under control and protect themselves. People should avoid close contact or sharing utensils, bedding, drinks and other personal materials with people who have monkeypox-like rashes or who have a known exposure to the virus. You should also wash your hands frequently. If you believe you’ve been exposed or are infected, isolate at home and contact your health care provider for information on treatment.

But it will take more than just personal habits to make a difference. Access to testing, vaccines and a targeted public health approach that educates people will be necessary. Dr. Preeti Malani, an infectious disease specialist at the University of Michigan, told NPR that containment still needs to be the goal of health officials and the public.



“What we do in the coming days and weeks will really determine where we are a few months from now,” Malani said.

We don’t have to let what happened with COVID ― where many gave up trying to prevent the spread ― occur with monkeypox.

This article has been updated with the latest developments. The information in this story is what was known or available as of publication, but guidance can change as health officials learn more about the outbreak. Please check the Centers for Disease Control and Prevention for the most updated recommendations.","['monkeypox', 'virus', 'health', 'disease', 'cases', 'huffpost', 'contact', 'outbreaks', 'vaccine', 'outbreak', 'infected', 'smallpox', 'person', 'illness', 'emergency', 'world', 'travel', 'transmission', 'spread', 'multiple', 'life', 'global', 'expert', 'declared', 'days', 'close', 'adalja', 'youve', 'viral', 'typically', 'spreading', 'prevent', 'officials', 'isolate', 'infectious']",0.8,0,0.85,0.4,0.7,0,0.6
82,2379803011,2022-07-29 08:00:41,RedState,HHS Secretary Becerra Doesn't Declare Expected Monkeypox Emergency but the Contrived Panic Is Far From Over,https://redstate.com/streiff/2022/07/29/hhs-secretary-becerra-doesnt-declare-expected-monkeypox-emergency-but-the-contrived-panic-is-far-from-over-n603056,"Saturday, WHO Director-General Tedros Adhanom Ghebreyesus declared, “I have decided that the global monkeypox outbreak represents a public health emergency of international concern.” Monkeypox is the epidemic du jour. COVID is out, done, busted. It is time for a new scare from the Department of Pandemic Terror.



Politico reported that the Biden bunch would declare our very own national public health emergency in the coming days.

The Biden administration is expected to declare monkeypox a public health emergency in the coming days, according to two people with knowledge of the matter.

The declaration, which is made by the Department of Health and Human Services, would follow a similar decision made last weekend by the World Health Organization. By designating the outbreak an emergency, HHS could then take a slew of actions, including accessing new money and appointing new personnel, according to the law that dictates how and when the federal government can declare such an emergency.

The people with knowledge of the matter said the declaration is expected as soon as the end of the week. But the decision is not yet final, and a spokesperson for HHS said the agency “is continuing to explore options.”

HHS Secretary Xavier Becerra was expected to make that call at a press conference on monkeypox this morning but passed on the opportunity.

Even though the left is upset by Becerra’s logical action, it was the correct call. To be a “public health emergency,” a disease would have to be a threat to the general population (for the record, I think “public health emergency” is a bullsh** term dreamed up by fascists with an M.D./M.P.H degree combo to gain the power to run our lives, but that’s a story for a different day). Monkeypox isn’t. According to the CDC, there are more cases of demonic possession than monkeypox in the United States.



This is not just me being laissez-faire about an emerging infectious disease; the fact is that there is an easy way of ensuring that you are invulnerable to the scourge of monkeypox.

A study published in the New England Journal of Medicine last week found that 98 percent of infected people were gay or bisexual men, and 95 percent of cases were transmitted through sexual activity.

But experts say the transmission of the disease, which causes a blistering rash, appears to mainly happen during close, physical contact, and monkeypox has so far not been labelled a sexually transmitted infection (STI).

Experts also warn against thinking that only one community can be affected by the disease, stressing that it spreads through regular skin-to-skin contact, and also through droplets or touching contaminated bedding or towels in a household setting.

Don’t engage in homosexual orgies. It is that simple. Yes, you can get it through “droplets or touching contaminated bedding or towels,” but mostly through homosexual sexual activity with a multiplicity of “partners.”



Naturally, a new, soon-to-be-mandated vaccine is on the way, further padding Pharma’s bottom line.

The guidance for vaccine use, though, specifies that it is not for everyone.

WHO poohbah Ghebreyesus said, “For the moment, this is an outbreak that’s concentrated among men who have sex with men; especially those with multiple sexual partners…For men who have sex with men, this includes, for the moment, reducing your number of sexual partners, reconsidering sex with new partners and exchanging contact details with any new partners to enable follow-up if needed.”

Over and over, we are told by officials that this is not a sexually transmitted disease when it is precisely that. Gonorrhea can also be spread through non-sexual means, but only a f***ing moron would claim it is not an STD.

If you say otherwise, you are in for a tough time. This is a clip from “Kennedy” on Fox Business.

The left to right is the host, Lisa “Kennedy” Montgomery; Ned Ryun, CEO of American Majority; Marie “Man Hands” Harf, a grifter formerly employed by Obama’s State Department; and Brad Polumbo of something called Foundation for Economic Education and a little trafficked website called “Based Politics.” Brad is openly gay (NTAWWT) and gets his shorts all twisted if you spell his name Palumbo, so don’t. I don’t want him getting all stompy-feet with me on Twitter again.



Ryun accurately points out that monkeypox is associated with homosexual orgies and is immediately labeled a “bigot” by everyone.

“I don’t know man,” Montgomery responded. “You don’t have to be gay to get monkeypox, and you don’t have to be bigoted when you talk about treating something that is that easily spread.”

“It’s not bigoted! This is science Kennedy,” Ryun exclaimed, who was then swiftly shut down by the host. Montgomery suggested that the monkeypox vaccine, a smallpox vaccine, is “lower on the priority list” for distribution because it is impacting the gay community.

Polumbo, a gay man, tried to argue that gay orgies weren’t the problem, and that “not going to orgies in general” was a good way to not get monkeypox.

He argued that people had to be “really careful” when discussing the topic. “We saw with the AIDS crisis, with the HIV crisis, about how certain communities or certain gay people will be stigmatised over something that lots of people do, and we gotta be careful about that,” he argued.

Marie Harf, a Fox News contributor and the third panellist, said that Ryun was using “bigoted language” that suggests “the only people that get this are from one group of Americans.



Unfortunately, while howling about Ryun’s bigotry, a fake history of the AIDS scare was mainstreamed. I was an adult when AIDS appeared, and contrary to the bullsh** spread on this segment, nothing was done to “stimgatize” promiscuous homosexual men. To the contrary, the government made every effort to avoid doing just that. The first high-risk groups identified by the US government were homosexual men, intravenous drug users, hemophiliacs, and Haitians. Yes, an entire nation was labeled as being at risk of AIDS.

Haitians say the effect of being placed in the risk group goes beyond the medical implications and has had an adverse impact on many aspects of their social, cultural and economic life both here and in Haiti.

…

The Haitian medical leaders’ basic criticisms of the American action were listed by Dr. Saidel Laine, president of the Haitian Medical Association. He said American health officials had used unscientific methods in their investigations, which he called ”racist,” and said the findings had left a whole nation of people unduly alarmed and unfairly stigmatized.

Public health authorities refused to engage in basic STD outbreak procedures, like contact tracing, for fear the infected AIDS carriers would “go underground.” As a result, AIDS was allowed to spread freely and, in some cases, make the jump into the heterosexual majority. Oddly enough, these same folks tried to impose contact tracing to address COVID, a respiratory virus that is spread through casual contact or no contact. In fact, some of the people who insisted that we wear masks while alone outside are now defending homosexual orgies. One of those is the aptly named California state senator Scott Wiener.



Let’s have the courage to state the obvious. If you aren’t engaging in risky sexual behavior with lots of people, your risk of being infected by monkeypox is virtually zero. On the other hand, if you are engaging in orgies, stop.

Above all, let’s not let ourselves be bullied into believing that monkeypox represents a threat to everyone and panic. It doesn’t.

Recommended

Trending on RedState Videos","['secretary', 'panic', 'hhs', 'doesnt', 'contrived', 'becerra', 'monkeypox', 'emergency', 'expected', 'declare', 'health', 'men', 'gay', 'contact', 'orgies', 'homosexual', 'sexual', 'public', 'dont', 'disease', 'aids', 'vaccine', 'spread', 'outbreak', 'transmitted', 'state', 'sex', 'ryun', 'risk', 'partners', 'montgomery', 'medical', 'man', 'left', 'kennedy']",0.8,0,0.8,0,0.8,0,0.7
83,2387000220,2022-08-06 09:00:07,CNET,Monkeypox: What Gay and Bisexual Men Need to Know     - CNET,https://www.cnet.com/health/monkeypox-what-gay-and-bisexual-men-need-to-know/#ftag=CADf328eec,"The first death from monkeypox in the US has been confirmed in Los Angeles County, according to the US Centers for Disease Control and Prevention. The individual, whose identity has not been made public, was reportedly severely immunocompromised and had been hospitalized.

According to the LA Department of Public Health, the announcement underscores the heightened risk the virus poses to individuals with compromised immune systems, including those with HIV, and the importance of seeking medical care if infection is discovered or suspected.

The Texas Department of State Health Services reported last month that a Houston resident with monkeypox died, but the virus' role in the death hasn't been confirmed.

There have been more than 22,630 cases of monkeypox reported in the US as of Sept. 13, according to CDC data. Though cases appear to be tapering off, ""a downward trend can be the most dangerous time if it opens the door to complacency,"" World Health Organization Director-General Tedros Adhanom Ghebreyesus warned during a Sept. 7 press conference.

The US declared monkeypox a federal public health emergency on Aug. 5, adding funding and resources to address the health crisis.

That announcement followed similar emergency declarations by California, Illinois and New York. All three states are home to large gay communities and, to date, men who have sex with men are the largest sector of the population impacted by the outbreak. Of the known cases of monkeypox in the US, roughly 98% of those are among gay/bisexual men.

Monkeypox isn't limited to LGBTQ people: Most cases in Africa, where the disease is endemic, aren't among gay men, the WHO reported.

Transmission can occur via direct skin-to-skin contact with infected lesions, rashes, scabs or fluids. It can also be passed on by touching surfaces, clothing or other objects used by someone with monkeypox, and via large respiratory droplets, such as through coughing or sneezing.

When the WHO declared the disease a global health emergency on July 23, Tedros underscored the importance of adopting policies that protected the dignity and civil liberties of affected communities.

He cautioned that ""stigma and discrimination can be as dangerous as any virus.""

Here's what you need to know about monkeypox, including whether it's a sexually transmitted infection, how it's impacting the gay community and how the virus could interact with HIV.

For more info on monkeypox, check out resource pages from GMHC, the Human Rights Coalition, the WHO and the CDC.

What is monkeypox?

Monkeypox is a virus in the same family as smallpox, though it is milder and rarely fatal. It was first documented in humans in 1970 and is endemic in parts of Central and West Africa, especially the Democratic Republic of the Congo.

The first reported cases of monkeypox in the US were in 2003, all linked to infected prairie dogs being kept as pets.

Monkeypox can present as a rash or individual sores that look like pimples or blisters. They can appear almost anywhere on the body, including the hands, face, chest, groin and inside the mouth or anus.

Fatality rates are very low, between 1% and 10% depending on the strain, and deaths usually occur in young children and those with compromised immune systems.

As of Sept.14, one confirmed death has been connected to monkeypox in the US, while another fatality is still not confirmed as being related to the virus.

Is monkeypox a sexually transmitted infection?

When the outbreak was first reported, medical experts were careful not to classify monkeypox as a sexually transmitted infection. The concern was that framing monkeypox as an STI -- and perpetuating the idea that it's a threat only to gay/bi men -- would lead to stigma.

""The monkeypox rumors are harmful because they isolate and seem to 'blame' a particular group of persons for spreading this infection,"" Dr. Michelle Forcier, a clinician with the LGBTQ-affirming wellness site FOLX Health told CNET's sister site Healthline in July.

Forcier also said that ""calling the monkeypox virus an STI and linking it to our culture's view of sex as scary or shameful may keep persons exposed or infected from getting medical attention.""

It may also lead individuals to mistakenly think precautions used for STIs will stop monkeypox. Condoms may help prevent transmission, but according to the CDC, ""condoms alone are likely not enough to prevent monkeypox.""

According to the WHO, the virus can spread through any close skin-to-skin contact. That does include oral or penetrative sex with someone who has symptoms, but it can also include coughing, sneezing, hugging or using contaminated towels, clothing or bedding.

Still, most cases have been linked to sexual activity. David Harvey, executive director of the National Coalition of STD Directors, told CNN that his office refers to monkeypox as a ""sexually associated"" infection.

""With the data that is available now, we know that the primary mode of transmission is sexually associated -- contact that is of a sexual nature,"" Harvey said. ""Technically, a sexually transmitted infection is defined as an exchange of genital fluid that have a virus or bacteria that is associated with a sexually transmitted infection.""

He added that more research needed to be done on whether monkeypox could be passed by semen or genital fluids to definitively label monkeypox an STI.

Journalist Stephen Thrasher, author of The Viral Underclass, which explores how inequality fuels epidemics, says tiptoeing around the term does more harm than good.

""Naming who is being affected and how transmission is happening is not homophobic or racist,"" Thrasher wrote in Scientific American in August. ""Rather not naming, researching, preventing and addressing how transmission is happening will keep people from understanding how to prevent infection, allow unnecessary worry, and exacerbate racist and homophobic social determinants of health.""

Lao-Tzu Allan-Blitz, a global health specialist at Brigham and Women's Hospital, told NBC News that considering the medical evidence, ""it looks very clear to us that this is an infection that is transmitting sexually the vast majority of the time.""

How can I protect myself against monkeypox?

Vaccination is the best protection against infection, though access to Jynneos, the two-dose shot approved by the Food and Drug Administration, is still limited.

In addition, given that the virus can be passed on surfaces, health officials recommend frequent cleaning of bedding, sex toys and fetish gear.

On July 27, the WHO recommended that gay and bisexual men limit their sexual partners during the outbreak, especially while the availability of the vaccine is still limited.

""For men who have sex with men this includes, for the moment, reducing your number of sexual partners, reconsidering sex with new partners, and exchanging contact details with any new partners to enable follow-up if needed,"" Tedros told reporters.

That messaging has divided some in the community.

""We know from 40 years of experience with the AIDS epidemic that information that makes people feel ashamed about their sexual behavior doesn't lead to good public health outcomes,"" said Jason Cianciotto, vice president of policy and communication at GMHC, a leading LGBTQ health organization in New York.

GMHC began in the early 1980s as a grassroots AIDS organization formed by Larry Kramer and others who felt government officials were failing to act swiftly in the face of a virus targeting gay and bisexual men.

With monkeypox, Cianciotto told CNET, his organization is urging people to take care of themselves and each other.

""That means making smart choices, recognizing someone who might have symptoms and having a conversation with a potential sexual partner,"" Cianciotto said.

At the same time, he added, because the vaccine is still so scarce, ""people do need to consider the choices they make.""

The CDC website recommends avoiding intimate, skin-to-skin contact if you or the other person have an illness or rash -- even if it isn't confirmed to be monkeypox. The agency suggests virtual sex and masturbation at a distance of at least six feet as alternatives to in-person intimate contact, to prevent the spread of the virus.

How is the gay community responding to monkeypox?

Adam Baran hosts a monthly sex party in Brooklyn. Given the spread of the monkeypox virus, he canceled the July gathering.

""I'm hoping, cautiously, that we might be able to have a party in August,"" Baran said. ""But I've definitely had to adopt a 'wait and see' approach.""

It's difficult to know how many precautionary measures to take, said veteran New York nightlife promoter Daniel Nardicio, especially after more than two years of COVID lockdowns and isolation.

Nardicio hasn't stopped his weekly underwear party on Fire Island, a popular gay beach getaway about two hours outside Manhattan. But he has included information on monkeypox in social media posts and event emails.

""With COVID we just stopped everything,"" said Nardicio. ""With this, we're monitoring things closely. Beyond that, I don't think we're in a position where [we're] going to have to stop events yet.""

Nardicio is not bothered by WHO's recommendations for men who have sex with men. ""It's not slut-shaming to tell someone to limit your partners when there's an outbreak,"" he said. ""This is a community that is used to jumping into action and taking health crises seriously.""

Baran, Nardicio and Cianciotto all say they've seen massive interest in getting vaccinated in the gay community, far outstripping the availability of Jynneos.

""The desperation for the vaccine and the failure of the government to take care of this is a big topic of conversation,"" Baran said. ""Almost everyone I know is trying desperately to get vaccinated. In fact, the only people I know who aren't running to get the shot are monogamous couples who feel like, 'We're not the highest risk group -- we're not gonna take someone else's spot.'""

Over the summer, pop-up monkeypox vaccination sites launched on Fire Island. Nardicio credited Eddie Fraser, vice president for corporate relations with Northwell Health and a Fire Island regular, for helping make it happen.

How can I get the monkeypox vaccine?

Many gay men feel frustrated with the rollout of the monkeypox vaccine, which fell to the federal government, and inadequate access to testing.

It wasn't until nearly two months after the first cases were reported in New York that 300,000 doses of a vaccine owned by the US were finally shipped from a warehouse in Denmark.

The White House made more than 1.1 million doses available to states and cities, but officials told The New York Times that the Department of Health and Human Services waited too long to ask Bavarian Nordic, which makes Jynneos, to bottle and fill the vaccine orders already purchased. In a statement, the department told the Times that its ""response has accelerated to meet evolving needs on the ground, and it will keep accelerating.""

Read more: What You Need to Know about the Monkeypox Vaccine

In New York, the NYC Health portal offers appointments for vaccine sites around the city. Community-based organizations like GMHC that do direct LGBTQ health outreach, including the Callen-Lorde Community Health Center and Mount Sinai Hospital, are given a select number of appointment slots, usually prioritized for sex workers, queer people of color and other individuals in the highest risk categories.

Read more: New Monkeypox Symptoms: Here's What to Look For

San Francisco has a list of drop-in and appointment vaccination sites on the city government website. Illinois ranks third in the number of cases after New York and California, and most have been reported in Chicago. The Chicago Department of Public Health website has a list of vaccination sites and scheduling details.

Cianciotto said it's helpful that so many gay men are already engaged with health care and know where and how to access information. He said, though, that this doesn't necessarily ring true for lower-income communities of color, immigrants and trans and gender-nonconforming individuals.

And he's worried that as monkeypox spreads to other parts of the US, the response might be worse.

""Will Republican governors even request the vaccine?"" he said. ""We're being hit with another virus while my community is faced with what I believe is the most anti-LGBTQ era in US history. I'm concerned how this issue will be used to further the political goals of a minority of elected officials and theocratic nationals who employ fear and anxiety to win elections.""

Can monkeypox be cured?

There's currently no cure or treatment specifically for monkeypox, but existing antiviral medications, especially tecovirimat (known commercially as TPOXX), have been used to treat some patients. But TPOXX's availability is limited and providers don't always know about it.

Are people with HIV more at risk for monkeypox?

People with HIV are considered a priority population for getting vaccinated against the monkeypox virus. In Europe, among the people with monkeypox for whom HIV status was known, 30%-50% were HIV-positive.

It isn't yet clear if HIV impacts the risk of being infected or developing monkeypox after exposure. According to the CDC, though, people with advanced or untreated HIV may be at higher risk of more severe or prolonged symptoms.

""Increasing HIV prevalence among persons with monkeypox over time suggests that monkeypox might be increasingly transmitted among networks of persons with HIV infection,"" the agency said. ""Underscoring the importance of leveraging HIV and STI care prevention delivery systems for monkeypox vaccination and prevention efforts.""

But Dr. Ina Park, a community medicine specialist at the University of California, San Francisco, said the numbers may not really mean HIV increases the risk of getting monkeypox.

Individuals with HIV tend to be more engaged with the healthcare system, Park told Medscape Medical News.

""Persons with monkeypox signs and symptoms who have established connections with HIV or sexual health providers might be more likely to seek care,"" the CDC's Sept. 9 Morbidity and Mortality Weekly Report said, ""and these providers might be more likely to recognize and test for monkeypox virus.""

As far as the health risk to those who are HIV-positive, according to the CDC, individuals on effective antiretrovirals haven't shown a higher incidence of hospitalization or death. And the Jynneos vaccine approved by the Food and Drug Administration to prevent monkeypox has been proved to be safe and effective in people with HIV.

But individuals with an inadequately treated viral load (that is, a T-cell count of less than 350) have shown higher rates of secondary bacterial infections, as well as a greater likelihood of prolonged infectiousness and a continuous rash rather than discrete lesions.

In addition, the rash associated with monkeypox can sometimes lead clinicians to mistake it for shingles, thrush, scabies, herpes or other rash diseases seen in people with HIV.

So far there have been few reported negative interactions between tecovirimat and antiretroviral therapies for HIV.

How is the Biden administration responding to the monkeypox outbreak?

The White House declared the outbreak a federal public health emergency in early August. In addition to increasing resources, that's expected to ease coordination between federal, state and local health officials.

On Aug. 2, Robert Fenton, who helped lead the Federal Emergency Management Agency's COVID-19 vaccination campaign, was appointed to serve as White House coordinator to combat the spread of monkeypox.

Out physician Demetre Daskalakis, director of HIV/AIDS prevention at the CDC, was named deputy coordinator.","['victim', 'claims', 'monkeypox', 'health', 'virus', 'hiv', 'men', 'sex', 'gay', 'vaccine', 'infection', 'told', 'sexually', 'risk', 'cases', 'sexual', 'reported', 'community', 'york', 'transmitted', 'public', 'contact', 'cdc', 'care', 'vaccination', 'rash', 'prevent', 'partners', 'outbreak', 'medical', 'lead', 'individuals', 'federal', 'emergency', 'department']",0.85,0.82,0.75,0,0.8,0,0.85
84,2391332606,2022-08-11 11:25:00,Conversation,Monkeypox vaccines: what's available and why they aren't a silver bullet,https://theconversation.com/monkeypox-vaccines-whats-available-and-why-they-arent-a-silver-bullet-188094,"In July 2022 the World Health Organization declared the recent current monkeypox outbreak a global health emergency. Since the start of the year thousands of cases have been reported from over 80 countries. The current outbreak is unlike any previous ones. Infections are happening in non-endemic countries outside of Africa. And the pattern is of sustained person-to-person transmission. But there has also been an increase in the number of cases in countries in west and central Africa where the disease is endemic. The current outbreak monkeypox virus strain has a relatively low mortality compared to other strains. If other strains escape Africa the problem is going to be far more challenging. The Conversation Africa spoke to virologist Anna-Lise Williamson about monkeypox vaccines and best way forward for African countries.

Are there vaccines against Monkeypox? How effective are they?

The monkeypox virus is related to variola virus which caused smallpox and so the smallpox vaccines also protected from monkeypox. But these early smallpox vaccines are no longer commercially available because the disease was certified as eradicated in 1980 and so vaccination stopped.

For a long time monkeypox was rare because of the cross-protection provided by the smallpox vaccine.

There are now two types of vaccine available.

The first is based on a replicating vaccinia virus and formed the basis of the smallpox virus eradication campaigns. This required one immunisation and gave protection for life.

These vaccines are not regarded as very safe because they can have serious side effects. In some cases 1 to 2 people per million vaccinated died of vaccine complications.

This was acceptable in the days of smallpox because about 30% of people who got the disease died from it.

The vaccine faces additional challenges in the era of HIV. People with certain immunodeficiency diseases, including HIV, can’t receive this type of vaccine.

The second vaccine is based on an attenuated form of vaccinia virus called modified vaccinia Ankara (MVA) which cannot complete its replication cycle in humans. This is a very safe vaccine. But protection does not last as long as the conventional vaccines based on replicating vaccinia virus.

It is marketed in the US as Jynneos and in Europe as Imvanex. It requires two immunisations. Both are made by Bavarian Nordic.

As far as I am aware it is uncertain how long people remain protected from infection.

How widely available are the vaccines?

The MVA based vaccine – which is the safest vaccine – appears to be in very short supply. According to newspaper articles Bavarian Nordic are not able to produce the vaccines at present.

There are stockpiles of the vaccinia virus replicating vaccines. But they can’t be rolled out in countries with a high prevalence of HIV without extensive management ensuring HIV-positve people do not get it. South Africa is an example.

Vaccines are key to controlling a number of diseases. Is this true for monkeypox too?

Vaccines are the only way to control monkeypox once you have outbreak as we’re currently seeing in the US and several European countries.

The problem is the cost. Countries have to weigh up the cost of vaccinating everybody versus the cost of treating the disease.

The cost/benefit analysis is different for each country. The scenarios will look very different depending on whether you’re sitting in London or in Lagos. Vaccinating high risk populations is a possible strategy to stop the spread of the disease.

Nigeria has been managing monkeypox outbreaks for some time. But the strategy has not relied on vaccines because, from their viewpoint, it wouldn’t be cost effective. You’d have to vaccinate a lot of people for it to be effective. It obviously makes sense to make sure there’s good disease surveillance.

There is also an antiviral drug, tecovirimat (TPOXX) that has been developed for smallpox and works for treating monkeypox. However this is not available in Africa and so Africa needs to manufacture drugs for the continent.

For developed countries, it makes sense to do contact tracing and to identify high risk communities. And then to vaccinate at-risk populations. This is true particularly if you can’t change people’s behaviour.

What’s the longer term solution for African countries?

African countries must start making the vaccines that they need. For example there’s a vaccine – a recombinant vaccine based on MVA – in final trials that addresses both monkeypox and respiratory syncytial virus (RSV). RSV kills millions of children in Africa every year. If you could vaccinate against both at the same time that may be cost effective.

I belong to Partnerships for African Manufacturing, an initiative that’s pushing for local production capacity.

But it’s hard. We have virtually no expertise. And it requires a great deal of work to set up manufacturing capability.

And it’s going to cost money. Those who have money to invest need to do that.

After the flu pandemic in 2010 everyone said African countries should manufacture flu vaccines. Africa didn’t get any vaccines until the pandemic had ended – a forerunner to the COVID situation.

The danger is that the issue just disappears again and nothing gets done. We must try and keep some momentum in place so we can look after ourselves for next pandemic.","['whats', 'silver', 'bullet', 'arent', 'vaccines', 'monkeypox', 'vaccine', 'africa', 'virus', 'countries', 'smallpox', 'cost', 'vaccinia', 'based', 'outbreak', 'disease', 'african', 'vaccinate', 'replicating', 'pandemic', 'mva', 'long', 'hiv', 'high', 'effective', 'current', 'cases', 'vaccinating', 'true', 'treating', 'strategy', 'strains', 'start', 'sense', 'safe']",0,0,0.8,0,0.8,0,0.7
85,2325012705,2022-05-31 14:05:58,Quartz,Is monkeypox likely to become a pandemic?,https://qz.com/2171966/monkeypox-is-unlikely-to-become-a-pandemic/,"Two weeks after the first cases of monkeypox were detected outside Africa, more than 350 confirmed and suspected cases have been recorded in 23 countries. The alarm is rising: The UK has urged citizens to abstain from sex while symptomatic. The US Centers for Disease Control and Prevention (CDC) has published a travel alert listing the countries currently recording monkeypox cases, and recommending enhanced precautions to avoid contagion.

Yesterday, the World Health Organization (WHO) addressed the threat of monkeypox to global health, which it considers “moderate.” But while this understandably can feel like déjà vu, the WHO says it is unlikely these outbreaks will amount to another pandemic.

What we know about monkeypox so far

Monkeypox is an infectious disease of the orthopoxvirus virus family that was first detected in 1970 in west Africa, and has since become endemic in the region. Its symptoms include high fever, headache, muscle aches, and skin lesions that eventually fall off. It is transmitted through skin contact and bodily fluid and typically lasts between two to four weeks. It can be fatal, though only in about 1% to 3% of cases. Sex is a common means of transmission, and so far most cases have been detected among men who have sex with men.

Monkeypox shares significant similarities with the smallpox virus, so while no dedicated vaccines and treatments have been developed for monkeypox, the ones approved for smallpox have a good degree of effectiveness.

In the past few decades, there have been hundreds of cases of monkeypox every year in Central and west Africa. Yet the virus’s threat went overlooked until several outbreaks began emerging in various western countries this May. In its latest update, the WHO called the risk to the general public low, but warned that “the public health risk could become high if this virus exploits the opportunity to establish itself as a human pathogen and spreads to groups at higher risk of severe disease such as young children and immunosuppressed persons.”

Monkeypox is not likely to be a pandemic

The WHO is considering designating monkeypox as a “potential public health emergency of international concern.” While it sounds ominous, this is primarily a way to ensure accurate monitoring and research for an infectious disease that is spreading outside its traditional area of endemicity. It doesn’t mean the world should be on high alert because of it.

“At the moment, we are not concerned about a global pandemic,” said Rosamund Lewis, who leads the emergency WHO team working on monkeypox, said in a Q&A addressing the current monkeypox situation.

While it is very unusual to see this disease appear in so many countries in such a short span of time, the characteristics of monkeypox are such that the likelihood of it turning into a pandemic remains low. This is primarily because the mode of transmission is close contact, so there isn’t much risk of it spreading rapidly through the general population like an airborne disease such as covid, Lewis explained.

However, it is important to raise awareness of the appearance of monkeypox, because it is necessary for people to recognize it in order to prevent the virus from traveling from the infected individual onto family, close relations, and eventually broader circles.

“It’s still possible to stop this outbreak before it gets larger,” said Lewis.","['monkeypox', 'pandemic', 'disease', 'cases', 'virus', 'risk', 'health', 'countries', 'sex', 'public', 'lewis', 'high', 'detected', 'africa', 'world', 'west', 'weeks', 'transmission', 'threat', 'spreading', 'smallpox', 'skin', 'primarily', 'outbreaks', 'low', 'infectious', 'global', 'general', 'family', 'eventually', 'emergency', 'contact', 'close', 'alert', 'young']",0.9,0,0.8,0,0.8,0,0.75
86,2386415588,2022-08-05 13:25:28,foxbusiness.com,"After COVID lockdowns, Twitter outraged at report that officials won’t stop sex parties to prevent monkeypox",https://www.foxnews.com/media/after-covid-lockdowns-twitter-outraged-report-officials-wont-stop-sex-parties-prevent-monkeypox,"Conservatives who objected to COVID-19 lockdowns expressed outrage at a new Washington Post report detailing how U.S. public health officials feel that they cannot compel people to observe similar precautions regarding monkeypox.

Monkeypox, like COVID-19 before, has been declared a global health emergency by the World Health Organization and a public health emergency by the Biden administration. Though, as The Washington Post reported on Thursday, authorities such as San Francisco public health officials have ""made no attempt to rein in festivities or warn attendees"" of attending events that could spread the disease.

Monkeypox infections, as the outlet acknowledged, ""are heavily concentrated among men who have sex with men,"" though others ""can contract the virus through nonsexual contact and sharing contaminated items.""

Despite this reality, and the fact that the city of San Francisco declared a monkeypox emergency among the gay community, ""Thousands of gay men clad in leather, latex — and often much less — partied along Folsom Street here last weekend during the annual kink and fetish festival,"" the Post noted.

HAVE MONKEYPOX? CDC ADVISES NO SEX, BUT SAYS MASTURBATION 6 FEET APART OR VIRTUAL SEX REDUCE RISK

The paper quoted California state Sen. Scott Wiener, D-San Francisco, who said, ""If people want to have sex, they are going to have sex,"" indicating a hands-off approach to regulating the disease.

""People will make their own decisions about their own risk levels,"" Wiener added.

The paper also noted that ""health officials in San Francisco, Chicago, New York and other U.S. cities battling surges disproportionately sickening gay men are avoiding calls for sexual restraint, wary of further stigmatizing same-sex intimacy.""

This restrained approach to handling the latest global health emergency angered conservatives online who viewed the approach to the coronavirus global emergency as harsh.

Conservative commentator Ian Miles Cheong ripped what he perceived as the hypocrisy of the health guidance. He tweeted, ""They forced everyone to be apart from their dying parents and grandparents in hospitals, banned travel, and forced kids out of school and into Zoom calls, but ‘men who have sex with men’ can’t cool it for two weeks?""

Former Republican congressional candidate Dave Giglio observed the double standard as well, tweeting, ""It's important to remember, calls for abstinence to stop Monkeypox don't work, but cloth masks and totalitarian lockdowns do, in fact, stop COVID.""

Independent journalist Tim Pool mocked the health officials featured in the piece for being too politically correct to combat monkeypox. He tweeted, ""you cant tell people not to have a gay orgy during a health emergency, thats discrimination. people have a constitutional right to have sex with each other, also abortions.""

Conservative radio host Dan O’Donnell didn’t mince words about the report, stating, ""They shut down the entire country for COVID-19 but won't shut down the gay orgies for Monkeypox because science.""

Virginia state Republican delegate Nick Freitas tweeted, ""Yeah, you bigots! We don’t want to do things that ‘won’t work.’ Instead, let’s pretend that everyone is at risk and shut down the economy!""

FLORIDA GOV. DESANTIS ON MONKEYPOX EMERGENCY DECLARATIONS: ‘WE ARE NOT DOING FEAR’

""Have we considered making grocery aisles one-way? that was a neat idea,"" tweeted Washington Examiner columnist Becket Adams, reminiscing about one of more memorable precautions of the pandemic.

""The government ruined the economy for 2 years for a virus with a 99% survival rate,"" tweeted the Libertarian Party of Tennessee’s Twitter account.

Real Clear Investigations senior writer Mark Hemingway commented on the Post report’s Twitter headline, which read, ""Sex is a major driver of the global monkeypox outbreak. But health officials and longtime HIV activists say calls for abstinence don’t work.""

Hemingway reworked the headline to showcase the double standard of health officials now compared to health officials at the onset of COVID-19. He wrote, ""’Indoor gatherings are a major driver of the global COVID outbreak. But health officials and activists say lockdowns and social distancing don’t work.’""



""Now excuse me while I go punch a wall,"" he added.

The Washington Post report featured a response to similar accusations of hypocrisy, claiming, ""Public health officials reject comparisons to the early days of the coronavirus pandemic, when they mandated masks and shut down public spaces. They noted that the novel coronavirus was unfamiliar, far deadlier and airborne, with hospitals overrun with patients at various points over the past two years.""

It added, ""Monkeypox has known treatments and vaccines, although they have been challenging to access; it also has not killed anyone in the United States, and hospitalizations are uncommon.""","['prevent', 'parties', 'outraged', 'covid', 'officials', 'sex', 'monkeypox', 'report', 'lockdowns', 'wont', 'twitter', 'stop', 'health', 'emergency', 'men', 'tweeted', 'public', 'post', 'global', 'gay', 'washington', 'shut', 'francisco', 'dont', 'covid19', 'calls', 'san', 'coronavirus', 'approach', 'work', 'wiener', 'virus', 'state', 'standard', 'similar']",0.9,0.5,0.1,0.9,0.7,0,0.8
87,2400144338,2022-08-22 07:57:00,Marketwatch,: Polio and monkeypox demonstrate a ‘heightened focus’ on viruses,http://www.marketwatch.com/news/story.asp?guid=%7B20C06575-04D4-B545-7112-A63EA7A316D0%7D&siteid=rss&rss=1,"“There is heightened focus on these types of outbreaks and diseases,” said Chris Meekins, a healthcare policy analyst at Raymond James. “Where we have been historically, it’s just the attention is greater.”

There are several factors that help explain some of the activity we are seeing. Research suggests that climate change and shifting land-use patterns could create a higher risk of viruses jumping from animals to humans. Some people are hesitant to get themselves and their children vaccinated. And it’s become clear that public-health bodies have to rethink the way they approach outbreaks.

Just last week, Dr. Rochelle Walensky, director of the Centers for Disease Control and Prevention, called for a reorganization to the public-health agency.

“It is time for CDC to change,” she told employees, according to the New York Times.

For now, however, the focus is on encouraging vaccination, whenever possible.

Though some people are increasingly hesitant to get vaccinated, the pandemic has also slowed utilization of medical services, and that includes childhood immunizations. A study published last year in JAMA Pediatrics found the rate of infants, children, and teens in the U.S. who were up-to-date on their vaccinations was lower in the fall of 2020, compared with 2019. By the end of 2020, the World Health Organization issued a call to push forward with measles and polio campaigns worldwide despite the pandemic.

“This is a wake-up call,” said Dr. Peter Salk, president of the Jonas Salk Legacy Foundation and the son of Jonas Salk, the developer of the polio vaccine, before noting: “I don’t think that people have to start to wave red flags and run urgently to this place or that place.”

That said, Salk recommends boosters for people who are at high risk of a polio infection. (This is the same as the CDC’s recommendation.)

Polio is in New York.

New York health officials last month reported a case of polio in an unvaccinated resident of Rockland County, which is north of the Bronx borough of New York City.

They also said that poliovirus, which causes paralytic polio, has been detected in the wastewater in New York City. It’s also been detected in the wastewater in Rockland and Orange counties, both of which have polio vaccination rates among 2-year-olds that are far below the state average of 78.9%. The state data excludes New York City as of Aug. 1. Orange County has a rate of 58.7%, while Rockland County has a 60.3% rate.

Dr. Mary Bassett, the state health commissioner, has described the wastewater surveillance data as “alarming, but not surprising.”

Polio vaccines, which have been around since the 1950s, are included in the childhood immunization schedule. However, only 86% of New York City children between the ages of 6 months old and 5 years old have received all three doses of the polio vaccine.

“The problem you face and why polio and other diseases like that are probably going to become a little more prevalent is you really have had this politicization of vaccines, this politicization of public health activities, to the point that there is a group of the population that’s just like, we’re not going to listen to that anymore,” Meekins said.

Monkeypox is now a public health emergency in the U.S.

Within months of the first warnings out of Europe, more than 14,000 people in the U.S. have been diagnosed with the poxvirus, which was first detected in 1970 and has been endemic in parts of Africa, as of Thursday. About 40,000 people worldwide have tested positive, and 12 have died.

Unlike SARS-CoV-2, however, the U.S. already has vaccine and treatment options for this virus. There are two shots: Bavarian Nordic’s BAVA, +0.89% Jynneos, and Emergent BioSolutions’ EBS, -2.14% smallpox vaccine, ACAM2000. Antivirals that treat smallpox like Siga Technologies’ SIGA, +3.50% Tpoxx and Chimerix’s CMRX, Tembexa are expected to be effective against monkeypox.

Though Wall Street analysts say they don’t expect monkeypox to become a health concern for all Americans, the outbreak has raised further questions about how the U.S. responds to virus threats going forward.

“How will public health apply the lessons from COVID to shape a more effective response to monkeypox and future public health crises?” Cowen analysts wrote in a note to investors last week.","['viruses', 'heightened', 'demonstrate', 'polio', 'monkeypox', 'focus', 'health', 'york', 'salk', 'public', 'wastewater', 'vaccine', 'state', 'rockland', 'detected', 'county', 'city', 'children', 'worldwide', 'week', 'virus', 'vaccines', 'vaccination', 'vaccinated', 'smallpox', 'siga', 'risk', 'rate', 'publichealth', 'politicization', 'orange', 'months', 'meekins', 'jonas', 'hesitant']",0,0,0,0.7,0.43,0,0.85
88,2339148134,2022-06-15 15:10:47,Reason.com,Public Health Officials Who Didn't Stop Global Monkeypox Outbreak Now Say the Name Is Problematic,https://reason.com/2022/06/15/public-health-officials-global-monkeypox-outbreak-name-problematic/,"The WHO said it will rename the virus after researchers complained that the current name is ""stigmatizing"" and ""discriminatory.""

( Mario Madrona Barrera/Dreamstime.com)

The public health community has many competencies. Reading the room is not one of them.

Professionals in the field responsible for identifying the origins of infectious diseases and preventing their regional and global spread say that monkeypox and its geographically labeled variants require a new name given the murky origins of the latest worldwide outbreak of the virus.

The World Health Organization (WHO) agrees, saying this week that it would start the search for a less offensive name right away.

""WHO is also working with partners and experts from around the world on changing the name of monkeypox virus, its clades and the disease it causes,"" said WHO Director-General Tedros Adhanom Ghebreyesus at a Tuesday press conference. ""We will make announcements about the new names as soon as possible.""

His comments came a few days after an international collection of infectious disease researchers issued an open letter calling for a ""neutral, non-discriminatory and [sic] non-stigmitizing"" naming scheme that forgoes the use of the term monkeypox and the ""West African"" and ""Central African"" or ""Congo Basin"" clades.

""In the context of the current global outbreak, continued reference to, and nomenclature of this virus being African is not only inaccurate but is also discriminatory and stigmatizing,"" these researchers wrote.

Their letter takes particular exception to the media's use of photos showing African monkeypox patients to depict the effects of the disease. And while they admit that the origin of the current global outbreak is still unknown, these researchers said that the use of African-named clades obscures the likely fact that ""cross-continent, cryptic human transmission"" has been going on for much longer than expected.

Changing the name would combat the possible, but not proven, ""narrative in the media and among many scientists that are trying to link the present global outbreak to Africa or West Africa, or Nigeria"" they write.

Up until this latest, global outbreak, monkeypox had most commonly infected people in Africa, often after they came into contact with infected animals—including both rodents and monkeys. According to WHO, the first non-African outbreak didn't occur until 2003, when infected rodents imported from Ghana to the U.S. lead to an outbreak that infected 70 people.

The African origins and predominance of the virus, and the fact that primates can spread it to humans, might seem to the casual observer justification for sticking with the original monkeypox name and Africa-specific clades. The rarity of cases outside of Africa might also explain why images of African monkeypox patients dominate in the media. If images of non-African monkeypox patients were more common, it's possible we'd be arguing over whether African victims of the disease were being ignored.

Naming diseases after the places in which they were discovered has been controversial among public health professionals for years. The aforementioned researchers' letter references a 2015 WHO document that lays out best practices for the naming of new human infectious diseases. The document specifically recommends against using places, animals, and occupations to name new diseases, and gives monkeypox as an example of a poorly named disease.

Nevertheless, the WHO best practices document also recommends against trying to rename diseases that already have a common name in circulation. That would seem to recommend against scrapping the already well-established monkeypox.

The aforementioned researchers' letter suggests creating the placeholder hMPXV in lieu of monkeypox and replacing the ""West Africa"" and ""Central African"" clades with the charming names A.1, A.2, etc.

That also goes against the conclusion of a WHO-assembled working group on naming COVID variants. That group recommended against alphanumeric naming schemes, as they ""result in complex names that are liable to misreporting and misunderstanding.""

The argument that naming variants by geographic locations is stigmatizing and discriminatory also misses the mark. Researchers say that it's inappropriate because we don't know the origins of this latest outbreak. Yet because the origins are currently a mystery, preemptively changing the name to avoid associations with Africa also seems premature, and, if anything, designed to promote an alternative, also unproven non-African origin story for this latest outbreak.

Changing the name of viruses and variants to avoid stigmatization of countries and regions didn't work too well during COVID. When a new COVID variant was discovered by South African researchers, the Biden White House scrupulously referred to it not as the South African variant, but as B.1.1.529 or Omicron. It also quickly banned travel from the country.

While geographic names for diseases might make a few tourism bureau officials' jobs harder, it hardly seems as damaging to a country or region's reputation as some public health officials make it out to be. People are still willing to vacation in Barcelona despite the fact that Spanish Flu killed more people than the Kaiser.

The sudden concern over monkeypox omits its primary utility: it's funny-sounding and therefore memorable. Its uniqueness encourages people to pay attention to the virus, which public health officials should want. The fact that there's been so much coverage of a global, but nevertheless relatively minor, outbreak surely has something to do with the name. If anything, the name encourages people to pay too much attention to the disease—hence all the ""don't panic about monkeypox"" articles. Are public health officials suddenly worried about people showing an abundance of caution in the face of a communicable disease?

Lastly, fact that the name monkeypox is the subject of controversy at all is itself downstream of a public health failure. The public health bureaucracy exists in large part to monitor diseases and prevent them from causing global outbreaks. That didn't happen with monkeypox, a known disease that's nevertheless managed to go worldwide.

How it managed to do that is still something of a mystery. Rather than crack that case, some public health officials instead seem content to play woke word games.

Latest","['stop', 'problematic', 'monkeypox', 'outbreak', 'health', 'public', 'global', 'officials', 'didnt', 'african', 'researchers', 'diseases', 'africa', 'virus', 'origins', 'naming', 'fact', 'disease', 'variants', 'names', 'letter', 'latest', 'infected', 'clades', 'west', 'stigmatizing', 'patients', 'nonafrican', 'infectious', 'document', 'discriminatory', 'current', 'covid', 'world', 'working']",0,0.92,0.8,0.8,0,0,0
89,2334243750,2022-06-10 07:40:55,Raw Story,"Old tricks, new crises: how US misinformation spreads",https://www.rawstory.com/old-tricks-new-crises-how-us-misinformation-spreads/,"With gun control under debate and monkeypox in the headlines, Americans are facing a barrage of new twists on years-old misinformation in their social media feeds.

Accurate news stories about mass shootings have attracted eyeballs but algorithms have also spurred baseless conspiracy theories from trolls who want to push lies to attract traffic. And thousands have unwittingly shared them on Facebook, Twitter and other sites.

The May 24 attack at Robb Elementary School in Uvalde, Texas was a ""false flag"" operation aimed at pushing restrictive gun laws, according to Telegram posts from supporters of QAnon.

Carl Paladino, a New York congressional candidate, was among those who shared a similar theory on Facebook, later deleting it.

Others misidentified a shooting victim as ""Bernie Gores"" -- a made-up name paired with an image of a YouTuber who has been wrongly linked to other major news events, including the Russian invasion of Ukraine.

Experts say such misinformation is part of a pattern in which unscrupulous operators intentionally repurpose old narratives.

""A lot of this stuff is put together almost in this factory production style,"" said Mike Caulfield, a misinformation researcher at the University of Washington's Center for an Informed Public.

""You have a shooting event, you have these various tropes you can apply.""

Groundless claims of a ""false flag"" operation, which refers to political or military action that is carried out with the intention of blaming an opponent, can be traced back to the 2012 mass shooting at Sandy Hook Elementary School in Newtown, Connecticut.

After 20 children and six staff members were killed, InfoWars founder Alex Jones falsely claimed the Newtown casualties were ""crisis actors"" -- people who are paid or volunteer to play disaster victims.

In November 2021, a Connecticut judge found Jones liable for damages in a defamation suit brought by parents of the victims.

But regardless, allegations of staged mass shootings have routinely spread from fringe online networks such as 4chan to mainstream platforms -- including the social media feeds of politicians such as Republican congresswoman Marjorie Taylor Greene and, more recently, Arizona state senator Wendy Rogers.

Hoax posts misidentifying gunmen or victims as internet personalities have also become common.

In the race to capture online attention following breaking news, recycled narratives can be produced quickly and are easier for audiences to digest, Caulfield said. Content producers ""make guesses"" about what may go viral based on past popular tropes, which can help monetize that attention.

""When you spread this stuff, you want to be seen as in the know,"" he said, even though the information is demonstrably false or misleading.

Copying the Covid-19 playbook

Similarly, false claims about the recent spread of monkeypox -- a rare disease related to smallpox -- borrow from Covid-19 misinformation.

Since the outbreak, social media posts have claimed without evidence that the virus is a bioweapon, that the outbreak was planned, and that Microsoft co-founder Bill Gates is behind it. Others have falsely equated monkeypox to other viruses, including shingles.

Those claims resemble debunked conspiracy theories from the early days of the Covid-19 pandemic.

Memetica, a firm that conducts digital investigations, has researched some of the top Covid-19 misinformation recycled for monkeypox. One widespread theory points to a 2021 threat preparation exercise conducted by the Nuclear Threat Initiative (NTI) as purported evidence that the outbreak was planned.

That conspiracy theory is nearly identical to claims about Event 201, a pandemic simulation held in October 2019, that circulated online in early 2020.

""What was surprising to me was how similar (Covid-19 misinformation) is now to monkeypox,"" Adi Cohen, chief operating officer at Memetica, told AFP.

""It's the same exact story -- oh, this is all planned, it's a 'plandemic,' here's the proof.""

Some monkeypox theories have been shared by conservative figures including Glenn Beck and anti-vaccine advocate Robert F. Kennedy Jr, according to Memetica's research. Both have previously promoted misinformation about Covid-19.

Cohen said such tactics may be an effective way to get engagement on social media, regardless of the falsity of the information being shared.

""It's the replication of what seems to work in the past,"" he said. ""Why work hard when you don't have to?""","['tricks', 'spreads', 'crises', 'misinformation', 'monkeypox', 'covid19', 'social', 'media', 'including', 'false', 'claims', 'theory', 'theories', 'spread', 'shooting', 'shared', 'posts', 'outbreak', 'online', 'mass', 'conspiracy', 'work', 'tropes', 'threat', 'stuff', 'similar', 'shootings', 'school', 'recycled', 'planned', 'past', 'operation', 'newtown', 'jones', 'information']",0,0,0,0,0,0,0.65
90,2385695885,2022-08-04 07:00:00,wired,Monkeypox Originated in Animals. Could It Spill Back Into Them?,https://www.wired.com/story/monkeypox-originated-in-animals-could-it-spill-back-into-them/,"The zoonotic disease is now spreading from person to person. But if it finds a home in new wildlife species, it could settle in to become a permanent risk.

Two months into the international monkeypox epidemic, which so far has caused almost 6,000 infections in the United States and more than 18,000 cases worldwide, it may be old news to say that this disease has visited the US before. In 2003, the virus arrived via exotic pets imported from Ghana, sickening 72 people, including kids as young as 3 years old. It sent 19 people to the hospital before the outbreak burned itself out.

Looking back, the obvious lesson seems to be how much monkeypox has changed its behavior since then. In 2003, every case could be traced back to a person’s exposure to an infected animal. In 2022, transmission appears overwhelmingly person to person, traceable to sexual or skin-to-skin contact among men who have sex with other men. But there’s a key detail in the 2003 outbreak that worries researchers examining this new one. Two decades ago, the virus spread because it passed from captured African wildlife to American animals being sold for pets. Those pets, wild prairie dogs, transmitted the virus to humans.

No one had considered such cross-species vulnerability because human infections with monkeypox had not previously been detected outside of West and Central Africa. At the time, it was well understood that African wildlife species passed the disease to people who hunted them or lived in their territories. What was surprising was that the virus could be transmitted to the wildlife of other continents. It remains a cautionary tale—and it may be a warning that the virus could establish itself in new animal populations, now that it has spread to almost 80 countries.

This is by no means certain. But it’s enough of a worry that virologists are talking about the possibility of new host species in new territory—spread that might constitute a “spillback” from humans into animals, creating fresh exposure risks beyond what’s currently known. Scientists are exploring this carefully; no one wants to be inflammatory. “I don’t think there have been any cases at this point that were clearly from zoonotic spillover,” says Angela Rasmussen, a virologist and associate professor at the Vaccine and Infectious Disease Research Organization-International Vaccine Centre at the University of Saskatchewan. “And I do think that that would be distinct, because we would see cases popping up with no connection to an MSM sexual network, and that has not happened yet.”

Because several rodent species have been found to harbor monkeypox in the countries where it was first identified, it’s a reasonable bet that multiple species could be vulnerable to it elsewhere. But there isn’t enough accumulated science to tease out the implications. Could European or American wildlife pick up the disease briefly and then overcome it? Or would it become a persistent infection among them? If it became endemic in wildlife populations, whether that’s prairie dogs in the countryside or rats in cities, could it be transmitted to other species that mix with them? And how close would any of those animals have to come to people to pose an infectious risk—or to be put at risk by human contact?

“What I take from the 2003 experience is that there is a diverse range of species that are likely susceptible to monkeypox,” says Jason Kindrachuk, a microbiologist and assistant professor at the University of Manitoba who studies monkeypox and other zoonotic pathogens. “But we do not yet fully understand what that looks like.”

Though it circulates in a variety of rodent and primate species, monkeypox got its name because the first few times the disease was identified, the victims were monkeys that had been collected for zoos or as research animals. It was first recorded in monkeys shipped from Singapore to a polio-research facility in Copenhagen in 1958, then in labs at the University of Pennsylvania in 1960 and the US Army’s Walter Reed Institute of Research in 1962. Two years later, it sickened an array of monkeys and apes—orangutans, chimpanzees, gorillas, gibbons, and several other species—living in the Rotterdam Zoo.

That outbreak conveyed an early warning that monkeypox can move in complex ways because none of the primates arrived at the zoo infected. The virus was passed to them by a new acquisition: two giant South African anteaters sold to the zoo by a wild animal dealer. It was theorized afterward that, somewhere along their chain of custody, the anteaters were stashed in a holding facility with animals that were already infected—similar to the mixing that would cause the US outbreak in 2003.

That might have been the reason the lab monkeys in the first outbreaks were infected too; old medical journals say there was a huge worldwide trade in primates in the 1960s, an unpleasant side effect of the push to manufacture and test the first polio vaccines. “Conditions for shipping and handling were deplorable,” a prominent virologist wrote in the 1990s, “all kinds of animals from different places being crowded together.”

It took a few more years for public health experts to understand that the source of monkeypox was Africa and that the virus could infect humans, and both discoveries were almost accidental. The 1970s marked the start of an intense international campaign to eradicate smallpox in countries where it still lurked. After vaccinators swept through an area, field teams kept watch for any breakthrough cases with smallpox’s distinctive pustules. They identified a cluster of cases in a village in the Democratic Republic of the Congo where people were supposed to be fully vaccinated and discovered that the lesions were actually caused by monkeypox. A research project looking for the cluster’s origin started examining local primates—and then realized the virus’s chief harbor might not be monkeys, but rather several species of squirrel that lived on the fringes of villages and were often trapped for food.

Decades later, it’s still not clear which rodents or primates are the main hosts of monkeypox, or whether the virus cycles through several species to sustain itself. There have been only a handful of identifications in animals captured from the wild. Experiments have shown that an array of other species are vulnerable to infection, including mice, guinea pigs, and rabbits. But those lab results can’t address whether these species would become carriers in the real world. Plus, experimental conditions can be very different from natural ones: Animals may be exposed to a higher viral dose than would happen in the wild, or for a longer period of time.

An example of lab conditions that diverge from real-world scenarios is the 2003 situation that caused monkeypox to be released in the US. A succession of exotic-animal dealers housed African species—giant Gambian pouched rats, tree squirrels, and dormice—with American prairie dogs and European hedgehogs, among others. That contact would have never occurred in a natural ecosystem, and so it may not represent which species would be the most likely hosts if monkeypox took root in the US. (In fact, a 2008 lookback by the US Food and Drug Administration uncovered that more than 170 of the African rodents and 103 prairie dogs linked to the outbreak could not be accounted for afterward. They might have been killed or escaped—but limited sampling in the Midwest did not turn up any further spread.)

The 2003 outbreak isn’t the only time rodents—specifically, pets—have been incriminated in virus transmission. Over the past 20 years, European researchers have repeatedly identified cowpox, a related virus in the orthopox genus, passing to kids from pet rats that may have come from dodgy breeders, or from pet cats who similarly might have been infected at a breeding facility—or might have caught infected rodents and then become infected themselves. There is one documented case of a wild rodent passing that disease to a human, a 14-year-old girl who found an injured rat outdoors and tried to nurse it back to health. (The rat died. The girl survived.)

Cowpox is more widely distributed than monkeypox and shows up in different parts of the world—Europe and Russia, rather than Africa. So those occurrences don’t prove the case that monkeypox will follow the same path its viral relative did. But researchers consider those cowpox cases illustrative of the ways infections can cross from the wild world into the human one: in a virus’s home range through close exposure and hunting or far from its original territory, thanks to accidental importation and the exotic-animal trade.

“Kids in Germany and France wanted pet rodents, just like the kids in the US in 2003, and that began a trade of potentially infected animals into Germany and France,” says James Diaz, a physician and professor at Louisiana State University’s School of Public Health who has written scientific assessments of rodents as transporters of disease.

Sometimes the door swings both ways. There is good evidence that SARS-CoV-2, the viral cause of Covid, has spilled back from infected humans into animals in North America and Europe—minks and also white-tailed deer, species the virus did not inhabit in its original home in China. It is possible monkeypox could take a similar path. Early in this epidemic, the UK’s Health Security Agency recommended that people infected with monkeypox remove any pet rodents from their homes until they recover to reduce the chance of spillback. In the US, the Centers for Disease Control and Prevention expanded on that, recommending that “people with monkeypox avoid interacting with animals and find someone else to take care of their pets while they recover.”

There’s so little pre-existing data on various species’ vulnerability to monkeypox that the only way to define the risks may be to set up broad surveillance programs to find animals with evidence of current or past infections. That would be a mammoth undertaking, even if scientists knew which species are at risk. “Think about bats and Ebola: We’ve been looking for infections for decades now,” Kindrachuk says. “You're looking for a tiny, tiny pin in a massive haystack.”

Unlike humans—or mice, for that matter—there are no huge, pre-existing banks of cells and tissues taken over decades from many wildlife species. If those existed, they could provide fodder for comparisons between the known hosts of monkeypox and other species that might be vulnerable. New animal surveillance programs would be difficult to set up and expensive to implement; think of the cost and labor involved in climbing into caves to swab bats for coronaviruses or netting birds to take blood samples that might reveal West Nile.

To detect the spread of monkeypox to new animal species, virologists may have to devise an equivalent of the wastewater sampling set up to detect SARS-CoV-2. Something, in other words, that can use an existing system—in this case, veterinary field research or animal rehab work or zoos—to ask questions that can be answered with rapid, automated lab techniques. That might be less precise than trapping individual animals and swabbing or bleeding them, but it would be faster. And it would be much faster than the 2003 alternative: not knowing which animals are vulnerable to infection and discovering too late that they are sick.","['spill', 'originated', 'monkeypox', 'animals', 'species', 'virus', 'infected', 'disease', '2003', 'wildlife', 'wild', 'rodents', 'outbreak', 'cases', 'animal', 'research', 'monkeys', 'infections', 'african', 'vulnerable', 'prairie', 'pets', 'pet', 'person', 'lab', 'identified', 'human', 'health', 'dogs', 'case', 'zoonotic', 'ways', 'viral', 'university', 'transmitted']",0,0,0,0,0.8,0,0.8
91,2420070070,2022-09-13 14:36:04,Time,Meet the Pharmacist Responsible for Giving Half of His County’s Monkeypox Vaccine,https://time.com/6208357/monkeypox-vaccine-gay-bars-california-pharmacy/,"Clint Hopkins and his husband, Joel Hockman, own Pucci’s Pharmacy in Sacramento, but you might not always find them there. Since the monkeypox outbreak began in the U.S., the pair and their team of health professionals are just as likely to be at a bar, private party, or their local LGBTQ center administering monkeypox vaccines.

“We’re in a bit of a unique situation, because we’re LGBT and part of the community that is at highest risk,” says Hockman, COO of Pucci’s. “We’re aware of social events that are going on through our social network, so we reached out and said, ‘Hey, we know you’re going to get together—let us come and vaccinate everybody while they’re there.”

The vaccine to prevent monkeypox, called Jynneos, can protect people from getting infected before they are exposed to the virus. The latest outbreak has spread quickly among people in LGBTQ communities in the U.S. and several countries, after people were potentially exposed at large gatherings. But vaccines don’t always reach this high-risk group because of stigma. Some people are concerned about being identified as LGBTQ, while others prefer not to reveal their sexual orientation to employers, friends, or family, which could happen if they were seen at a testing site or in a line at a public health clinic to receive a monkeypox vaccine. Hopkins and his team are trying to eliminate these barriers. After procuring doses from the Sacramento public health department, they started offering monkeypox vaccines not only at their pharmacy, but also at popular LGBTQ bars in the area and at a weekly social gathering of at the home of friends; at the first such get-together, 75 people got vaccinated. “We gave doses to people who otherwise might not have come in for vaccination,” says Hopkins.

That’s where Rick Russell got his first dose in July. “It was pretty awesome and pretty amazing,” says Russell, a retired Navy firefighter and recruiter, who is now an analyst with the California Military Department. “They gave 75 vaccinations to individuals who otherwise had no other way or means of idea about how to get vaccinated. What they are doing for the community here in Sacramento—there’s nobody else who has ever done anything like that.”

Word of their pop-up monkeypox vaccine clinics has spread all the way to neighboring Nevada, and people are making the two-hour drive to Sacramento to get vaccinated. “Nobody has looked out for the community like they have, and they’re doing it just because they’re a part of our community,” Russell says.

Read More: What It Really Feels Like To Have Monkeypox

Pucci’s Pharmacy has a legacy of serving the underserved in its community. In 2016, Hopkins and Hockman purchased the business from Tom Nelson, who was one of the few pharmacists in the area filling prescriptions for new anti-HIV medications during the AIDS epidemic in the 1980s, which became life-changing therapies for people living with HIV. Hopkins and Hockman have long offered HIV testing at the pharmacy and prescribe PrEP, which can protect people from getting infected or seriously ill from HIV, for people who are at high risk of exposure to the virus.

When COVID-19 hit, Hopkins reached out to the county health department and offered to help with mass vaccination campaigns. And when the first monkeypox cases began to appear, the county reached out to him to help administer the doses. “We said, ‘Absolutely, this is our community,’” says Hopkins. “Not only is it our local community in Sacramento that we’re helping, but as LGBT owners, it’s our broader community that the virus was affecting the most. It was very important for us to get out ahead of it.”

The duo’s nomadic vaccination clinics have grown so popular that they consume their days, nights, and weekends. At a recent clinic at the Sacramento LGBTQ Center on one Saturday in August, Hopkins’ team vaccinated 309 people. So far, his team has administered more than half of the monkeypox vaccine doses allotted to Sacramento County.

While Hopkins and Hockman were reimbursed for administered COVID-19 vaccines and therapies, however, that source of financial support does not exist for the monkeypox shots, they say. Unlike with COVID-19 shots, the government is not reimbursing for the monkeypox vaccine, which requires two doses. The few insurers that do cover the shots only pay $19 per dose, which does not cover the cost of the staff and equipment required to administer them, Hopkins says. “That’s less than half the amount that was paid for COVID-19 vaccines, and there is no fund for uninsured patients.” He also points out that because of the stigma surrounding monkeypox, some people don’t want to provide their health insurance information because they don’t want their employer, family, or significant other to find out they got the monkeypox vaccine. That means that in some cases, they are providing the vaccines for free. “We need a fund to pay for those patients to be vaccinated in order to protect them,” he says. Hopkins says he still has not been reimbursed for any of the monkeypox vaccines he has administered.

For now, “we’re doing this for charity,” says Hopkins. “But in a lot of other communities, they don’t have a pharmacy like ours that’s owned by LGBT owners who are concerned about taking care of their community.”","['responsible', 'pharmacist', 'meet', 'half', 'giving', 'countys', 'monkeypox', 'vaccine', 'hopkins', 'community', 'vaccines', 'sacramento', 'vaccinated', 'pharmacy', 'lgbtq', 'hockman', 'health', 'doses', 'team', 'dont', 'covid19', 'vaccination', 'theyre', 'social', 'shots', 'russell', 'reached', 'protect', 'lgbt', 'hiv', 'department', 'virus', 'therapies', 'testing', 'stigma']",0.85,0.8,0,0,0.8,0.8,0.8
92,2344610997,2022-06-21 14:54:55,Forbes,What We Can Learn From Other Poxviruses About Monkeypox,https://www.forbes.com/sites/williamhaseltine/2022/06/21/what-we-can-learn-from-other-poxviruses-about-monkeypox/,"Since the eradication of smallpox in 1980, there have been growing concerns that we are not prepared for the next poxvirus pandemic. It is important to remember that smallpox killed millions of people throughout human history.

The variola virus that caused smallpox was not only lethal but also highly contagious. Inhaling droplets from an infected person was the primary route that monkeypox was transmitted, albeit the virus could also spread through direct contact with contaminated objects or surfaces. Symptoms usually began with flu-like symptoms, such as muscle aches, headaches, and a fever. As the infection spread, the digestive tract was commonly implicated, causing nausea, vomiting, and severe backaches.

Like other viral infections, most of these symptoms lasted two to four days. Around the twentieth day of infection, visible lesions appeared on the skin. The rash first appeared on the mucous membranes of the throat, mouth, and tongue. When enlarged lesions ruptured, they released large amounts of the virus, which increasingly infected other skin cells. Depending on which strain of the smallpox virus one was infected with, the fatality rate was anywhere between 1% and 75%.

Now, we are seeing a resurgence of poxvirus infections in humans. Given that we no longer vaccinate against smallpox, much of the world population is not protected against the outstanding threat of other orthopoxviruses, such rabbitpox, deerpox, and not to mention, monkeypox. While smallpox only infected humans, many of these poxviruses are zoonotic in nature. A human case of monkeypox, for example, was first detected in 1970 in what is now the Democratic Republic of Congo. Initial studies reported that animal-to-human transmission of the monkeypox virus was rare and sporadic. However, as humans have increasingly come into contact with rainforests and jungles, human monkeypox has become endemic in several central and west African regions.

How big of a threat is monkeypox? Although there is currently no cause for alarm, this will not always be the case. There are already more than 1,000 confirmed cases of human monkeypox across almost 30 countries that do not normally experience outbreaks, including the United States, United Kingdom, and Canada.

Using a strategy called “ring vaccination”, several countries have begun administering smallpox vaccines to individuals that have been exposed to someone with monkeypox. Although smallpox vaccines are known to be effective against various poxviruses, we do not know exactly how effective they are against monkeypox. At this stage, however, this remains one of the most powerful tools we have to keep case numbers low.

The recent surge of human infections has been linked to two predominant strains of the monkeypox virus, one indigenous to West Africa and the other to Congo Basin. These outbreaks, particularly the West African strain, have produced less severe infections than previous variants. So far, no deaths associated with monkeypox have been reported in the United States or Europe, but this may likely change if the virus reaches more vulnerable populations like immunocompromised individuals or young children.

We should remember that poxviruses are not stable; they evolve with their environment. I have previously written about the coevolution of the myxoma rabbitpox virus and European rabbits exposed to a South American viral strain. While natural selection favored rabbits that could resist infection, this virus increasingly evolved to suppress the immune system of its hosts. Given the rate that rabbits multiply, this host-virus “arms race” continues to change the genome of the myxoma virus.

Over time, genome analyses of newer strains have not only identified several mutations from the original South American myxoma viral strain but also the addition of entirely new gene sequences. These sequences have enabled the expression of novel host range factors, known to enhance viral infection and replication.

Across different poxviruses, the role of host range factors is complex and not well understood. It has been suggested that the expression of specific host range factors can allow viruses to cross over and infect other species. This is what researchers speculate occurred in fall of 2018, when hundreds of Iberian hares suddenly died from rabbitpox. The myxoma-like virus detected in these hares had gained approximately 2,800 new base pairs, compared to a South American rabbitpox strain.

How does a poxvirus gain that much new genetic information? These new genes were likely acquired through a process called DNA recombination. DNA recombination occurs when two closely related viruses simultaneously infect the same cell. During replication, these viruses may swap genetic information, thus creating a new hybrid virus. It is unclear what other poxvirus the myxoma rabbitpox virus interacted with to cause the mutation that led to the infection and subsequent death of the Iberian hares.

For a virus, recombination promotes its survival by creating new genetic traits. However, there is no telling what the consequences of future hybrid poxviruses may be to animal and human health.

We must prepare for the possibility that a zoonotic poxvirus could become a highly infectious human pathogen. Our already-fragile health systems cannot afford to be caught in another global pandemic that we are not prepared for.

First, we need to invest in and expand research on smallpox vaccinations. Smallpox may be gone, but other poxviruses continue to threaten human health. Before cases get too high, we must develop a new generation of vaccines that specifically target emerging strains of monkeypox and widely distribute them not only in countries that are experiencing new outbreaks but also in regions where infections are endemic.

Second, we need to produce antiviral treatments that fight infections early and robustly. As we have learned through the Covid-19 pandemic, it is not enough to simply prevent infections from occurring in the first place; we must also stop the progression of severe infections that could overwhelm hospitals and kill vulnerable populations.

We must heed lessons from pandemics' past and prioritize pandemic and epidemic preparedness, otherwise, we will continue to suffer constant disruption to our lives and needless deaths.

Follow me on Twitter or LinkedIn.","['learn', 'monkeypox', 'poxviruses', 'virus', 'smallpox', 'infections', 'human', 'rabbitpox', 'poxvirus', 'infection', 'viral', 'strain', 'pandemic', 'myxoma', 'infected', 'west', 'viruses', 'vaccines', 'united', 'symptoms', 'strains', 'south', 'severe', 'recombination', 'range', 'rabbits', 'outbreaks', 'increasingly', 'humans', 'host', 'genetic', 'factors', 'countries', 'case', 'american']",0,0,0,0.4,0.85,0,0.8
93,2381758958,2022-07-31 22:02:21,Daily Beast,It May Be Too Late to Stop Monkeypox Becoming Endemic in the U.S. and Europe,https://www.thedailybeast.com/it-may-be-too-late-to-stop-monkeypox-becoming-endemic-in-the-us-and-europe?source=articles&via=rss,"We failed to get on top of the monkeypox outbreak and we may have missed the chance to stop the disease becoming endemic—and a permanent threat—in the U.S. and Europe.

Monkeypox is spreading fast all over the world, especially in the United States and Europe. With cases doubling every two weeks or so, there’s a growing risk that monkeypox will become a permanent problem in countries where, before, outbreaks were rare and small.

The pox is, in other words, close to becoming endemic in a lot of new places. If that happens, it might become very difficult to eradicate. Monkeypox, which causes a fever and rash and is fatal in a very small number of cases, will become yet another disease that people have to worry about all the time.

For the pox, there are two paths to endemicity. If the virus infects enough people fast enough to outpace authorities’ efforts to trace transmission and vaccinate at-risk individuals, it might become endemic in people. “We are getting close to this already,” James Lawler, an infectious disease expert at the University of Nebraska Medical Center, told The Daily Beast.

The good news with this kind of endemicity is that it doesn’t have to be permanent. Reversing human endemicity is hard, yes—but it’s possible. “If it’s just spreading in humans it can be controlled—eventually—through vaccination and natural immunity,” Amesh Adalja, a public health expert at the Johns Hopkins Center for Health Security, told The Daily Beast.

But monkeypox was originally a “zoonotic” animal virus. It circulates in rodent and monkey species in West and Central Africa, where outbreaks in the human population are frequent.

If the pox finds a home in some animal species in North America or Europe—say, squirrels, rats, or prairie dogs—it’ll be all but impossible to eradicate regionally. “Game over,” Lawler said. The pox will be all around us, probably forever, just waiting for opportunities to spread from animals to people. Outbreaks will be frequent and big, just like they are now in West and Central Africa.

To be clear, the pox is not endemic in people or animals in the United States or Europe—yet. But the trends aren’t encouraging. “I do share the other scientists’ concern of containment and the virus becoming endemic in our U.S. rodent population,” Stephanie James, the head of a viral testing lab at Regis University in Colorado, told The Daily Beast.

Officials first noticed the current outbreak, involving a relatively mild West African strain of the pox, after diagnosing a U.K. traveler returning from Nigeria in early May. Spreading through close physical contact including sex, the pox soon accompanied travelers on planes heading for countries far and wide. Doctors diagnosed the first U.S. case on May 27.

But it’s apparent now that the first diagnosed pox cases in Europe and the U.S. weren’t the real first cases. On June 3, the U.S. Centers for Disease Control and Prevention announced it had found genetic evidence of American pox cases that predated the first cases in Europe from May.

Doctors may not have noticed or reported these earlier infections, at first, owing to the similarity between pox symptoms and the symptoms of some common sexually transmitted diseases such as herpes. “The virus was masquerading as a sexually transmitted infection and had been spreading clandestinely for several months,” Adalja explained.

The virus had a big head start, which helps to explain why, months later, it’s still staying ahead of intensifying efforts to contain it. There were 20,638 confirmed cases in 77 countries as of Wednesday, according to the CDC. That’s up from fewer than 10,000 cases two weeks ago. The World Health Organization has counted five pox-related deaths in non-endemic countries.

What’s frustrating to epidemiologists is that, in theory, we had all the tools we needed to swiftly contain a pox outbreak. Thanks to COVID, health workers all over the world are better than ever at contact-tracing. Vaccines and therapies that work for smallpox also work for monkeypox. There’s a proven strategy: diagnose cases, isolate and treat the infected, vaccinate their family, friends and co-workers.

And educate the public—especially the highest-risk groups including men who have sex with men.

But so far, the strategy isn’t working. Part of the problem is with the virus itself, Lawler said. “The disease is different than the monkeypox we have seen in the past. I don’t think we know why—probably a combo of virus, hosts and environment.”

Mostly, it’s our fault. Too many doctors misdiagnosed pox cases as herpes or some other STD. The WHO and the CDC both waited too long to designate the pox outbreak as a public health emergency and mobilize resources. The WHO declared an emergency on July 23. The CDC is expected to do the same in the next few days.

Authorities are deploying more vaccines and therapies and boosting testing. Even so, the clinics that are on the public-health front line in the U.S. need more of everything. More tests. More vaccines and therapies. More money for community outreach. The U.S. National Coalition of STD Directors recently surveyed a hundred clinics and found that half lacked the capacity to deal with the monkeypox outbreak.

“We are still going too slowly,” Lawler warned. And, he added, “we are still dismissing the possibility of the unexpected.” Including the increasing likelihood of the pox spreading to squirrels or rats.

The feds seem to be at a loss to deal with “reverse zoonotic” people-to-animal transmission. To prevent endemicity in animals, you have to detect pox infections in a species, cull the infected animals then closely monitor the remaining population to be sure you eliminated all the virus.

But it’s not clear who in the federal health establishment should take the lead. “Operational zoonotic disease response falls in this gray area,” Lawler said. The CDC maintains a website describing pox symptoms in pets and livestock and explaining where to send samples for diagnosis. The Department of Agriculture’s Animal and Plant Health Inspection Service monitors disease in animals. Especially livestock.

APHIS couldn’t, or wouldn’t, confirm it’s testing animals for monkeypox. The agency referred The Daily Beast to the CDC, which did not respond to an email seeking comment. If there’s a lead agency for detecting pox in animals, that agency doesn’t seem eager to take responsibility.

Monkeypox’s rapid spread in people is a preventable tragedy. But it can still get a lot worse. With hard work and a little luck, it’s still possible to contain and eventually eliminate the human outbreak.

But if American or European rodents catch the pox, the outbreak will escalate into something much worse. A newly endemic disease. One that’s all but impossible to eradicate.","['stop', 'late', 'monkeypox', 'endemic', 'europe', 'pox', 'cases', 'disease', 'virus', 'health', 'animals', 'spreading', 'outbreak', 'lawler', 'cdc', 'endemicity', 'daily', 'zoonotic', 'world', 'work', 'west', 'vaccines', 'told', 'therapies', 'testing', 'symptoms', 'species', 'population', 'permanent', 'outbreaks', 'including', 'human', 'eradicate', 'countries', 'close']",0.7,0,0.85,0.95,0.8,0,0.85
94,2374577030,2022-07-23 14:06:00,CNET,WHO Declares Monkeypox Outbreak a Global Health Emergency     - CNET,https://www.cnet.com/health/medical/who-declares-monkeypox-outbreak-a-global-health-emergency/#ftag=CADf328eec,"The World Health Organization on Saturday declared the monkeypox outbreak a global health emergency, as the number of cases, and countries reporting them, has climbed over the last month.

""We have an outbreak that has spread around the world rapidly, through new modes of transmission, about which we understand too little,"" WHO Director General Dr. Tedros Adhanom Ghebreyesus said during a press conference.

Tedros said there are now more than 16,000 reported cases from 75 countries, up from 3,040 reported cases from 47 countries a month ago. Five people have died as a result of the current outbreak, Tedros said. About 2,900 cases have been confirmed throughout the United States and Puerto Rico, according to the US Centers for Disease Control and Prevention.

Tedros said, however, that we have the tools to bring the outbreak under control, and he called on countries to carry out a coordinated response. That includes implementing measures for halting transmission and protecting vulnerable groups; increasing the monitoring of the outbreak's progress; speeding up research into vaccines and treatments; and developing recommendations for international travel.

Read more: What We Know About the Monkeypox Vaccine

Monkeypox spreads between people primarily through contact with infectious sores, scabs or bodily fluids, according to the CDC, but it can also spread through prolonged face-to-face contact via respiratory droplets or by touching contaminated clothing or bedding. Anyone can be infected with monkeypox, but so far many of the outbreak cases have involved men who have sex with men.

""Although I'm declaring a public health emergency of international concern,"" Tedros said, ""for the moment, this is an outbreak that's concentrated among men who have sex with men, especially those with multiple sexual partners. That means that this is an outbreak that can be stopped with the right strategies in the right groups.""

Tedros cautioned that ""stigma and discrimination can be as dangerous as any virus"" and he called on countries to adopt measures that ""protect the health, human rights and dignity of affected communities.""

He also said countries should work closely with those communities to develop services and outreach programs, and he said the WHO intends to partner with civil organizations, including groups with experience working with people who have HIV, to fight discrimination and stigma.

Gay and bisexual communities tend to have particularly ""high awareness and rapid health-seeking behavior when it comes to their and their communities' sexual health,"" Dr. Hans Henri P. Kluge, the WHO's regional director for Europe, said in a statement at the end of May, noting that those who sought early health care services should be applauded.

A monkeypox infection typically begins with flulike symptoms, including fatigue, intense headache, fever and swollen lymph nodes. Within one to three days of a fever developing, according to the CDC, a rash or sores develop and can be located pretty much anywhere on the body, including the hands, genitals, face, chest and inside of the mouth.

Read more: What to Know About Monkeypox

Notably, some people never experience flulike symptoms, the CDC says, and people may experience all or only a few of the typical monkeypox symptoms. For safer sex and social gatherings where people may be in close contact with other peoples' bodies, the CDC has a fact sheet for practices to consider.

Close contact is a key element in the transmission of monkeypox. That, along with the fact that the virus that causes monkeypox appears to have a slower reproduction rate than the COVID-19 virus, sets it apart from the ongoing COVID-19 pandemic, Dr. Tom Inglesby, director of the Center for Health Security at the Johns Hopkins Bloomberg School of Public Health, said last month at a media briefing.

CNET's Jessica Rendall contributed to this report.","['global', 'declares', 'health', 'outbreak', 'monkeypox', 'emergency', 'countries', 'cases', 'contact', 'cdc', 'virus', 'transmission', 'tedros', 'symptoms', 'sex', 'men', 'including', 'experience', 'dr', 'director', 'communities', 'world', 'spread', 'sores', 'sexual', 'services', 'reported', 'public', 'month', 'measures', 'international', 'groups', 'flulike', 'fever', 'fact']",0.9,0,0.9,0,0.95,0,0.8
95,2409635954,2022-09-01 14:21:05,cleveland.com,Cuyahoga County has 90 of 184 monkeypox cases in Ohio: Weekly update,https://www.cleveland.com/news/2022/09/ohio-reports-37-new-monkeypox-cases-in-past-week-with-cuyahoga-county-still-having-most-in-state.html,"COLUMBUS, Ohio - Thirty-seven new monkeypox cases have been reported in Ohio in the past week, with Cuyahoga County continuing to lead the state in the number of infections, according to the Ohio Department of Health.

Since monkeypox arrived in Ohio earlier this summer, there have been 184 cases, with 90 so far in Cuyahoga County.

Elsewhere in Northeast Ohio, there have been nine cases in Summit County, seven in Lorain County, five in Lake County, and one each in Erie, Portage and Medina counties.

The Ohio Department of Health updates its monkeypox case dashboard at 2 p.m. each Thursday at https://odh.ohio.gov/know-our-programs/mpx/monkeypox-dashboard.

Thus far no one has died with monkeypox in Ohio. Twelve people have been hospitalized with the illness, which is about 6.5% of all of Ohio’s cases.

Men have had 97.3% of the cases in Ohio.

Currently monkeypox is spreading among men who are intimate or have sex with men. However, the Department of Health has cautioned that it will spread to all populations, and people need to take precautions to not get sick.

The illness is spread by close, personal, often skin-to-skin contact with someone who has monkeypox.

Monkeypox causes a rash that looks like acne or blisters. The rash will change and turn to scabs before healing. Some people also report getting flu-like symptoms, such as fever, headache, muscle aches, sore throat, cough, swollen lymph nodes, chills or exhaustion.

The Ohio Department of Health is tracking cases from the onset of symptoms. On Thursday, it reported that the first symptoms and cases showed up in Ohio on May 29.","['weekly', 'update', '90', '184', 'ohio', 'cases', 'monkeypox', 'county', 'cuyahoga', 'department', 'symptoms', 'health', 'spread', 'reported', 'rash', 'men', 'illness', 'week', 'updates', 'turn', 'tracking', 'throat', 'thirtyseven', 'swollen', 'summit', 'summer', 'state', 'spreading', 'sore', 'skintoskin', 'sickthe', 'showed', 'sex', 'scabs', 'report']",0,0,0,0,0,0,0
96,2435791174,2022-09-30 19:30:43,The Insider -,Third death from monkeypox in U.S.; CDC warns of severe illnesses,https://www.eastbaytimes.com/2022/09/30/third-death-from-monkeypox-in-u-s-cdc-warns-of-severe-illnesses/,"(CNN) — The US Centers for Disease Control and Prevention issued a new warning to health care providers Thursday about severe illnesses in people with monkeypox.

The alert comes as Ohio reported that an individual with monkeypox has died — the third known death of a patient with monkeypox in the United States.

Ohio listed the death in an update to its online monkeypox outbreak dashboard Thursday. The Ohio Department of Health on Friday said an adult male with monkeypox had died, and the individual had “other health conditions.” The CDC told CNN it is aware of the death.

The first US death due to monkeypox was confirmed this month in Los Angeles County. The county public health department and the CDC said the person had a severely weakened immune system and had been hospitalized. No further information will be made public, the department said.

A person in Harris County, Texas, who had monkeypox died in August, but the virus’ role in that death has not been confirmed.

Deaths from monkeypox are extremely rare, and babies, pregnant women and people with weakened immune systems are at greater risk. Among more than 67,000 cases reported globally in the current outbreak, there have been 27 deaths, according to the World Health Organization.

More than 25,000 cases of monkeypox have been reported in the United States, but recent case trends suggest that the outbreak is slowing in the US.

Falling case numbers might be a reflection of rising numbers of people vaccinated against the virus. This week, the CDC announced that it’s expanding eligibility for the Jynneos monkeypox vaccine to higher-risk people who have not been exposed to the virus.

According to data posted by the CDC on Wednesday, men at high risk for monkeypox because they have sex with other men or because they live with HIV were 14 times more likely to be infected if they were unvaccinated compared with those who were at least two weeks past their first dose of the vaccine.

CDC warns of ‘severe manifestations’ of monkeypox

The CDC said Thursday that some people in the US who were infected with monkeypox during the ongoing outbreak have had “severe manifestations” of the illness, extended hospitalizations or “substantial” health problems.

The agency’s health alert notes that severe monkeypox can happen in anyone, and most people diagnosed during this outbreak have had mild or moderate illness. Most people whose illness has been severe have had HIV with “substantial immunosuppression,” it says.

Some of the severe illnesses have included:

Coalescing or necrotic lesions requiring extensive surgical care or amputation of an extremity

Lesions in sensitive areas like the mouth, urethra, rectum or vagina that cause severe pain and affect daily activities

Bowel lesions with significant swelling, leading to obstruction

Lesions causing scarring with “significant” effects in areas like the genitals, bowels or face

Involvement of multiple organ systems and associated conditions, such as encephalitis, myocarditis, conjunctivitis and corneal ulcerations

The advisory urges health-care providers to be aware of risk factors for severe monkeypox and says anyone with suspected or confirmed monkeypox should be tested for HIV. Providers should also check whether the person’s immune system may be weakened by another condition or by a medication.

Monkeypox treatment in people who have weakened immune systems should involve stopping any medications that may be affecting the immune system, providing antiretroviral therapy for those with HIV, and possibly using medications such as tecovirimat, known as Tpoxx.

The CDC says people who were exposed to monkeypox through sexual contact should get tested for HIV and other sexually transmitted diseases.

window.addEventListener(‘load’, function() { (function(c, id, p, d, w){ var i = d.createElement(‘iframe’); i.height = ‘0’; i.width = ‘0’; i.style = { display: ‘none’, position: ‘absolute’, visibility: ‘hidden’ }; i.src = “https://newsource-embed-prd.ns.cnn.com/articles/cnnvan-stats.html?article_id=”+id+”&category=”+c+”&publisher=”+p+”&url=” + encodeURI(w.location); d.body.appendChild(i); })(“Health”, “h_ee8d759074760034e185d722f0a28d87”, “21905”, document, window)})

The-CNN-Wire™ & © 2022 Cable News Network, Inc., a Warner Bros. Discovery Company. All rights reserved.","['warns', 'monkeypox', 'severe', 'cdc', 'death', 'illnesses', 'health', 'outbreak', 'immune', 'hiv', 'weakened', 'systems', 'system', 'risk', 'reported', 'providers', 'illness', 'died', 'department', 'county', 'virus', 'united', 'tested', 'substantial', 'significant', 'public', 'person', 'ohio', 'numbers', 'monkeypoxthe', 'men', 'medications', 'manifestations', 'lesions', 'infected']",0,0,0,0,0.6,0,0
97,2445784104,2022-10-12 09:44:49,mlive.com,Barry County and Metro Detroit make up Michigan’s latest monkeypox cases,https://www.mlive.com/public-interest/2022/10/barry-county-and-metro-detroit-make-up-michigans-latest-monkeypox-cases.html,"Michigan identified 25 new monkeypox infections last week, most of which were located in Metro Detroit.

Barry County in southwest Michigan reported its first case, while Wayne County added 16 cases, and Macomb and Oakland counties each added three. The final two cases were linked to Genesee County.

In total, Michigan has identified 291 monkeypox cases this year, spanning 21 counties. That’s up about 4.3% from a week ago.

Monkeypox is a viral disease that may cause a rash that looks like pimples or blisters, among other symptoms. It is typically spread through close contact by an infected person, or through touching shared objects, fabrics or surfaces.

National health leaders have noted the decline in monkeypox infections throughout the country, but said low-level transmission of the virus could continue indefinitely in the U.S. That would be a change from what’s been commonplace before the current outbreak, when the virus was rarely found in North America.

Below is a map of Michigan’s reported monkeypox cases as of Tuesday. Hover over a county to see how many known cases have been identified.

Can’t see the map? Click here.

As of Tuesday, Oct. 11, there were 26,778 total cases identified across the U.S. It’s an increase of less than 3% from last week.

California leads all states with 5,135 cases, followed by New York with 4,010, Florida with 2,608, and Texas with 2,444. Michigan ranks 18th in cases, slightly behind Ohio (290) and ahead of Nevada (268).

Michigan has not identified any deaths linked to monkeypox. Nationally, there have been two reported deaths, according to the CDC, and both individuals were considered severely immunocompromised.

The JYNNEOS vaccine, which offers protection against monkeypox, smallpox and other such infections, is recommended for individuals 18 and older who are at high risk for monkeypox infection. Last month, researchers found that males 18 to 49 years old who were eligible for a vaccine and got one were 14 times less likely to get monkeypox versus those who didn’t get vaccinated, according to the CDC.

If you believe you’ve been exposed to the virus and/or start experiencing symptoms, contact a health care provider or your local health department. For the latest updates on the 2022 monkeypox outbreak, visit the CDC website or Michigan’s monkeypox web page.","['metro', 'latest', 'detroit', 'barry', 'monkeypox', 'cases', 'county', 'michigans', 'michigan', 'identified', 'virus', 'reported', 'infections', 'health', 'week', 'vaccine', 'total', 'symptoms', 'outbreak', 'map', 'linked', 'individuals', 'deaths', 'counties', 'contact', 'cdc', 'added', '18', 'youve', 'york', 'whats', 'weekcalifornia', 'website', 'web', 'wayne']",0,0,0,0,0,0,0
98,2385475586,2022-08-04 14:46:04,AZCentral,Biden administration declares monkeypox a public health emergency,http://rssfeeds.azcentral.com/~/705237800/0/phoenix/nation~Biden-administration-declares-monkeypox-a-public-health-emergency/,"Maureen Groppe Karen Weintraub

USA TODAY

WASHINGTON – The monkeypox outbreak that has infected more than 6,600 people in the United States is a public health emergency, the Biden administration declared Thursday, a move that could make it easier to tap funding and wield the federal bureaucracy to combat the once-rare disease.

The declaration came more than a week after the head of the World Health Organization, on July 23, said the ""extraordinary” situation qualifies as a global emergency.

The administration has been criticized for not moving more quickly – repeating some of the same mistakes that plagued the U.S. response to COVID-19 – and Thursday's move is intended to help get ahead of the virus spread.

While the disease is being transmitted primarily among men who have sex with men, former U.S. Surgeon General Jerome Adams told USA TODAY July 21 it's only a matter of time before the outbreak spreads in the population more broadly.

The declaration allows the federal government to move faster to combat the outbreak and stigma against the community of men who have sex with men, said Dr. Demetre Daskalakis, deputy coordinator of the newly created White House National Monkeypox Response team.

Prep for the polls: See who is running for president and compare where they stand on key issues in our Voter Guide

""This is a very clear statement of the value of the lives of people who are in the LGBTQ community,"" he said. ""It also represents an important commitment by the administration to the community.""

Another example of how the Biden administration hopes to take more aggressive action is seeking to extend the reach of available vaccinations. Although supplies of the Jynneos vaccine have fallen short of demand, administration officials said they expect more to be available soon.

In addition to doses on order from manufacturer Bavarian Nordic, Dr. Robert Califf, head of the Food and Drug Administration, said Thursday that his agency is considering changing the way the vaccine is administered.

By injecting the vaccine just below the skin, the same amount of vaccine could yield as many as five times as many doses, Califf said in the news conference Thursday. The emergency declaration means the agency can dispense with some requirements to expedite the new approach.

The latest

The disease, a milder cousin of smallpox, was first found in the U.S. in mid-May. It has spread to 87 countries, 80 of which have not historically seen the disease.

Monkeypox is transmitted person-to-person, usually through close contact with infected skin lesions or recently contaminated objects, such as sheets and clothing.

Nearly all cases reported in the U.S. have come through male to male sexual contact, according to the Centers for Disease Control and Prevention.

Vaccines can be used to prevent monkeypox both before and after exposure but there haven't been enough available.

As of Thursday, the Biden administration had shipped more than 600,000 doses of the Jynneos monkeypox vaccine across the country.

Top takeaways

Unlike COVID-19, monkeypox is not a new disease, and it's not as transmissible. But officials are running into some of the same issues in combating monkeypox they faced at the start of the pandemic.

For example, testing for monkeypox was initially difficult in the U.S. because laboratories were not equipped for it. Today, only about 10% of the U.S. testing capacity is being used, according to CDC Director Dr. Rochelle Walensky.

Identifying cases of monkeypox through testing and then contact-tracing remains key to stopping community spread, according to WHO Director-General Tedros Adhanom Ghebreyesus. Vaccines also are an important strategy, he said when declaring the global emergency.

Why declare an emergency?

Declaring the virus a public health emergency raises awareness, frees up money, removes some bureaucratic barriers and enables the federal government to collect more data from states on the outbreak, officials said Thursday.

It also allows the FDA to quickly change the way the vaccine is administered, vastly increasing the number of available shots.

Who's eligible for vaccination?

The people at highest risk for infection are being prioritized for vaccination, including people living with HIV, men who have sex with men and people who are already eligible for preventive HIV therapy, Walensky said.

That includes about 1.7 million Americans, she said.

About 600,000 doses have been made available, and nearly the same number is due to arrive shortly, administration officials said.

""If you have the opportunity to get the Jynneos vaccine, please consider getting it immediately,"" Califf said.

Delivering the vaccine to a shallower layer of the skin would allow five people to be vaccinated from the same vial now used for each person. Califf said the new route of administration is just as easy to deliver as well as safe and effective. ""We're very confident about the administration of the dose.""

The FDA will make a final decision about whether to change the shots within the next few days, he said.

What about treatments?

An antiviral called TPOXX is available to patients with monkeypox, though it has sometimes been hard to access during the outbreak.

TPOXX was initially approved to treat smallpox, which kills 30% to 50% of its victims, and has only been studied in healthy people, not those who are infected with monkeypox.

Califf said it is ""critical"" to collect data on how the antiviral is performing during the outbreak, and the FDA is planning a clinical trial now.

Monkeypox symptoms

Symptoms can begin to appear seven to 14 days after exposure and include fever, muscle aches, exhaustion and a rash or lesions, which can be extremely painful, with some patients requiring hospitalization. The lesions can be extremely painful, with some patients requiring hospitalization.

While it can be fatal in areas with poor medical care, five deaths have been reported worldwide, none in the U.S. outbreak.

What they're saying

""We don't have the capacity we need,"" Adams told USA TODAY July 21, ""but we're seeing it gradually start to build up, and experts such as myself are calling on the CDC and the federal government to do more, to increase testing, to increase vaccines and to increase communication about monkeypox.""

""While this outbreak is spreading in a particular social network right now, I think we've messaged from the start that there could be cases that occur outside those networks and that we need to be vigilant for it and ready to respond,” said Jennifer McQuiston, the deputy director of the Division of High Consequence Pathogens and Pathology at the CDC.

""We continue to marshal forward the tools we need to make sure we can take on monkeypox and keep it from spreading to the point of becoming endemic,"" said Xavier Becerra, secretary, Department of Health and Human Services.

Want to know more? Here's what you missed

Early opportunities missed to stop the outbreak: After repeating early COVID mistakes, US now has the world’s biggest monkeypox outbreak.

Avoiding stigma: Monkeypox is spreading through sex, but it's not an STI. Why calling it one is a problem.

Monkeypox now a 'global emergency':US needs to step up, says former surgeon general.

Monkeypox is not a gay disease:But LGBTQ leaders say they need more help for gay men and everyone else

Here's what to know:As monkeypox outbreak spreads, CDC pledges more vaccines.

More:Public health clinics running out of monkeypox vaccine as lines form and systems crash

Contributing: Rebecca Morin, Elizabeth Weise

Featured Weekly Ad","['public', 'declares', 'monkeypox', 'administration', 'health', 'emergency', 'biden', 'vaccine', 'outbreak', 'men', 'testing', 'sex', 'officials', 'federal', 'doses', 'disease', 'califf', 'today', 'start', 'spreading', 'skin', 'running', 'patients', 'lesions', 'jynneos', 'infected', 'increase', 'global', 'fda', 'dr', 'declaration', 'community', 'cdc', 'cases', 'virus']",0.95,0.4,0.5,0.8,0.9,0,0.65
99,2330599153,2022-06-06 14:48:08,AOL News,Monkeypox now in 12 states: These pictures can help identify symptoms,https://www.today.com/health/health/monkeypox-pictures-symptoms-rcna30113,"Will an mpox outbreak return this summer? These pictures can help identify symptoms

Mpox cases have increased in Chicago in recent weeks, prompting some concern that the summer months could lead to another outbreak.

Cases of mpox, the disease formerly known as monkeypox, peaked in July and August last year in the U.S. and have drastically declined since, with a seven-day average of zero new cases in late April, per data from the Centers for Disease Control and Prevention. But a growing number of cases in Chicago have authorities concerned that the summer could bring another nationwide mpox outbreak. Familiarizing yourself with mpox aka monkeypox pictures and symptoms can help keep your community safe.

On Monday, Howard Brown Health, an LGBTQ-focused clinic in Chicago, shared that it had seen eight new cases of mpox since April 17, compared to one case in the previous three months. This marks the city's highest number of new cases since November 2022. Infections that spread through sexual contact tend to increase during the summer, and NBC News reported there's concern among experts that this could happen with mpox cases, as well.

The mpox virus spreads through close, usually skin-to-skin contact and results in a rash and flu-like symptoms, such as fever, aches, sore throat and cough. The 2022 outbreak was driven primarily by sex between men, but it can also spread outside this community.

Over the past three weeks, eight countries have had a slight increase in new mpox cases, said Dr. Rosamund Lewis, the technical lead for mpox at the World Health Organization. Many of the new cases are in people who have received vaccines against mpox.

While breakthrough cases with mpox are possible, experts stress that vaccines can reduce the severity of symptoms and are crucial to prevent a resurgence of the virus.

“Without renewed vaccination and prevention efforts, we are at risk for a resurgence of mpox,” Dr. Demetre Daskalakis, the deputy coordinator of the White House national mpox response, told NBC News. “Vaccine is a really important tool, even if it’s not perfect.”

It's possible that vaccines and immunity from previous infections could prevent another outbreak the size of last year's, NBC News reported. But it's unclear how much immunity is needed and whether people will return to sexual behaviors that they stopped last year to curb the spread of the outbreak.

Still, it's not yet time to panic about a possible surge of mpox cases, Daskalakis said. Rather, the new cases in Chicago should be a ""call to action,"" he added. “We have the tools to take care of this,” he said. “We just have to get it done.”

The monkeypox outbreak first hit the U.S. in May 2022, and cases ticked up rapidly over the summer, hitting a peak of 736 new cases in one day in late August, per CDC data. The U.S. has had more cases than any other country — over 30,000 — and 42 deaths.

Once September hit, the number of new mpox cases in the U.S. dropped. The seven-day average of reported new cases hit 100 on Sept. 28, 2022, down from 471 just seven weeks prior.

The decrease, driven by declining rates in major cities like New York and Los Angeles, may've been due to vaccines and the most at-risk communities changing their behavior. People of color have being disproportionately affected by the outbreak.

The monkeypox outbreak was declared a national public health emergency in the U.S. in early August, shortly after the World Health Organization also declared it a public health emergency of international concern, its highest alert.

Monkeypox pictures and rash

Mpox is a rare disease that’s usually found in Central and West Africa. In humans, there are two types of mpox virus, which WHO recently renamed: clade one, formerly known as the Congo Basin variant, and clade two, formerly known as the West African clade. Clade two drove the 2022 outbreak and has a survival rate of 99% whereas clade one has a 10% fatality rate.

Monkeypox symptoms usually appear within three weeks of exposure. Usually, flu-like symptoms will appear first, followed by a rash one to four days later. The rash may be on or near the genitals or anus, as well as other parts of the body, such as the hands, feet, chest, face or inside the mouth, according to the CDC. The illness typically lasts two to four weeks.

Some of the most common mpox symptoms reported in the current outbreak have been lesions around the genitals and anus, fever, swollen lymph nodes, oral sores and pain when swallowing, per WHO. In some patients, the rash has appeared before flu-like symptoms, and it only affected one part of the body, such as the genitals. (In other patients, it started around the genitals or anus and then spread.)

A recent study in the journal BMJ found that almost half of the 197 participants, all of whom had tested positive for mpox, had lesions on the skin or mucus membranes as their only symptom, or their systemic symptoms, like fever, appeared after the lesions. The study authors also noted the ""predilection"" of the lesions to the genital and anal areas, as well as in and around the mouth and throat. Also, some patients had solitary lesions that did not spread.

The study authors theorized that these trends may be due to the virus spreading from sex and the rash popping up where the virus entered the body as the first symptom. Most cases in the outbreak have been tied to sex between men, another study found.

The first U.S. monkeypox case was in May in a Massachusetts man who’d traveled to Canada, and his rash first appeared around his anus and genitals, according to a June CDC report. Also this past May, a New York City resident with mpox was treated for an oral lesion and rash around the anus initially presumed to be a common sexually transmitted infection. Another mpox patient in New York City told TODAY.com that their symptoms started out like the flu before sores appeared on the face and anus.

What does monkeypox look like?

Many mpox patients have been sharing pictures and videos of their symptoms to raise awareness and stem the spread. A 40-year-old man from Texas who goes by Silver Steele on social media shared a photo timeline of his mpox rash, which has gone viral. He told TODAY.com his first symptom was a few small blisters; a few days after they appeared, he experienced flu-like symptoms.

Prior to this pandemic, mpox symptoms usually began with fever, headache, back aches and lethargy lasting one to two days, according to Lewis. Traditionally, next a rash will appear, which starts as red discoloration in the skin. It usually starts on the face and then progresses to the arms and legs, then hands and feet, and then the rest of the body. This phase also lasts one to two days. Next comes what are referred to as papules, when the rash becomes raised on the skin, instead of flat. This also lasts one to two days.

Next is the vesicle phase, or as Lewis called them, “blisters,” when lesions are raised and filled with clear fluid, usually starting on the fourth or fifth day of symptoms and lasting another one to two days.

Vesicles are followed by pustules, when the blisters “fill with a whitish fluid that looks like pus,” Lewis said, usually around the sixth or seventh day of symptoms. According to the CDC, they’re usually “firm to the touch,” develop a dent in the center (called an umbilication) and last an additional five to seven days. (The BMJ study on symptoms in the 2022 monkeypox outbreak noted that some participants' lesions did not become pustular or ulcerated.)

After about two weeks of symptoms, the lesions then start to crust and scab over, and the scabs last for another week before falling off. Scars and skin discoloration may persist after the scabs are gone, but you’re no longer contagious after the scabs have all fallen off.

How is monkeypox transmitted

Mpox symptoms are similar to those of smallpox, including fever, headaches, muscle aches, chills exhaustion and a rash similar to pimples or blisters, which can pop up on the face, in the mouth, on the hands, feet, chest, genitals or anus. But mpox is much less contagious than smallpox. There is no specific treatment for mpox, but the smallpox vaccine, antivirals and other treatments can be used to control an outbreak.

According to the CDC, the mpox virus spreads primarily through direct contact with the sores or bodily fluids of someone infected with mpox or materials that have come in contact with bodily fluids or sores of an infected person. It may also spread through contact with respiratory secretions. These methods of transmission may occur during intercourse or other sexual contact, such as kissing, massaging or hugging, or through prolonged face-to-face interactions.

It's still unknown whether mpox can spread if a person was exposed but doesn't have any symptoms, how often it's spread through respiratory secretions, or if it can spread through semen, vaginal fluids, urine or feces.

To prevent the spread of monkeypox, the CDC recommends:

Avoiding skin-to-skin contact with people who have a rash that looks like mpox

Not touching the rash or scabs of person with mpox

Not kissing, hugging, cuddling or having sex with someone with mpox

Not sharing eating utensils or cups with a person with mpox

Not touching bedding, towels or clothing of a person with mpox

The virus can also spread from animals to humans through a bite or scratch by handling wild game or using products made from infected animals. And there's reason to believe mpox can spread from humans to animals, TODAY.com previously reported. Medical journal The Lancet recently investigated the ""first case of a dog with confirmed mpox virus infection that might have been acquired through human transmission."" No cases had been reported in domesticated animals prior, the study authors noted.

Monkeypox vaccines

The Jynneos vaccine appears to be effective at protecting against mpox, according to CDC data, which found that unvaccinated men eligible for the vaccine were 14 times more likely to develop mpox than men who'd received at least one dose. Roughly 800,000 doses have been administered in the U.S. to people at high risk of becoming infected with mpox.

The CDC recommends anyone exposed to mpox or with an increased risk of exposure be vaccinated against it.

If you're concerned that you've been exposed to mpox or have monkeypox symptoms, visit a heath care provider, the CDC advises. If you believe you have mpox symptoms, you should also avoid contact with other people and animals until you test negative.","['monkeypox', 'identify', 'symptoms', 'pictures', 'mpox', 'cases', 'rash', 'spread', 'outbreak', 'cdc', 'lesions', 'contact', 'virus', 'study', 'reported', 'genitals', 'anus', '2022', 'weeks', 'summer', 'person', 'health', 'fever', 'days', 'clade', 'appeared', 'animals', 'vaccines', 'vaccine', 'sores', 'skin', 'sex', 'scabs', 'patients', 'mpoxnot']",0.8,0,0,0.15,0.73,0,0.43
