"stories_id","media_name","title","url","text","keywords"
2312867435,"livescience.com","Rare monkeypox infections detected in several European countries","https://www.livescience.com/monkeypox-outbreak-europe/","Seven cases of monkeypox have been confirmed in London and northeastern England, only one of which was linked to travel outside of the country, health officials said. Current evidence hints that the rare disease may now be spreading in the local community, according to the U.K. Health Security Agency (UKHSA).

This viral spread, if it is occurring, could potentially extend beyond the U.K. and affect people in other countries, U.S. health officials warned on Tuesday (May 17), according to STAT. This concern was validated on Wednesday, when two more European countries announced suspected and confirmed cases of the disease, STAT reported on May 18. These countries include Spain, where eight potential cases are under investigation, and Portugal, where five cases have been confirmed and more than a dozen probable cases have been identified.

Monkeypox is a rare infection caused by a poxvirus that belongs to the same family and genus as the variola virus, which causes smallpox, according to the Centers for Disease Control and Prevention (CDC). The infection initially causes symptoms of fever, headache, muscle aches, exhaustion and swollen lymph nodes; rashes then appear on the face and spread over the body, eventually giving rise to patches of discoloration, blisters, scabs and raised bumps on the skin. In Africa, where the disease is endemic, the infection is fatal in an estimated 10% of cases, but in the majority of cases, the illness remains mild and resolves in about two to four weeks.

Historically, cases of monkeypox outside of Africa have been linked to international travel or animal imports, according to the CDC. (African rodents and non-human primates can carry the virus.) However, the source of the six non-travel-related infections in the U.K. remains a mystery, and it's unknown whether the newfound cases in Spain and Portugal are related to the U.K. infections, according to STAT.

Related: 20 of the worst epidemics and pandemics in history

""This is rare and unusual,"" Dr. Susan Hopkins, chief medical adviser for the UKHSA, said in the statement released Monday (May 16). ""UKHSA is rapidly investigating the source of these infections because the evidence suggests that there may be transmission of the monkeypox virus in the community, spread by close contact.""

In general, the monkeypox virus does not spread easily between people but can enter the body through contact with broken skin, the respiratory tract or the mucous membranes of the eyes, nose or mouth, according to the CDC. Transmission between people is thought to occur mostly through large respiratory droplets, meaning drops of spit and mucus imbued with viral particles.

""Respiratory droplets generally cannot travel more than a few feet, so prolonged face-to-face contact is required"" for transmission to occur, the CDC said. However, people can also pick up the virus from contaminated objects, particularly clothing and linens, or by coming into contact with contaminated bodily fluids with broken skin.

Earlier in the month, on May 7, UKHSA reported a case of monkeypox that was linked to travel; in that case, the infected person picked up the infection while in Nigeria, the agency stated. UKHSA worked with the National Health Service (NHS) to notify people who might have been in close contact with the infected person; they identified no additional cases through this investigation.

Following the detection of this travel-related infection, the UKHSA identified two people in a London household who'd also contracted monkeypox; however, these infections were not linked to the initial travel-related case, UKHSA announced on May 14. Then, on May 16, the agency announced four more monkeypox cases — three in London and one in Newcastle — that had no known connection to any of the previous cases.

""Investigations are underway to establish links between the latest 4 cases, who all appear to have been infected in London,"" the UKHSA statement states. ""All 4 of these cases self-identify as gay, bisexual or other men who have sex with men."" So far, common contacts have been identified for two of these four cases.

The overall risk of contracting the virus remains low amongst the general public, as again, the pathogen requires prolonged close contact to spread, according to the UKHSA statement. However, ""we are particularly urging men who are gay and bisexual to be aware of any unusual rashes or lesions and to contact a sexual health service without delay,"" Hopkins said.

(The Spanish news outlet El País reported that the eight suspected cases in Spain were intitially flagged at a clinic that treats sexually transmitted diseases.)

As the U.K. launched its investigation into the nation's monkeypox cases, CDC officials raised concerns that there may be multiple chains of transmission rippling through the country, only some of which have been detected, STAT reported.

""You have two clusters that have no link to travel or to other people who are known to be associated with a recognized outbreak. It suggests that there are unknown chains of transmission happening,"" Dr. Jennifer McQuiston, a senior CDC official, told STAT earlier this week. ""If there appears to be unknown chains of transmission, it just puts us on alert to be thinking: Could this be spreading outside the U.K.?"" Now, there's reason to believe it is.

In anticipation of potential spread to the U.S., the CDC may issue an alert to health care facilities, and in particular, clinics that treat sexually transmitted diseases, to be on the lookout for potential monkeypox cases, McQuiston told STAT.

Originally published on Live Science.","['european', 'detected', 'monkeypox', 'infections', 'rare', 'countries', 'cases', 'ukhsa', 'cdc', 'virus', 'uk', 'transmission', 'spread', 'health', 'contact', 'travel', 'infection', 'stat', 'london', 'linked', 'disease', 'unknown', 'statement', 'spain', 'reported', 'remains', 'potential', 'officials', 'men', 'infected', 'identified', 'confirmed', 'close', 'chains', 'case']"
2312918984,"ABC News","1st US case of monkeypox this year identified","https://abcnews.go.com/Health/massachusetts-man-tests-positive-monkeypox/story?id=84817514","A Massachusetts resident has tested positive for monkeypox, health officials confirmed Wednesday, making it the first case of the rare virus detected in the United States this year.

According to a release from the Massachusetts Department of Public Health, the patient is an adult male who recently traveled to Canada. The department completed initial testing Tuesday and was confirmed by the Centers for Disease Control and Prevention.

""The case poses no risk to the public, and the individual is hospitalized and in good condition,"" MDPH stated in a press release. ""DPH is working closely with the CDC, relevant local boards of health, and the patient’s health care providers to identify individuals who may have been in contact with the patient while he was infectious.""

The New York City Department of Health announced Thursday that it was investigating a possible case of monkeypox. The patient is being cared for at Bellevue Hospital and all appropriate isolation measures are being followed, according to the department. The patient's tests will be sent to the CDC for confirmatory testing, the department said.

It comes after four more cases of monkeypox were identified in the U.K recently, bringing its nationwide total to nine since the beginning of May.

The resident was admitted to Massachusetts General Hospital in Boston on May 12 and ""during the course of their admission they were identified as a possible monkeypox suspect,"" Dr. Erica Shenoy, associate chief of the hospital's infection control unit, told reporters during a briefing Wednesday.

Hearing about cases of monkeypox in the U.K. encouraged doctors to ""think more broadly about the patient's diagnosis,"" Shenoy said.

Hospital officials said they are unaware of any cases in Canada at this time and do not know where the resident may have contracted the disease.

Monkeypox is a rare disease caused by the monkeypox virus. The first case among humans was recorded in the Democratic Republic of the Congo in 1970, and the illness has since spread to several other nations, mostly in central and western Africa.

It can transmit from animals to humans when an infected animal -- such as a rodent or a primate -- bites or scratches a person. The CDC said humans can also be infected when hunting wild animals or preparing bush meat for consumption.

The disease can also spread from person to person via large respiratory droplets in the air, but they cannot travel more than a few feet, so two people would need to have prolonged close contact.

The most common symptoms are fever, headache, fatigue and muscle aches.

Very few cases of monkeypox have been identified among Americans.

According to the CDC, the disease does not naturally occur in the U.S. Infections are usually identified among people who recently traveled to countries where monkeypox is more commonly found.

In 2003, 47 confirmed and probable cases were reported in six U.S. states, the first human cases reported outside of Africa.

All the infections occurred after coming into contact with pet prairie dogs, which in turn became infected ""after being housed near imported small mammals from Ghana,"" the CDC stated.

Since then, just two other cases have been detected in the U.S., both associated with travel.

In July 2021, a case was confirmed in a Texas resident who had recently returned from Nigeria and in November 2021, another case was found in a Maryland resident who had also traveled to Nigeria.

ABC News' William Gretsky contributed to this report.","['1st', 'monkeypox', 'case', 'massachusetts', 'reported', 'cases', 'resident', 'health', 'department', 'cdc', 'recently', 'identified', 'disease', 'confirmed', 'traveled', 'person', 'patients', 'patient', 'infected', 'humans', 'virus', 'uk', 'testing', 'states', 'spread', 'shenoy', 'release', 'rare', 'public', 'officials', 'infections', 'hospital', 'detected', 'control', 'contact']"
2314000856,"ABC News","Why experts say monkeypox is ‘very different’ from COVID","https://abcnews.go.com/Health/monkeypox-cases-detected-us-europe-experts-caution-comparing/story?id=84831037","Countries in Europe and North America are continuing to report more cases of monkeypox, but experts say the disease so far does not pose a serious risk to the public.

At least 17 infections of the rare disease have been confirmed in non-endemic areas such as the United States, United Kingdom, Portugal, Sweden and Italy, and dozens of possible cases are under investigation in those nations as well as in Canada and Spain.

Most cases occur when people encounter infected animals in countries where the virus is endemic -- typically central and western Africa as occurred with the outbreak's first case, reported in England on May 7 among a person who had recently traveled to Nigeria.

However, none of the remaining eight cases in the U.K had travel history and did not have contact with the patient who had visited Nigeria, according to the U.K. Health Security Agency, suggesting there is some level of community transmission.

Similarly, the first infection recorded in the U.S. was in an adult male from Massachusetts who had recently traveled to Canada, and now at least 17 cases are being investigated by Canadian authorities.

Health experts stress the risk to the public remains low and most people don't need to be immediately fearful of contracting the illness.

""​​It is a virus in a very different class from COVID-19,"" Dr. Shira Doron, an infectious disease physician and hospital epidemiologist at Tufts Medical Center in Boston, told ABC News. ""It predominantly lives in animal reservoirs so it sort of by accident gets to humans and it may cause sporadic illness or relatively small outbreaks.""

Monkeypox is a rare disease caused by the monkeypox virus, which was first identified by the Centers for Disease Control and Prevention in 1958 in monkeys being kept for research.

The first human case was detected in 1970 in the Democratic Republic of the Congo.

""It's important to note this is not a new virus,"" said Dr. John Brownstein, an epidemiologist at Boston Children's Hospital and an ABC News contributor. ""This has been around for a long while. It's mostly endemic in parts of western Africa but you will occasionally see it in other parts of the world.""

People are typically infected by animals through a bite or a scratch or through preparation and consumption of contaminated bush meat.

The disease can also spread from person-to-person via large respiratory droplets in the air, but they cannot travel more than a few feet so two people would need to have prolonged close contact.

""It transmits through large droplets, which don't travel very far, or through contact with lesions themselves or touching someone with bed linens or clothes or recent contact with lesions,"" Doron said. ""It's not something you get without very close intimate contact, which is why it doesn't tend to cause outbreaks.""

She added this transmission route is different from that of COVID-19, which is spread through small aerosols that can hang in the air for several minutes.

""Aerosols are not subject to gravity but large droplets, they get pulled to the ground,"" Doron said. ""Also, monkeypox isn't an illness that is transmitted during the asymptomatic phase, which is what made COVID such a formidable foe.""

Monkeypox generally is a mild illness with the most common symptoms being fever, headache, fatigue and muscle aches.

Patients can develop a rash and lesions that often begin on the face before spreading to the rest of the body.

""It starts out as spots, then small blisters like you'll see with chickenpox, then pus-filled blisters and then they scab over,"" Doron explained. ""It's a long illness. It lasts a few weeks, but you can be contagious for several weeks and contagious until the blisters scab over.""

ABC News confirmed Thursday the CDC is monitoring six Americans who were on the same flight as the British patient who tested positive after traveling to Nigeria.

""They will be followed by health officials for 21 days following their last possible contact with the ill traveler,"" the CDC said in a statement. ""None of the six have any symptoms of monkeypox and the risk for them is very low.""

Health officials said it is likely that more cases will emerge either in the U.S. or in other countries, but that Americans should not be concerned.

""We will find more cases,"" Brownstein said. ""There is now heightened public awareness and clearly there will be more clinicians that will be able to recognize the symptoms.""

He continued, ""But for now, there's nothing to suggest this will have anywhere near the same global impact as COVID-19. The risk to the general public is low.""

ABC News' Sony Salzman contributed to this report.","['experts', 'europe', 'detected', 'comparing', 'caution', 'cases', 'monkeypox', 'covid19', 'disease', 'contact', 'virus', 'risk', 'illness', 'doron', 'travel', 'small', 'public', 'lesions', 'large', 'droplets', 'countries', 'blisters', 'western', 'weeks', 'united', 'uk', 'typically', 'traveled', 'symptoms', 'spread', 'scab', 'report', 'recently', 'rare', 'patient']"
2315108540,"livescience.com","Monkeypox outbreaks: Here's everything you need to know","https://www.livescience.com/monkeypox-outbreaks-faq/","Mpox, formerly known as monkeypox, is a disease caused by the mpox virus, a pathogen closely related to variola virus, which causes smallpox. Mpox and smallpox infections trigger similar symptoms, but mpox tends to be far milder by comparison.

Why is there a new name for monkeypox?

On Nov. 28, 2022, the World Health Organization (WHO) announced that the agency would be phasing out use of the term ""monkeypox"" and instead call the virus and the disease it causes ""mpox.""

During the 2022 mpox outbreak, various scientists and public officials raised concerns that the previous name erroneously suggested that monkeys serve as the primary mpox reservoir in the wild and the main source of mpox infections in people. In reality, rodents are likely the main reservoir of the virus and the pathogen can jump to and spread between people via various routes.

Experts also argued that the term ""monkeypox"" unnecessarily linked the virus to Africa, and by extension, fed into the idea that the disease is exclusive to Africa and to African people. ""Monkey"" has also long been used as a racial slur against Black people, furthering the stigmatizing potential of the term.

In line with the shift to ""mpox"" over ""monkeypox,"" in August 2022, the WHO also renamed the two major clades, or related groups, of mpox viruses. They were previously known as the ""Congo Basin"" or ""Central African"" clade and the ""West African"" clade, and now, they're called Clade I and Clade II.

What is the mpox virus?

The mpox virus belongs to the Orthopoxvirus genus within the Poxviridae family of viruses. Other viruses in the Orthopoxvirus genus include the viruses that cause variola (smallpox), cowpox and camelpox, according to the Centers for Disease Control and Prevention (CDC).

According to the World Health Organization (WHO), there are two distinct clades — or genetically related groups — of mpox viruses: Clade I and Clade II. Evidence suggests that Clade I is more likely to cause severe and fatal disease, and also may be more transmissible, than Clade II.

Mpox was first discovered in 1958, when laboratory monkeys at the Statens Serum Institute in Copenhagen, Denmark, came down with a pox-like illness, according to the WHO. The first known human case was identified in 1970 in a 9-month-old boy living in the Democratic Republic of the Congo.

Despite the virus's name, monkeys and other nonhuman primates are likely not the pathogen's main hosts, although this still needs to be confirmed, according to the WHO. Rather, rodents are thought to be the natural reservoir for the mpox virus in the wild. Although primates, including humans, are susceptible to the virus, they are incidental hosts, meaning they can become infected but don't serve as a constant ""reservoir"" for the virus.

Among African rodents, mpox infection has been documented in rope squirrels, tree squirrels, Gambian pouched rats and dormice. And in 2003, scientists learned that prairie dogs are also susceptible to mpox infection, after prairie dogs in the U.S. caught the virus, according to the CDC. The prairie dogs had been housed near imported small mammals from Ghana, including several rodent species that were later found to be infected with mpox. The prairie dogs were sold as pets and ended up spreading the mpox virus to dozens of people in six states.

Where does mpox spread?

Mpox regularly circulates in several Central and West African countries, meaning the disease is ""endemic"" in those areas. Those countries include the Democratic Republic of the Congo, the Republic of the Congo, Nigeria, the Central African Republic, Cameroon, Côte d'Ivoire, Gabon, Liberia, Sierra Leone and Sudan, according to the CDC.

The 2003 mpox outbreak in the U.S. marked the first time that human cases of mpox had been reported outside of Africa, the CDC states. Between 2003 and 2022, cases of mpox had been reported sporadically in non-endemic countries — including the United Kingdom, Israel and Singapore — but the majority of these cases were linked to travel to an endemic country or exposure to imported animals from an endemic country.

Then, in 2022, mpox began spreading in non-endemic countries at unprecedented levels. The first cases were detected in London in May, and by mid-July, more than 16,000 cases had been reported in 75 countries and territories; the scale of the spread prompted the WHO to declare the outbreak a public health emergency of international concern.

What are the symptoms of mpox?

The incubation period for mpox — or the time it takes to develop symptoms following an exposure — is roughly one to two weeks. Typically, mpox infections start with flu-like symptoms, including the following:

Fever

Headache

Muscle aches

Fatigue

Swollen lymph nodes; this swelling may appear in multiple locations, such as the neck and armpit.

Then, the characteristic ""pox"" rashes begin to appear, usually around the face and in the oral cavity, and later, on the extremities, including the palms of the hands and soles of the feet. These rashes can resemble those caused by the Varicella zoster virus, which causes chickenpox, and they can also look like those caused by certain sexually transmitted infections, such as syphilis and herpes.

Mpox rashes progress through several stages, starting out as discolored patches of skin and then forming into raised bumps, blisters, and large, pus-filled pimples that eventually scab over and fall off. In severe cases, separate skin rashes can coalesce to form one huge lesion that causes large amounts of skin to slough off at once, according to the WHO.

In the 2022 outbreak, however, some patients' symptoms have diverged from the normal pattern. For example, some patients developed flu-like symptoms after their skin rashes or didn't experience flu-like symptoms at all, the CDC reported in June. Some patients initially developed rashes around the genitals and anus, and these skin lesions caused symptoms of painful inflammation and rectal bleeding. Sometimes, patients have had rashes in different stages of progression at the same body site, which is unusual.

In most cases, the symptoms of mpox remain fairly mild and resolve in two to four weeks. However, some groups — including children younger than 8, people with weakened immune systems or a history of eczema, and people who are pregnant or breastfeeding — face a greater risk of developing severe mpox infections than the general public, according to the CDC.

Mpox infections can sometimes result in severe complications, including secondary infections; inflammation of the air sacs in the lungs (bronchopneumonia); an extreme, full-body immune response (sepsis); inflammation of the brain (encephalitis); and infection of the cornea with ensuing loss of vision, according to the WHO.

Photos of mpox rashes

Is mpox deadly?

Clade I mpox viruses are linked to a higher risk of severe disease and death than those in Clade II. Estimates of the case fatality rate for Clade I range between 6% and 10%, while estimates for Clade II range between 1% and 3.5%, according to the UCLA Fielding School of Public Health.

The 2022 outbreak has been driven by Clade II viruses. As of July 23, when the WHO declared the 2022 outbreak a public health emergency, there were five reported deaths out of more than 16,000 cases, worldwide.

How does mpox spread?

Mpox can spread from animals to humans when people come into contact with the blood, bodily fluids, rashes or sores of infected animals, according to the WHO. People can also catch the virus if they are scratched or bitten by an infected animal, or if they consume undercooked meat or use products made from infected animals, according to the CDC.

Person-to-person mpox transmission can occur when people come into direct contact with an infected person's rashes, scabs or bodily fluids, including pus, mucus and saliva, or with materials contaminated with their bodily fluids, such as clothing or linens, the CDC states. ""Direct contact"" may include face-to-face, skin-to-skin, mouth-to-mouth or mouth-to-skin contact. It's not yet known whether the virus can spread through semen, vaginal fluids, amniotic fluids, breastmilk or blood, according to the WHO.

In general, the virus typically enters the body through broken skin, the respiratory tract or mucous membranes, which include tissues of the eyes, nose and mouth, according to the UCLA Fielding School of Public Health. In pregnant people, the virus can pass through the placenta to the fetus and also can be transmitted via close contact with newborns during and after birth.

The virus can also spread through respiratory droplets — meaning small drops of saliva and mucus — that are expelled from the mouth and come into contact with the mucus membranes of another person, but this route of transmission typically requires ""prolonged"" face-to-face contact.

The 2022 mpox outbreak has heavily impacted men who have sex with men, which raised questions (and disinformation) about whether the disease specifically spreads through sexual intercourse.

""While close physical contact is a well-known risk factor for transmission, it is unclear at this time if mpox can be transmitted specifically through sexual transmission routes,"" according to the WHO. ""Studies are needed to better understand this risk."" Again, more research is needed to know if the virus spreads through semen or vaginal fluid.

Mpox is much less infectious than its cousin smallpox. The reproduction number, or R-naught (R0), of smallpox is estimated to be between 5 and 7; that means a single infected person would infect five to seven people, on average, Joseph Eisenberg, professor and chair of epidemiology at the University of Michigan, wrote for The Conversation. By comparison, preliminary research suggests that the mpox viruses driving the 2022 outbreak have an R0 of about 0.8, at least among the general public, the WHO reported in June; however, in social networks where the virus is currently more prevalent, the R0 may be greater than 1.

How to prevent mpox transmission

The CDC offers the following tips to prevent the spread of mpox:

Avoid close, skin-to-skin contact with people who have a rash that looks like mpox.

Do not touch the rashes or scabs of a person with mpox.

Do not kiss, hug, cuddle or have sex with someone who has mpox.

Do not share eating utensils or cups with a person who has mpox.

Do not handle or touch the bedding, towels or clothing of a person who has mpox.

Wash your hands often with soap and water, or use an alcohol-based hand sanitizer.

Within Central and West Africa, avoid contact with animals that can spread the mpox virus, such as rodents and primates. Also avoid sick or dead animals, as well as bedding or other materials they have touched.

What to do if you've been exposed or have symptoms

People who have been exposed to a known mpox case should monitor their symptoms for 21 days following the exposure, the CDC advises. In particular, they should monitor for fever, chills, swollen lymph nodes and new skin rashes. If any of these symptoms develop, these individuals should self-isolate and contact their heath care provider and the local or state health department for further guidance. At that point, individuals may be directed to seek diagnostic testing, and doctors should evaluate whether they're at risk for severe disease or require treatment in a hospital.

People who have recently been exposed to mpox also may be given one of two vaccines — JYNNEOS or ACAM2000 — to reduce the severity of their symptoms or to prevent the illness altogether, according to the CDC. ""CDC recommends that the vaccine be given within 4 days from the date of exposure in order to prevent onset of the disease,"" the agency's website says. ""If given between 4–14 days after the date of exposure, vaccination may reduce the symptoms of disease, but may not prevent the disease.""

(Note that known contacts of people who've tested positive for mpox may be eligible for vaccination before they develop symptoms, according to the CDC. This is part of a ""ring vaccination"" strategy, in which close contacts of an initial case are vaccinated to prevent onward transmission of the disease.)

People who test positive for mpox and don't require hospitalization should isolate at home, and when possible, stay in a separate room or area away from people or pets you live with until your symptoms resolve, as it's possible that humans can spread the virus to certain animals, the CDC says. If around others, infected people should wear a mask to prevent the spread of the virus via respiratory droplets, according to Michigan Health.

The WHO also suggests:

Using a separate bathroom, or cleaning after each use

Cleaning frequently touched surfaces with soap and water and a household disinfectant and avoiding sweeping/vacuuming (this might disturb virus particles and cause others to become infected)

Using separate utensils, towels, bedding and electronics

Doing your own laundry (lift bedding, clothes and towels carefully without shaking them, put materials in a plastic bag before carrying it to the washing machine and wash them with hot water)

Opening windows for good ventilation

Encouraging everyone in the house to clean their hands regularly with soap and water or an alcohol-based hand sanitizer.

Is there an mpox vaccine?

Some individuals may be eligible for vaccination against mpox. A vaccine called ACAM2000, originally designed to prevent smallpox, is at least 85% effective at preventing mpox when administered before exposure, the CDC states. In addition, JYNNEOS, a vaccine approved for both smallpox and mpox, is thought to be equally protective against the virus, based on clinical research and animal studies, according to the Johns Hopkins Bloomberg School of Public Health.

People are considered fully vaccinated about two weeks after their second shot of JYNNEOS and four weeks after receiving ACAM2000. As stated in the previous section, the vaccines may be given prior to exposure, to prevent infection, or after exposure to reduce the severity of people's symptoms or to prevent the infection from taking hold.

JYNNEOS is a newer vaccine and generally preferred over ACAM2000, which carries a risk of severe side effects in pregnant people, people with weakened immune systems, and those with certain skin conditions, including atopic dermatitis and eczema, according to the CDC.

Check the CDC website to see if you're eligible for mpox vaccination in the U.S.

Treatments for mpox

There are no drugs specifically approved to treat mpox, and many people recover without the need for specific treatment. However, in severe cases, patients may receive antiviral medications intended to treat other infections; for example, they may receive tecovirimat (brand name TPOXX), which is designed to treat smallpox and also works against other orthopoxviruses, according to the CDC.

Severe mpox infections also may be treated with Vaccinia Immune Globulin Intravenous (VIGIV), which contains antibodies taken from the blood of people who were immunized with the smallpox vaccine.

And as stated above, people who have recently been exposed to mpox also may be given a JYNNEOS or ACAM2000 vaccine to reduce the severity of their symptoms or to prevent the illness altogether, according to the CDC.

2022 mpox outbreak

In early May 2022, health officials in the U.K. reported several mpox cases in London and nearby areas, only one of which was linked to international travel. The case count in the U.K. then began to swell as officials in other European countries flagged their own cases, and the first cases in Canada and the U.S. were identified in mid-May.

More and more countries reported their own cases, and on July 23, the WHO declared the global outbreak to be a public health emergency of international concern. By that point, more than 16,000 cases had been reported in 75 countries and territories.

According to WHO data, the global rate of new mpox cases reached a peak in July and August and generally declined thereafter. As of Dec. 1, some countries continued to report new cases but were seeing much lower rates of illness than they did in late summer.

Check the CDC website for the current global and U.S. case counts.

","['vaccines', 'treatments', 'pictures', 'monkeypox', 'mpox', 'symptoms', 'virus', 'cases', 'cdc', 'contact', 'clade', 'spread', 'rashes', 'prevent', 'outbreak', 'disease', '2022', 'smallpox', 'men', 'viruses', 'reported', 'public', 'infections', 'including', 'health', 'countries', 'skin', 'severe', 'infected', 'exposure', 'risk', 'animals', 'transmission', 'sex', 'infection']"
2316015620,"Daily Beast","What Scientists Need You to Know About the Monkeypox Hysteria","https://www.thedailybeast.com/is-monkeypox-the-worlds-new-covid-19-scientists-make-judgment-call?source=articles&via=rss","As if one pandemic weren’t enough, a dangerous new virus is spreading all over the world. Starting around two weeks ago, monkeypox—a pathogen that originated in West and Central Africa and causes flu-like symptoms and a rash—cropped up in places where it’s not usually found.

Portugal, Spain, and the United Kingdom have reported a few dozen cases between them. And now the United States. Authorities in Massachusetts detected the infection Tuesday night, and the U.S. Centers for Disease Control and Prevention quickly confirmed it.

But don’t panic. The world has contained outbreaks of monkeypox before. And we’re even better prepared for the virus now that we’ve had three years of practice with the novel coronavirus.

“I'm not worried about anything resembling an outbreak,” Irwin Redlener, the founding director of Columbia University’s National Center for Disaster Preparedness, told The Daily Beast. He was using the epidemiological definition of outbreak, which is a sudden spread of an unusual disease, but in a small geographical area rather than globally.

The handful of monkeypox cases in a handful of countries don’t yet qualify as an outbreak, by many scientists’ standards. Could the virus spread to more people in more countries? Yes. But don’t expect it to be anything like the spread of COVID. “SARS-CoV is much more contagious than other infections,” Stephanie James, the head of a viral testing lab at Regis University in Colorado, told The Daily Beast.

Slower spread means authorities have more time to confirm cases, isolate the infected people and trace their recent contact with others. There isn’t a monkeypox-specific vaccine, but the virus is similar to smallpox, so smallpox vaccines should be reasonably effective—and a useful tool for blocking the pox’s transmission once contact-tracers have identified the people who are at risk.

That’s what happened in 2003, the last time monkeypox got a significant toehold in the United States–that time via pet rodents shipped to Texas from Ghana in West Africa. Forty-seven people fell sick, but a rapid response by state and federal health officials–and a few doses of smallpox vaccine—prevented anyone dying and quickly, albeit temporarily, eliminated the virus in the U.S.

Monkeypox, which first made the leap from monkeys or rodents to people in the Democratic Republic of Congo in Central Africa in 1970, flares up here and there from time to time—usually in Africa. But it rarely infects more than a couple of thousand people a year—and killed just 33 people during its most prolonged outbreak in the DRC between 1981 and 1986.

There are good reasons why monkeypox isn’t nearly as contagious as COVID. Where COVID spreads via very fine droplets of spit—the kind that all of us spew for yards in all directions every time we breathe, talk, laugh or cough—monkeypox prefers bigger droplets that don’t travel very far. It can spread via direct contact between the pathogen and an open wound, too, but that transmission pathway is even less likely than those big, fast-falling droplets.

The key to containing monkeypox is identifying it quickly so the isolation, contact-tracing and treatment can begin before the virus spreads too far. We were pretty good at that a generation ago. We’re even better at it now, thanks in no small part to COVID. “Most of the world is much better prepared for monkeypox than we were two and a half years ago,” Paul Anantharajah Tambyah, president of the Asia Pacific Society of Clinical Microbiology and Infection in Singapore, told The Daily Beast.

Testing is more sophisticated—not just for SARS-CoV-2 infections, but for a whole host of viral diseases. “I would like to think that we have learned how to conduct mass testing more efficiently,” James said. “PCR tests are actually easy as long as we have the correct reagents. We can also test for multiple viruses at the same time.”

We’re better at contact-tracing, too. Investigating people’s movements and relationships in order to map out who they’ve come in close contact with, and when, was a niche practice three years ago. Today many tens of thousands of health workers all over the world have experience with contact-tracing.

The general public is more alert, too. Sure, COVID-related restrictions on schools, business and travel irritate a lot of people. No one loves wearing a mask. Small but stubborn minorities in some countries even refuse to take the free, safe and effective vaccines that offer strong protection against the worst outcomes from a COVID infection.

But that recalcitrance belies the deep awareness most people now have when it comes to viral diseases. People are probably going to notice if a friend, neighbor or family member comes down with the pox—and they’re probably going to take it seriously. “The COVID-19 pandemic has shone a light on the critical importance of staying ahead of infectious disease threats instead of constantly chasing behind them,” Anne Rimoin, a professor of epidemiology at the UCLA Fielding School of Public Health, told The Daily Beast. “The world is now familiar with the terms ‘case investigation,’ ‘contact tracing’ and ‘genomic sequencing.’”

Perhaps most reassuringly, we’ve already got a vaccine. With COVID, we had to lock down and wait for a year before the first jabs were ready. But since the smallpox vaccine works on monkeypox, there’s no waiting.

If there’s a cause for concern in the recent spate of monkeypox cases, it’s that we don’t yet know exactly where and how it started. Pinpointing the origins of a viral spread obviously helps to contain it. “We need to figure out what's going on—quickly,” James Lawler, an infectious disease expert at the University of Nebraska Medical Center, told The Daily Beast.

“That said, in general, we think of monkeypox as much less lethal than smallpox, easier to control in terms of transmission and amenable to vaccines and antivirals,” Lawler added.

All this is to say, don’t worry. Unless a contact-tracer comes knocking (an unlikely proposition) or you notice weird blisters on your neighbor or yourself (even more unlikely), you don’t need to do anything differently. “The risk to the general public is very low,” Rimoin said.

Monkeypox is making one of its periodic comebacks. But this is one virus we’re really good at containing.","['scientists', 'hysteria', 'monkeypox', 'virus', 'dont', 'spread', 'covid', 'world', 'told', 'smallpox', 'daily', 'viral', 'outbreak', 'disease', 'contact', 'cases', 'ago', 'africa', 'vaccines', 'vaccine', 'united', 'transmission', 'small', 'quickly', 'public', 'james', 'health', 'good', 'general', 'countries', 'weve', 'west', 'university', 'travel', 'testing']"
2316706348,"Vanity Fair","Biden: Global Monkeypox Cases Are Something “To Be Concerned About”","https://www.vanityfair.com/news/2022/05/biden-global-monkeypox-cases-concern","President Joe Biden said Sunday that the recent uptick in confirmed cases of monkeypox in Europe and the United States was something “to be concerned about.”

The president was asked about the disease as he spoke to reporters at Osan Air Base in South Korea, where he visited troops before taking off for Japan to continue his first trip to Asia as president.

“They haven’t told me the level of exposure yet but it is something that everybody should be concerned about,” Biden said. “We’re working on it hard to figure out what we do and what vaccine, if any, might be available for it.”

Monkeypox, in the same virus family as smallpox, is rarely identified outside of Africa, according to the World Health Organization, but as of Friday, there were 80 confirmed cases worldwide, including at least two in the United States, and another 50 suspected ones.

In his first public comments on the disease, Biden added: “It is a concern in that if it were to spread it would be consequential.”

Jake Sullivan, Biden's national security adviser, told reporters traveling with the president to Japan that the U.S. has a supply of “vaccine that is relevant to treating monkeypox” and Biden was getting updated on the outbreak.

To date, the U.S. Centers for Disease Control and Prevention have two licensed smallpox vaccines, known by their brand names Imvamune and Imvanex, that studies show to be at least 85 percent effective against monkeypox.

Earlier this week, Bavarian Nordic, based in Copenhagen, announced that the U.S. government had activated an agreement to buy “a freeze-dried version of the smallpox vaccine [designed for monkeypox], thus allowing for the first doses of this version to be manufactured and invoiced in 2023 and 2024.”

Typically, most patients experience fever, body aches, chills, and fatigue. People with more serious illness may develop a rash and lesions on the face and hands that can spread to other parts of the body, according to the WHO.","['global', 'biden', 'monkeypox', 'concerned', 'cases', 'vaccine', 'smallpox', 'president', 'disease', 'version', 'united', 'told', 'states', 'spread', 'reporters', 'japan', 'confirmed', 'body', 'worldwide', 'world', 'working', 'week', 'visited', 'virus', 'vaccines', 'uptick', 'updated', 'troops', 'trip', 'treating', 'traveling', 'taking', 'suspected', 'supply', 'sullivan']"
2316517215,"HonululuAdvertiser","Biden says monkeypox cases something to ‘be concerned about’","https://www.staradvertiser.com/2022/05/22/breaking-news/biden-says-monkeypox-cases-something-to-be-concerned-about/","PYEONGTAEK, South Korea >> President Joe Biden said today that recent cases of monkeypox that have been identified in Europe and the United States were something “to be concerned about.”

In his first public comments on the disease, Biden added: “It is a concern in that if it were to spread it would be consequential.”

The president was asked about the disease as he spoke to reporters at Osan Air Base in South Korea, where he visited troops before taking off for Japan to continue his first trip to Asia as president.

“They haven’t told me the level of exposure yet but it is something that everybody should be concerned about,” Biden said. He added that work was underway to determine what vaccine might be effective.

Jake Sullivan, Biden’s national security adviser, told reporters aboard the flight to Tokyo that the United States has a supply of “vaccine that is relevant to treating monkeypox.”

“We have vaccine available to be deployed for that purpose,” he said. Sullivan said Biden was getting regular updates on the outbreak.

Monkeypox is rarely identified outside of Africa, but as of Friday, there were 80 confirmed cases worldwide, including at least two in the United States, and another 50 suspected ones. On Sunday, one presumptive case of monkeypox also was being investigated in Broward County in South Florida, which state health officials said appeared to be related to international travel.

Although the disease belongs to the same virus family as smallpox, its symptoms are milder. People usually recover within two to four weeks without needing to be hospitalized, but the disease occasionally is deadly.

Click here to see our full coverage of the coronavirus outbreak. Submit your coronavirus news tip.

","['biden', 'monkeypox', 'concerned', 'cases', 'disease', 'vaccine', 'united', 'states', 'south', 'web', 'told', 'sullivan', 'reporters', 'president', 'korea', 'identified', 'coronavirus', 'added', 'worldwide', 'work', 'weeks', 'visited', 'virus', 'updates', 'underway', 'troops', 'trip', 'treating', 'travelalthough', 'tokyo', 'today', 'tipbe', 'taking', 'symptoms', 'suspected']"
2316709768,"Newsmax","Belgium Issues Mandatory Monkeypox Quarantine as WH Warns of More Cases","https://www.newsmax.com/world/globaltalk/monkey-pox-joe-biden-virus-belgium/2022/05/22/id/1070963","Belgium has become the first country to issue a mandatory 21-day Monkeypox quarantine for those who contract the virus, The Daily Mail reports. Additionally, a White House official warned Sunday that more cases would likely emerge.

Belgian health authorities told news outlets earlier this week that those who contract the virus will have to self-isolate. But individuals who have had close contact with the virus won't be required to self-quarantine. Still, they warn, such individuals should stay vigilant if they have come in contact with vulnerable people.

A fourth case of the virus was reported in Belgium on Saturday, said Emmanuel Andre, the official in charge of the National Reference lab for COVID-19 in Belgium. Referring to a festival that took place earlier this month, Andre wrote that ""this patient is being treated in Wallonia and is linked to the Antwerp event in which two other people were infected.""

Monkeypox is a virus related to smallpox originating from Africa. Its symptoms include a bumpy rash, a fever, sore muscles, and a headache. It is, however, less deadly than smallpox, and health officials have stated its mortality rate is around 4%.

Experts have still expressed concern about monkeypox's spread beyond Africa in recent days.

""I would not be surprised if we see a few more [monkeypox] cases in the upcoming days. And I think the president's right, anytime we have an infectious disease outbreak like this, we should all be paying attention,"" White House COVID-19 coordinator Ashish Jha told ABC News on Sunday.

The administration is ""confident we're going to be able to get our arms around it … but we're going to track it very closely and use the tools we have to make sure that we continue to prevent further spread and take care of the people who get infected,"" he added.

A Saturday update from the World Health Organization (WHO) said so far there have been 92 confirmed cases in 12 different countries, among them include the United Kingdom, Italy, Sweden, Portugal, Belgium, Germany, France, Spain, the United States, Australia, and Canada.","['wh', 'warns', 'quarantine', 'mandatory', 'issues', 'belgium', 'cases', 'monkeypox', 'virus', 'health', 'white', 'united', 'told', 'spread', 'smallpox', 'individuals', 'include', 'house', 'earlier', 'covid19', 'contract', 'contact', 'andre', 'africa', 'wrote', 'world', 'wont', 'week', 'warned', 'warn', 'wallonia', 'vulnerable', 'vigilant', 'update', 'upcoming']"
2317520664,"time","There’s Already a Monkeypox Vaccine. But Not Everyone May Need It","https://time.com/6179429/monkeypox-vaccine/","Case counts of monkeypox continue to grow worldwide, raising concerns about how people can protect themselves. So far, the World Health Organization reports that in 12 countries, 92 cases have been confirmed in this recent emergence of the virus, and 28 possible cases are still being investigated. What alarms public health officials about the recent outbreaks is that monkeypox is generally not common or known to circulate in these nations; it’s endemic in parts of central and western Africa, but not in the European and North American nations—including the U.S.—that are currently seeing an uptick in infections. The U.S. recorded its first case this year in Massachusetts on May 18, and officials from the U.S. Centers for Disease Control and Prevention (CDC) said in a briefing on May 23 that the agency is working with state health departments in New York, Florida, and Utah to investigate four additional potential cases.

The good news is that an approved, effective, and relatively new monkeypox vaccine already exists. But do Americans need to get vaccinated?

The monkeypox vaccine

Made by the Danish company Bavarian Nordic and named Jynneos, the vaccine uses a live version of the smallpox virus that has been engineered so that it cannot replicate in the body or cause infection, but can still activate the immune system to mount defenses against both the smallpox and monkeypox viruses to protect people from getting infected. According to studies conducted among people who were vaccinated in Africa, where the virus has circulated for years, two doses of the vaccine, given 28 days apart, were up to 85% effective in protecting people from getting monkeypox. It was approved by the U.S. Food and Drug Administration (FDA) in 2019 to protect against both smallpox and monkeypox.

Americans don’t routinely get vaccinated against either disease. But in November 2021, the Advisory Committee on Immunization Practices (ACIP) within the CDC considered the question of who should be immunized against monkeypox, since cases in the U.S. have occurred after people traveled to areas in Africa where the disease is endemic. After analyzing the available studies, the ACIP recommended that those at highest risk of exposure and infection—including scientists who work in labs that study monkeypox virus, first responders who may treat those occupational cases, and health care workers who care for infected patients—should receive the vaccine. The recommendations were accepted by CDC director Dr. Rochelle Walensky and published in the agency’s publication of record, the MMWR, on May 27, making them official.

“The ACIP did a very good job of considering all the different populations who might have occupational risks of exposure [to monkeypox],” says Brett Peterson, deputy chief of the pox virus and rabies branch of the CDC. But, he says, that was before the current clusters of cases, and the committee members focused primarily on how best to protect people at high occupational risk from getting infected, since there wasn’t a significant danger of cases in the wider population. The recommendations did not address potential community cases of monkeypox, and whether people other than those at high occupational risk of exposure should get vaccinated. But if cases continue to emerge, the agency may review the data and address that need if it becomes relevant.

A possible vaccination approach

Unlike with the COVID-19 vaccines, immunizing people against monkeypox likely won’t involve a mass campaign, because monkeypox isn’t as contagious or as easily spread as SARS-CoV-2. Monkeypox was discovered in 1958 and named after the colonies of monkeys, which were part of research studies, in which the virus was first identified. In recent years, human cases have been reported primarily in central and West African countries such as Nigeria and Cameroon, with the West African virus, which circulates widely in Nigeria, resulting in less severe disease than the central African version. As a poxvirus, its symptoms are similar to those of smallpox, and include fever, muscle aches, and headache. Unlike smallpox, however, monkeypox also causes the lymph nodes to swell, and several days after the initial fever, hallmark lesions start appearing throughout the body, eventually developing into larger fluid-filled vesicles and pustules before forming scabs. Most people with the disease recover without treatments after two to four weeks, although antiviral therapies could be helpful, especially for those with weakened immune systems. In the May 23 press briefing, CDC scientists noted that the data showing the efficacy of these antiviral treatments in human patients are still limited, and that most of the data supporting their use come from animal studies.

The virus can spread through a number of routes, the most common and direct being via breaks in the skin or contact with body fluids. Monkeypox and also transmit from one person to another through respiratory droplets from sneezes or saliva—although infection is less likely to occur this way and more likely to happen with direct contact with the virus-laden lesions.

That’s why vaccinating for monkeypox will most likely involve a version of what experts call a ring strategy, and focus on immunizing only those with contact with infected individuals. “If a case is reported in the country, a public health SWAT team goes out, finds out who the close contacts are of that first case, and vaccinates just those close contacts, and not the entire city or suburb,” says Dr. David Freedman, professor emeritus of infectious diseases at the University of Alabama at Birmingham and president-elect of the American Society of Tropical Medicine and Hygiene. “Because monkeypox is not a virus that is spread mainly through respiratory transmission, you don’t see huge numbers of infected people. So you can do ring vaccination around the known cases.”

If that approach is used, “we have sufficient vaccine in the Strategic National Stockpile to vaccinate the entire U.S. population,” says Peterson. “I am confident that there is sufficient vaccine available for use in this situation.” The U.S.’s initial contract with Bavarian Nordic after the vaccine was approved called for 28 million doses of the vaccine to be provided for the stockpile over a number of years. But because some of those doses were delivered around 2019, some have expired, and the terms of the agreement require the company to replace expired doses with freshly manufactured ones.

Captain Jennifer McQuiston, deputy director of the division of high consequence pathogens and pathology at CDC, said during the press briefing that about 1,000 doses of the vaccine are currently available, and that Bavarian Nordic expects to ramp up production to increase that supply. In addition, on May 18, the U.S.’s Biomedical Advanced Research and Development Authority (BARDA), part of the Department of Health and Human Services, called in an existing order for up to 13 million additional frozen doses to add to that stockpile. The versions of the vaccine currently in storage were manufactured as a liquid and then frozen, which gives them a shorter shelf life, according to Peterson. The newer, freeze-dried versions are first turned into a powder that makes them more resistant to changes in temperature before they are reconstituted just before being injected. But these more shelf-stable vaccines won’t be available until 2023 and 2024.

McQuiston added that so far, officials at the Massachusetts Department of Health have identified more than 200 close contacts of the only confirmed monkeypox case in the U.S.—most of whom are health care workers—and that some of those contacts have been vaccinated with doses from the national stockpile.

That stockpile also contains doses of a different, older smallpox vaccine, which has not been reviewed or approved by the FDA specifically for monkeypox, but could also be used to protect people against the latter disease, since the viruses are related and the shots can generate immunity that can cross react with both viruses. This vaccine, called ACAM2000, has been approved in the U.S., Australia, and Singapore to protect against smallpox but can cause side effects including inflammation of heart tissues, and it is not recommended for people with weakened immune systems. Unlike Jynneos, ACAM2000 is built around a disabled monkeypox virus that is still able to replicate, although it can’t cause disease. Jynneos was developed specifically to offer those with compromised immune systems an option for getting vaccinated against smallpox, but its safer profile led the FDA to approve it for the general population as well. The vaccine’s ability to cross-react and generate immune protection against monkeypox made it doubly useful. “It’s important to know that Jynneos can be given to people without needing a detailed health screening,” says Freedman.

There isn’t strong enough evidence yet to suggest where and how the recent outbreaks began, but the clusters in Europe involve men who have sex with men, and “many of these global reports of monkeypox cases are occurring within sexual networks,” said Dr. Inger Damon, a poxvirus expert with the CDC, in a statement on the agency’s website.

The first genetic analysis of the monkeypox viruses from the recent cases suggests that they originated in Nigeria, where one of two common versions of the virus are endemic, and were brought to other parts of the world via infected travelers. But researchers will continue to analyze the genetic data further to understand if and how the latest clusters of cases are related.

In the meantime, should the outbreak grow significantly in scale and scope enough to warrant immunization, health experts in the U.S. are confident that there will be enough doses of the shot to be distributed to Americans who might need them.","['monkeypox', 'vaccine', 'cases', 'virus', 'health', 'doses', 'smallpox', 'disease', 'cdc', 'protect', 'infected', 'vaccinated', 'recent', 'immune', 'case', 'approved', 'viruses', 'stockpile', 'occupational', 'jynneos', 'data', 'contacts', 'versions', 'version', 'vaccines', 'systems', 'studies', 'spread', 'risk', 'population', 'peterson', 'officials', 'nordic', 'nigeria', 'involve']"
2317907704,"Baltimore Sun","Monkeypox ‘isn’t COVID,’ but CDC still wants public to be aware of cases","https://www.baltimoresun.com/health/bs-hs-monkeypox-cases-creeping-up-20220524-3qcdvrx37vgblatm45ed74cdfu-story.html#ed=rss_www.baltimoresun.com/arcio/rss/category/maryland/","Officials from the U.S. Centers for Disease Control and Prevention warned the public and medical providers Monday to be on alert for possible cases of monkeypox as it counts up to five cases of the normally rare disease around the nation.

But the officials say the threat to the general public remains low, as it’s just not as easily spread as other diseases such as COVID-19. Rather, it takes touching or sharing fluids with someone with the characteristic monkeypox rash.

“What we’re talking about here is close contact,” said Capt. Jennifer McQuiston, CDC’s deputy director of the Division of High Consequence Pathogens and Pathology, during a news conference Monday. “Someone passing someone in the grocery store wouldn’t be at risk for monkeypox.”

But the officials said global cases are rising. A tally by Johns Hopkins Center for Health Security put it at 240 confirmed for suspected cases in 15 countries.

The CDC says many of the newest cases of transmission have been in gay men, though it is not typically considered a sexually transmitted disease because it can spread through close, but nonsexual activities.

That led the CDC officials to specifically say members of the LGBTQ community, and their providers, ought to be especially vigilant looking out for flu-like symptoms and the rash, which can resemble those caused by other disease including some sexually transmitted diseases.

“They think it could be a STD, but we’d like the provider to consider it could be monekypox,” said Dr. John Brooks, a medical epidemiologist in the CDC’s Division of HIV/AIDS Prevention.

The first case from these outbreaks was reported this month in the United Kingdom, and cases began to spread. But not all cases involve travel and some don’t involve travel to countries where monkeypox is endemic, or regularly found.

Earlier this month, the first U.S. case was confirmed in Massachusetts in a man who had traveled to Canada.

There are now four more cases being investigated by the CDC but assumed to be monkeypox. They are one each in New York and Florida and two in Utah.

While still relatively low in number, such cases are normally rare and there isn’t much community transmission in Western countries, including the United States.

There have not been cases reported in Maryland linked to the current infections. The last reported case in the state was in November in a man who had traveled to Nigeria.

Health officials are urging people and providers to be on the lookout for the rash that can develop before or after flu-like symptoms. It can resemble rashes caused by chickenpox, measles and syphilis and is often found on the face, hands and feet.

“We are monitoring the situation and encourage Marylanders to be vigilant,” said Chase Cook, a spokesman for the Maryland Department of Health, in a statement. “We released a letter to clinicians informing them of best practices if they encounter the disease.”

In the May 19 letter, Dr. Jinlene Chan, deputy health secretary for public health services, advises providers to screen for the disease, isolate people with potential cases and report the cases to the CDC. The providers should not assume if patients have not traveled that it is not monkeypox.

The CDC officials said they are working with states, where labs do the initial testing for a range of similar diseases. The CDC performs the genetic sequencing to confirm monkeypox.

Officials say they are working to do this quickly so contacts can be traced and warned. The information is also being shared globally so officials can determine how the disease is spreading and if there are unusual or new patterns requiring different interventions.

Monkeypox is a zoonotic disease, meaning it jumped to humans from primates and rodents, according to the Johns Hopkins Center for Health Security.

Hopkins reports the virus can incubate for up to 21 days but the disease usually develops in about five days, starting with fever and chills, headache, muscle aches, back pain, fatigue and swollen lymph nodes. That differentiates it from chickenpox and smallpox, which doesn’t lead to swollen nodes. They usually resolve in two or three weeks.

There is no vaccine for monkeypox, though the U.S. Food and Drug Administration has licensed two for smallpox that are considered effective and are stored in the U.S. strategic reserves. Smallpox vaccine have not been routinely given in the United States for decades, but the CDC officials are considering whether it’s necessary to give a vaccine to some health care workers and close contacts of those infected.

There also are antiviral therapies available.

The CDC reported that the cases appear to be from a West African strain that is more mild, with infections resolving on their own in a few weeks. There are no reported deaths from recent cases.

Experts are investigating, however, why there are so many cases in unusual places and what should be done if the cases grow exponentially.

The Global Virus Network, an international coalition of virologists that work to improve detection and management of viral diseases, announced Monday that its latest task force would center on monkeypox.

The task forces were created about a decade ago by the co-founder of the network, Dr. Robert Gallo, who is the director of the Institute of Human Virology at the University of Maryland School of Medicine.

He, like the CDC officials, said cases could grow but, because of the lower level of transmissibility, their numbers were unlikely to explode. But experts need to ask if there isn’t a new factor making monkeypox more contagious or dangerous.

For now, he said, “It doesn’t appear so.”

The most likely reason there are cases in so many places is that people travel more now.

“There are still unknowns, but the world is smaller and everything that was very unusual before is less so as we progress and have global contact,” Gallo said.

“Why today and not last year?” he asked. “We didn’t travel so much last year. Things take time.”","['isnt', 'covid', 'aware', 'cases', 'cdc', 'monkeypox', 'public', 'officials', 'disease', 'health', 'reported', 'providers', 'travel', 'vaccine', 'unusual', 'united', 'traveled', 'spread', 'smallpox', 'maryland', 'global', 'dr', 'diseases', 'close', 'center', 'case', 'working', 'warned', 'virus', 'vigilant', 'transmitted', 'transmission', 'task', 'symptoms', 'swollen']"
2318310908,"wired","The Mystery of Monkeypox’s Global Spread","https://www.wired.com/story/mystery-monkeypox-global-spread","Initial genomic sequencing suggests the virus hasn’t mutated to become more transmissible. So what explains its unprecedented rise across the world?

When Moritz Kraemer first heard about the new monkeypox outbreak spreading through the UK, Europe, and the US, it was not through conventional scientific channels, or from the UK Health Security Agency (UKHSA), but via Twitter. As each suspected case was reported, and infectious disease experts shared their theories in real time, Kraemer—an epidemiologist at the University of Oxford who specializes in modeling the spread of infectious diseases—became increasingly concerned.

“We realized that this outbreak was unusual in its geographic expansion, with some clusters not linked to travel,” he says. In the past, when monkeypox cropped up in Europe or North America, cases could be readily traced back to countries where the virus circulates. Not this time. To keep up with how the virus was spreading, Kraemer together with John Brownstein and colleagues at Global.health, swiftly created the Monkeypox Tracker, which collates information on confirmed and suspected cases. It is this tool that neatly visualizes all that is unusual about the new outbreak.

Although monkeypox is endemic in West and Central Africa, it is not known for being especially transmissible. It was first found in monkeys in 1958, but rodents and other small mammals are thought to be the main animal host, and the virus is most commonly transmitted through close contact between these creatures and humans, causing people to come down with a fever, as well as a telltale bumpy rash.

It can also be spread between humans—either through respiratory droplets or the body fluids of an infected person—but this tends to be less common, as monkeypox is not contagious until a person is displaying symptoms, by which point they’re more likely to be convalescing and avoiding contact with others. Mateo Prochazka, an epidemiologist at the UKHSA, says some of the longest transmission chains documented for the virus are only six successive person-to-person infections.

But as the Monkeypox Tracker illustrates, clusters of cases are suddenly appearing around the globe without clear links back to endemic countries. To date, the UK has the most confirmed cases at 57, along with clusters in Portugal and Spain, but cases have also emerged as far away as Canada and Australia.

So what is going on? Some scientists initially speculated that a new, more transmissible form of monkeypox might have emerged, but now the first viral genomic sequences from the outbreak are being published and appear to suggest otherwise. Last Friday, scientists at the Institute of Tropical Medicine in Antwerp, Belgium, published a sequence isolated from a 30-year-old patient that suggests the monkeypox currently in circulation is similar to that seen in an outbreak in 2018. Another sequence from a Portuguese patient also appears similar to the forms of the virus detected in 2018.

“If virus genomes from this outbreak are very similar to earlier ones, we’d feel more confident that there hasn’t been some evolution-driven jump in transmissibility,” says Jo Walker, a researcher at the Yale School of Public Health.

It seems more likely that this outbreak has stemmed from a flare in cases within parts of Africa, combined with a spike in air travel following the end of pandemic restrictions, and waning immunity against orthopoxviruses—the viral family that contains monkeypox, cowpox, smallpox, and others—across large swathes of the planet. Jamie Lloyd-Smith, a University of California, Los Angeles professor who has been studying monkeypox for more than a decade, says immunity against this family of viruses has been declining in humans ever since smallpox was eradicated in 1980.

“Eradicating smallpox stands as one of the greatest public health accomplishments of all time,” he says. “But a natural consequence of eradicating the one orthopoxvirus that circulated widely among humans, and then stopping the vaccination program that led to eradication, is that generations of people have no immune experience with any orthopoxvirus. There is no question that this makes life easier for monkeypox. It’s like a big pile of fuel that has never seen a spark.”

But this still doesn’t answer the prevailing question of why now? Studies show that monkeypox has been on the rise for several years in Nigeria, the Democratic Republic of the Congo (DRC), and other African nations, but the precise tipping point that has led to a much wider outbreak today remains a mystery. Scientists hope that further genetic sequencing and contact tracing will shed more light on exactly when and how the outbreak began.

“The two trends of declining immunity and growing air travel don’t explain why this is happening now and not a few years ago, or a few years in the future,” says Walker. “Maybe a random series of mutations in the last few months set this all off. Or maybe our luck ran out, and it took until now for a monkeypox case to make its way to a major population center, get on an airplane, and kickstart an outbreak without hitting a dead end.”

There is also the enigma of how exactly the virus is being passed from person to person. The UKHSA has suggested that the transmission routes could be sexual, based on data showing that a proportion of the confirmed cases are men who have sex with men, presenting with painful genital ulcers. However this has never been described before with monkeypox, and other scientists have cautioned against drawing such conclusions at this early stage of the outbreak, due to the potential stigma of characterizing an expanding outbreak as being fueled by sexual promiscuity.

“I don’t like to speculate because I do not think it is helpful and may fuel misinformation,” says Boghuma Titanji, a researcher at Emory University who has studied past monkeypox outbreaks. “Sexual transmission is always a possible mode of spread for any pathogen which spreads by close physical contact.” However, as new cases emerge and viruses are isolated and sequenced, it will become more possible to piece together transmission networks, Titanji says, and it may give us additional clues as to exactly how the virus spreads.

But while the news of an infectious disease that appears to be spreading around the world has prompted concern in the wake of Covid-19, there is far less reason to be fearful. Monkeypox is far less transmissible, with a reproduction number—the average number of people who will catch the virus from one infected person—of somewhere between one and two. In comparison, the Omicron variant of Covid-19 has a reproduction number above seven.

And while monkeypox can be lethal—the Congo Basin strain kills up to 10 percent of those infected—genomic sequences seem to indicate that the new outbreak involves the West African strain, which has a lower estimated fatality rate of 1 percent. So far, no patients are known to have become severely ill, and there are two vaccines already available in Europe and North America that prevent disease even if used up to four days after a person has been exposed.

Plus responses have been swift. The UK is already deploying ring vaccination strategies—vaccinating close contacts of those infected with monkeypox—while the UKHSA has issued a statement saying that those people should also self-isolate for 21 days and work from home. Last Friday, Belgium became the first country to introduce a mandatory 21-day quarantine for all monkeypox patients.

Titanji says countries can follow a playbook of strategies that have been successfully used by Cameroon, Nigeria, Gabon, and the DRC to contain monkeypox outbreaks in recent years. “We know from previous outbreaks that early contact tracing, testing, and isolation of positive cases is effective in interrupting transmission chains,” she says.

Right now the world is particularly well placed to implement such measures, which have been fine-tuned over the past two years. Genomic sequencing centers used to analyze Covid-19 samples have been quickly redeployed to sequence monkeypox, while Bill Hanage, an epidemiologist at the Harvard TH Chan School of Public Health, says he is using the novel viral surveillance technique of waste-water sampling—that is, looking for traces of the virus shed in sewage—as one method to understand just how widespread the outbreak is.

Scientists do not expect the latest outbreak to develop into a serious epidemic, but many argue that it serves as a warning sign for a group of viruses that have long been neglected by public health authorities and scientific journals. Hanage points out that the World Health Organization’s poxvirus team amounts to just a handful of staff, while Titanji says that when researchers in Cameroon tried to publish a paper based on a 2018 outbreak, their attempts were rejected.

She feels that while the current outbreak is containable, it illustrates how vital it is to keep monitoring for future monkeypox virus strains that may evolve to become more transmissible and capable of causing a major crisis.

“There is still a lot we can learn about this virus,” she says. “Every new outbreak presents an opportunity for us to do just that, and be better prepared the next time around.”

Updated 5-25-2022 7:30 am ET: This story was amended to include all of the creators of the Monkeypox Tracker. Previously the names of John Brownstein and Global.health were omitted.","['mystery', 'monkeypoxs', 'global', 'spread', 'monkeypox', 'outbreak', 'virus', 'cases', 'transmission', 'transmissible', 'health', 'contact', 'ukhsa', 'uk', 'scientists', 'public', 'person', 'world', 'viruses', 'viral', 'university', 'travel', 'tracker', 'titanji', 'spreading', 'smallpox', 'similar', 'sexual', 'sequencing', 'sequence', 'past', 'outbreaks', 'infectious', 'infected', 'immunity']"
2321367241,"Daily Source","GLOBAL HEALTH: Monkeypox: What is it and should we worry?","http://www.source.ly/115Uu","Rare monkeypox outbreak in U.K., Europe and U.S.: What is it and should we worry?

Editor's note: This story was updated on May 23 to reflect the latest case counts.

There's a monkeypox outbreak in the United Kingdom, Portugal, Spain and other European countries. The outbreak is small — so far about 80 suspected cases in England, Spain and Canada as well as Portugal, Sweden, Italy and France. Two suspected cases have also been reported in the U.S.

But health officials have little clue where people caught the monkeypox virus. And there's concern the virus may be spreading through the community — undetected — and possibly through a new route of transmission.

""This [outbreak] is rare and unusual,"" epidemiologist Susan Hopkins, who's the chief medical adviser of the U.K. Health Security Agency (UKHSA), said in a statement on Monday.

""Exactly where and how they [the people] acquired their infections remains under urgent investigation,"" the agency said in the statement.

Monkeypox can be a nasty illness; it causes fever, body aches, enlarged lymph nodes and eventually ""pox,"" or painful, fluid-filled blisters on the face, hands and feet. One version of monkeypox is quite deadly and kills up to 10% of people infected. The version currently in England is milder. Its fatality rate is less than 1%. A case generally resolves in two to four weeks.

Typically, people catch monkeypox from animals in West Africa or central Africa and import the virus to other countries. Person-to-person transmission isn't common, as it requires close contact with bodily fluids, such as saliva from coughing or pus from the lesions. So the risk to the general population is low, the U.K. health agency notes.

But in England, the vast majority of the 50-plus cases don't involve recent travel to Africa, suggesting the patients involved in those cases caught the virus in England.

""Presumably this is cryptic spread from an imported case(s),"" virologist Angie Rasmussen of the Vaccine and Infectious Disease Organization tweeted on Monday.

In the U.S., one patient, in Massachusetts, had not recently traveled to countries where the disease occurs but had visited Canada.

In addition, there's evidence the virus could be spreading through a new route: sexual contact. ""What is even more bizarre is finding cases that appear to have acquired the infection via sexual contact,"" epidemiologist Mateo Prochazka at the UKHSA tweeted. ""This is a novel route of transmission that will have implications for outbreak response and control.""

""We are particularly urging men who are gay and bisexual to be aware of any unusual rashes or lesions and to contact a sexual health service without delay,"" epidemiologist Hopkins said in the UKHSA's statement.

Scientists at the U.S. Centers for Disease Control and Prevention are watching the outbreak in Europe closely. ""We do have a level of concern that this is very different than what we typically think of from monkeypox,"" Jennifer McQuiston, a senior CDC official, told health news site STAT on Tuesday.

In 2019, the U.S. Food and Drug Administration approved the first vaccine for monkeypox, which also protects against smallpox. ""This vaccine is also part of the Strategic National Stockpile (SNS), the nation's largest supply of potentially life-saving pharmaceuticals and medical supplies for use in a public health emergency that is severe enough to cause local supplies to be depleted,"" the agency said in a news release.

A primer on monkeypox

So just what is known about monkeypox? And how threatening is it compared with other emerging viruses?

In 2017, Goats and Soda interviewed two monkeypox experts — Anne Rimoin of the University of California, Los Angeles, and Jay Hooper of the U.S. Army Medical Research Institute of Infectious Diseases — to find out.

Here are some of the questions we asked and some of their surprising answers, updated in light of the current cases.

Where does it come from? Monkeys?

No!

""The name is actually a little bit of a misnomer,"" Rimoin says. Perhaps it should be called ""rodentpox"" instead.

The name ""monkeypox"" comes from the first documented cases of the illness, in 1958, when two outbreaks occurred in colonies of monkeys kept for research, the CDC says on its website.

But monkeys aren't major carriers. Instead, the virus likely persists in squirrels, pouched rats, dormice or another rodent.

How do you catch it?

Primarily, from an animal bite, scratch or contact with the animal's bodily fluid. Then the virus can spread to other people through coughing and sneezing or contact with pus from the lesions.

The lesions from monkeypox are similar to those from a smallpox infection.

""But it doesn't spread very well between people,"" Hooper says. ""Its infection rate is much lower than that of smallpox."" In many cases, people don't spread the virus to anyone else.

Up until this current outbreak, a person sick with monkeypox spread the virus to between zero and one person, on average. So all previous outbreaks (up until now) burned themselves out quickly.

""You have primary cases, in which people get monkeypox from an animal, and they may transmit the disease a few generations — but then that's it,"" she says. ""The outbreaks tend to be self-limiting.""

""There is no evidence, to date, that person-to-person transmission alone can sustain monkeypox infections in the human population,"" the World Health Organization's website says.

Scientists don't know yet if the rate of transmission has increased in this current outbreak. If there is enhanced transmission, that could be one reason the current outbreak appears to have spread through the community in three cities.

Has there ever been an outbreak in the U.S.?

""There already was!"" Hooper says. ""But it was quickly contained.""

In 2003, monkeypox hitched a ride with a shipment of animals from Ghana to Illinois. Several giant pouched rats and squirrels tested positive for the virus and eventually spread it to prairie dogs being sold as pets in multiple Midwestern states, the CDC says on its website.

Forty-seven people caught the disease from the prairie dogs. Everyone recovered. And no one spread the disease to another person.

Is monkeypox a ""new"" virus?

No. The virus has likely been infecting people for centuries, even millennia, Rimoin says. But for a long time, doctors missed the cases.

Monkeypox is closely related to smallpox. ""They are clinically indistinguishable,"" Rimoin says. ""So for centuries, doctors have likely mistaken monkeypox for smallpox.""

Then in the 1970s, the world was close to eradicating smallpox. Cases plummeted. And doctors in central Africa started noticing another disease that looked like smallpox but didn't spread as well between people. It was monkeypox.

There are several other viruses related to smallpox, including cowpox and camelpox. ""I would be more worried about camelpox than monkeypox,"" Rimoin says, ""because that's closer on the genetic tree to smallpox.""

Is the disease actually a rising threat? Or are we just better at detecting it?

A little bit of both, Rimoin says.

Back in 2010, Rimoin and her colleagues reported that monkeypox had increased 14-fold in the Democratic Republic of Congo since the 1980s. Incidence rose from less than 1 case per 10,000 people to about 14 cases per 10,000 people.

And the reason for this bump is ironic: the eradication of smallpox.

The smallpox vaccine actually works quite well to protect people against monkeypox. It's about 85% effective (although the smallpox vaccine does have some safety concerns, Hooper points out: ""It's a live virus and can cause a deadly infection in people with severely compromised immune systems"").

But after the world eradicated smallpox, countries stopped vaccinating kids. And for those who were vaccinated years earlier, their protection has likely waned over time, Hooper says.

""So now there's this growing population of people who don't have immunity to monkeypox,"" he says. ""And when you do have a outbreak, it's likely to be bigger because less people in the community are protected.""

That means small monkeypox outbreaks in West Africa and central Africa now involve dozens of cases instead of just one or two, Hooper says.

And in the Democratic Republic of Congo, annual cases have shot up into the thousands. In 2020, there were nearly 4,600 suspected cases, according to a study published in February.

Could the virus become more transmissible and thus more of a global threat?

""Oh, yes,"" Hooper says. ""Every time there's an outbreak — and the more people get infected — the more chances monkeypox has to adapt to people,"" he says.

In other words, the more time the virus spends inside people, the more time it has to evolve. It could possibly figure out how to spread more quickly among people.

So scientists are keeping a close eye on the virus and outbreaks that occur — especially if the virus appears to change its route of transmission, as may be happening in the current outbreak.

""We didn't think Ebola spread very easily between people,"" Hooper adds. ""And we were all surprised that health care workers could catch it even though they were wearing protective gear.""

And of course, many scientists didn't think SARS-CoV-2, the coronavirus that causes the disease COVID-19, would mutate to become more contagious, but that's exactly what has happened in the past two years. SARS-CoV-2 evolved from a virus just about as contagious as the flu virus into one that's almost as contagious as the far more transmissible chickenpox virus.

""With viruses that spill over from animals, you just never know what's going to happen,"" Hooper says.

And indeed, this new outbreak in Europe may be a sign that the virus has changed — even if just a bit — and may be increasing its ability to spread among people.

Clarifications and correction

An earlier version of this story said a monkeypox case had been reported in the U.S., while later saying there were no cases in the United States. To date, one U.S. case has been reported. We have deleted the sentence saying there were no cases, which was from a version of the story that was published before the U.S. case was reported.

Additionally, an earlier version of this story said scientists don't know if the rate of monkeypox transmission has increased, followed by a sentence that said enhanced transmission is one reason that the current outbreak appears to have spread through the community in three cities. To clarify, scientists don't know if the transmission rate has increased; if it has, that could be one reason the outbreak appears to have spread through the community in the three cities.

An earlier version of this story mistakenly said Angie Rasmussen's tweet was on Tuesday; it was on Monday, May 16.","['worry', 'rare', 'europe', 'monkeypox', 'outbreak', 'uk', 'virus', 'cases', 'spread', 'smallpox', 'transmission', 'hooper', 'disease', 'health', 'rimoin', 'version', 'dont', 'current', 'contact', 'case', 'africa', 'vaccine', 'rate', 'outbreaks', 'community', 'scientists', 'route', 'reported', 'reason', 'increased', 'earlier', 'countries', 'appears', 'animals', 'agency']"
2319437486,"eurweb","Over 200 People in Massachusetts Being Monitored for Monkeypox","https://eurweb.com/2022/05/25/over-200-people-being-monitored-for-monkeypox/","*More than 200 people in Massachusetts are being tracked for monkeypox after coming in contact with the first confirmed patient in the US.

The Center for Disease Control and Prevention released the level-2 alert late Monday, advising people to “practice enhanced precautions” — and warning that it “is fatal in as many as 1 to 11% of people who become infected.”

“Some cases were reported among men who have sex with men,” the health authority said on the same day another expert said, as reported by the New York Post.

According to numerous reports, several monkeypox cases stem from sexual activity at raves in Europe.

READ MORE: Four Gay Men in England Diagnosed with Monkeypox

The CDC’s advisory listed 16 countries where the disease has been confirmed and urged avoiding “close contact with sick people, including those with skin lesions or genital lesions” — as well as “contact with dead or live wild animals.”

All the suspected monkeypox cases in the US have been men who had traveled internationally.

“Right now we are hoping to maximize vaccine distribution to those that we know would benefit from it,” Jennifer McQuiston, deputy director of the CDC’s division of high consequence pathogens and pathology, told the briefing, per the report.

“Those are people who’ve had contacts with a known monkeypox patient, health care workers, very close personal contacts, and those in particular who might be at high risk for severe disease.”

On Tuesday, Sylvie Briand, the WHO’s director for Global Infectious Hazard Preparedness noted that the confirmed 131 monkeypox cases were just the “tip of the iceberg.”","['monitored', 'massachusetts', '200', 'monkeypox', 'men', 'cases', 'contact', 'confirmed', 'reported', 'patient', 'lesions', 'high', 'health', 'disease', 'director', 'contacts', 'close', 'cdcs', 'york', 'workers', 'wild', 'whove', 'whos', 'warning', 'vaccine', 'usthe', 'urged', 'traveled', 'tracked', 'told', 'tip', 'sylvie', 'suspected', 'stem', 'skin']"
2319579423,"Newsmax","Experts: Waning Smallpox Immunity Might Have Led to Monkeypox Outbreak","https://www.newsmax.com/newsfront/monkeypox-outbreak-health-vaccines/2022/05/25/id/1071521","Scientists are sounding the alarm that waning immunity from smallpox since its eradication might have left the world vulnerable to monkeypox, the Daily Mail reported on Wednesday.

The World Health Organization declared smallpox eradicated in 1980 after a nearly 20-year campaign to distribute vaccines against it. However, since the last confirmed natural case in 1977, countries worldwide have ditched requirements for the vaccine.

Dr. Romulus Breban, a researcher at the Pasteur Institute in Paris, told The Guardian that the outbreak was ""waiting to happen"" because of almost no immunity to smallpox by generations after vaccine distribution was halted.

A University of Edinburgh professor, Neil Mabbott, parroted Breban's statement to the Mail, warning that people over 50 could be the only group protected against monkeypox.

""Although the level of immunity will wane in time, smallpox vaccination provides long-lasting protection,"" Mabbott said. ""Some estimates suggest this may last for decades.""

Some experts disagree with Breban and Mabbott. Professor Paul Hunter, an infectious disease expert at the University of East Anglia, said it was ""difficult to say"" if waning smallpox immunity led to the monkeypox outbreak.

""I think it would be a push to assume [the smallpox vaccine] significant protection 50 years later,"" Hunter told the Mail, noting that the smallpox vaccine was only fully effective for ""about five years.""

""There may still be some modifying effect, but I don't know,"" he added.

The Imvanex vaccine by Danish biotechnology company Bavarian Nordic A/S is up to 85% effective against monkeypox, despite initially being produced to fight smallpox. Antivirals and therapies are also reportedly effective.","['outbreak', 'led', 'experts', 'smallpox', 'immunity', 'monkeypox', 'waning', 'vaccine', 'mail', 'mabbott', 'effective', 'world', 'university', 'told', 'protection', 'professor', 'hunter', 'breban', '50', 'yearsthere', 'worldwide', 'wednesdaythe', 'warning', 'wane', 'waiting', 'vulnerable', 'vaccines', 'vaccinedr', 'vaccination', 'therapies', 'suggest', 'statement', 'sounding', 'significant', 'scientists']"
2319829576,"foxbusiness.com","Greg Gutfeld: The left wants you 'angry, desperate and confused'","https://www.foxnews.com/opinion/greg-gutfeld-left-wants-you-angry-desperate-confused","NEWYou can now listen to Fox News articles!

Hope you enjoy the show tonight. We're going to keep it super light this evening because yesterday and today was pretty heavy and it was heavy for everyone. But my job is to offer some break or a place to come up for air and breathe, especially in ugly times.

So with that, on to tonight's monologue.

So how about that Monkeypox?

Well, there is a transition you don't see. We beat COVID and now we got Monkeypox.

For an update, let's go live to some monkeys. Practicing safe Monkeypox, I guess.

GREG GUTFELD: BIDEN TAKES EVERY OPPORTUNITY TO DIVIDE AMERICA

We've been monitoring this closely, but not that closely. We're following CDC guidelines to keep at least six feet of distance from the closest chimp. But there are no concerns here. Well, except for this weird rash I just got on my back.

In all seriousness, 200 people are being monitored for infection in Massachusetts after coming into contact with a confirmed case. And it's not Liz Warren, although she now claims she's 13% primate.

The virus may have been spreading for months and experts claim there have even been suspected cases in Salt Lake City. So, who was just in Salt Lake City? Sunday actually. I never should have gone to the zoo. I also shouldn't have hopped the fence to hang out in the enclosure. But I could have sworn that orangutan winked at me.

It's getting so bad. Some people aren't actually coming in to work now.

STAFFER: Dirtbag Diary entry 345. Day one. I've been told that I have to isolate because I was exposed to the monkey pox. But I only associate with meatless monkeys that I make out of soybeans and my own hair. And no one is answering my calls, which has to be because they're worried about the pox. There can be no other reason. Oh, that’s my landlord. I got to hide.

Oscar worthy. Now, of course, Joe Biden is concerned over Monkeypox. But gas prices, not so much. I wonder why. Well, I'll tell you, because filling your tank will make you more sick than Monkeypox ever will. But I wonder when it comes to gas prices. We're going through an incredible transition.

PRESIDENT BIDEN: When it comes to gas prices. We're going through an incredible transition that is taking place. And God willing, when it's over, we'll be stronger and the world will be stronger and less reliant on fossil fuels. When this is over.

Well, I bet Putin is relieved Joe isn't blaming him anymore. So only then did Biden pay lip service to millions of Americans as they experienced an incredible transition of money from their paychecks to the pumps. Calling this crisis a transition is like saying Caitlyn Jenner used to be kind of a tomboy and we're supposed to chalk it up to progress.

GREG GUTFELD: DEMOCRATS SEE EVERYTHING THROUGH THE FILTER OF RACE

And now we're told there are going to be blackouts. I'm sure if you ask Joe about them, he'll say, ""what's the big deal, man? I have blackouts all the time.""

So in case you're wondering if this administration feels your pain. They don't. But they sure are great at creating it. And even if they did feel your pain, they'd still think it's good for you. And that reminds me tonight's bondage night at Doocy’s. Geraldo is always welcome as long as he doesn't remove the ball gag.

But I posed this question before – what if what makes our lives worse is exactly what the Dems and the media wanted all along? It's not just a bunch of unexpected side effects. Like the time I took those pills, I found in Dana Perino's purse. I didn't care for the diarrhea, but at least I won't have heartworm.

Sure, gas prices are high, but isn't that what the left wants? The same way the anti-tobacco folks wanted a pack of cigs to cost 20 bucks so you'd quit. Sure, cheap, plentiful clean gas heats your home, but it's morally reprehensible.

It's far better to price you out of affordable heat, which, surprise, rich white libs can endure while the rest of you have to decide whether to fill your tank or serve your kids Alpo in the shape of meatloaf and hope they don't notice.

This is the chemo to cure you of your fossil fuel addiction, and it's forced upon you by ol’ fossil in the White House himself. Maybe that's why Joe hates fossil fuels. For him, it's cannibalism.

But this is part of the oppressive theology. Because you live in the greatest country ever, you're guilty. Sure, the crime wave is bad, but law and order is inherently racist, so deal with it. Fewer cops, more criminals. That's the price you pay for the revolution.

And for the left, anarchy creates chaos and chaos creates change. They want you angry, desperate and confused, like a car crash victim or someone whose TV is stuck on ""The View.""

I wonder what Joe Biden thinks about all this.

STAFFER IMITATING BIDEN: Hey, come on. Look, look. We're going to go through a great transition in this country. Yeah. To a country where less is more and more is less. And then we'll be the country we always knew we were on the inside. And we'll have new pronouns – Xi Jinping. Let's do this. Come on.



The ideology of punishment. The modern day, ""let them eat cake"" philosophy. Only nobody can afford to buy a main course. So never mind dessert. It's a result of their punitive theater.

We're a horrible, hopelessly corrupt country, although one everyone still wants to come to. And because we're hopelessly bad, we are unpardonable. So instead of forgiveness, we deserve punishment and not the good kind where there's a safe word involved.","['gutfeld', 'greg', 'desperate', 'confused', 'angry', 'left', 'biden', 'transition', 'joe', 'gas', 'country', 'prices', 'fossil', 'monkeypox', 'incredible', 'dont', 'bad', 'youre', 'white', 'wanted', 'tonights', 'told', 'tank', 'stronger', 'salt', 'safe', 'punishment', 'price', 'pox', 'place', 'pay', 'pain', 'monkeys', 'live', 'lets']"
2320516076,"pilotonline.com","First presumed monkeypox case reported in Virginia","https://www.pilotonline.com/news/health/vp-nw-monkeypox-case-northern-virginia-20220526-yaazciapr5cqpdrh6nmtbq6rgy-story.html#ed=rss_www.pilotonline.com/arcio/rss/","State health officials announced Thursday the first presumed case of monkeypox in Virginia.

The patient is a Northern Virginia woman who had recently traveled to a country in Africa where the disease is known to occur, according to a news release from the Virginia Department of Health. She was not infectious during travel and has been isolating at home, the release said.

Health officials are emphasizing that the disease is rare. In a statement, state health commissioner Colin Greene said the patient does not pose a risk to public health.

“Transmission requires close contact with someone with symptomatic monkeypox, and this virus has not shown the ability to spread rapidly in the general population,” Greene said.

The state health department is awaiting confirmation on the patient’s test results from the Centers for Disease Control and Prevention. No other cases have been reported in Virginia, the release said.

“Based on the limited information currently available about the evolving multi-country outbreak, the risk to the public appears to be very low,” Greene said.

The presumed case is one of nine reported across seven states, CNN reports, citing the CDC. Those states include Massachusetts, Florida, Utah, Washington, California, New York and Virginia. Some of the individuals had recently traveled to areas with active monkeypox outbreaks while others had not, according to the CDC.

Transmission of monkeypox without “direct travel links” to endemic areas “represents a highly unusual event,” World Health Organization officials said in a May 21 release.

As of May 21, the WHO has identified 92 confirmed cases of monkeypox in 12 countries where the virus is not endemic, with most of the cases occurring in Europe. Countries in which monkeypox has been endemic between December 2021 and May 2022 include Cameroon, the Central African Republic, the Democratic Republic of Congo and Nigeria, according to the WHO.

Monkeypox symptoms are similar but milder than symptoms of smallpox, according to the CDC. The disease begins with flu-like symptoms and swollen lymph nodes before progressing into rash on the face and body.

Health officials say people with those symptoms should seek medical care — especially if they come in contact with a person with suspected or confirmed monkeypox, or if they have recently visited central or West Africa, parts of Europe or other areas with confirmed cases.

Symptoms appear seven to 14 days after exposure and typically resolve within two to four weeks. For some, the illness can be severe and potentially deadly.

The animal-borne virus was first discovered in humans in 1970. The last significant outbreak in the United States happened in 2003, when 47 cases were reported across six states following contact with pet prairie dogs.

A vaccine is available. President Joe Biden told reporters Monday that the U.S. has enough smallpox vaccine available “to deal with the likelihood of this problem.”

“Thus far, there doesn’t seem to be a need for any kind of extra efforts beyond what’s going on,” Biden said. “And so, I just don’t think it rises to the level of the kind of concern that existed with COVID-19.”

Person-to-person transmission happens with “prolonged close contact or with direct contact with body fluids or contact with contaminated materials such as clothing or linens,” the VDH release said.

The Virginia Health Department urged medical providers last week to watch for monkeypox cases and report them to local health departments.

Ali Sullivan, 757-677-1974, ali.sullivan@virginiamedia.com","['case', 'monkeypox', 'virginia', 'reported', 'presumed', 'health', 'contact', 'cases', 'symptoms', 'states', 'release', 'officials', 'disease', 'virus', 'state', 'saidthe', 'recently', 'greene', 'endemic', 'department', 'confirmed', 'areas', 'vaccine', 'traveled', 'travel', 'smallpox', 'risk', 'republic', 'public', 'patient', 'outbreak', 'medical', 'kind', 'include', 'europe']"
2321709866,"wired","Everything You Need to Know About Monkeypox","https://www.wired.com/story/everything-you-need-to-know-about-monkeypox","Here’s how to recognize monkeypox’s symptoms, how to prevent and treat the disease, and what to do if you think you’ve been exposed to it.

Over 17,000 confirmed cases of monkeypox have been reported worldwide since April 2022, the majority in Europe and North America, where the disease hasn’t traditionally had a foothold. This makes the current outbreak by far the largest to take place in areas where the disease isn’t endemic, and the spread is still ongoing.

Because of this, the World Health Organization (WHO) has declared the outbreak a Public Health Emergency of International Concern. This is the WHO’s highest state of alarm, and signals that the disease poses a serious threat, has the potential to spread to countries that aren’t yet affected, and needs international coordination in order to be controlled.

But while cases have been rising and symptoms can be painful, the risk of monkeypox to the general population is low. If you think you have the virus—or have come into contact with someone with it—stay calm. You probably won’t need any treatment, but you should do what you can to avoid spreading the virus further.

How Do I Know If I Have Monkeypox?

Monkeypox infections usually occur in two distinct stages. Initially people tend to develop flu-like symptoms such as exhaustion, fever, body aches, chills, and headache as the virus enters their cells, followed by enlarged lymph nodes as their immune system gears up to fight off the infection.

The second stage is usually the development of the “pox”—a nasty rash that usually begins on the face before spreading to the arms, legs, hands, feet, and trunk. Many patients in the latest outbreak have reported a rash around the genital area.

In some patients, though, these stages may be reversed, with the rash appearing before the flu-like symptoms. And some patients may only develop a rash.

Doctors caution that you shouldn’t assume you have monkeypox just because you have a rash. This can also occur with diseases such as chickenpox and scabies, while genital rashes can also be a sign of sexually transmitted infections like herpes. The monkeypox rash is quite distinct—skin eruptions that begin flat and red, before starting to blister and fill with white pus. These then dry out into scabs, which eventually heal and fall off. While unpleasant—lesions around the face, genitals, and anus can be very painful—the illness is usually not too severe and resolves within two to four weeks.

How Does Someone Catch It?

Monkeypox typically affects people who have come into contact with infected animals—usually rodents that are capable of harboring the virus. People catch the virus either through a bite or scratch, or in some cases by consuming undercooked meat.

It takes prolonged close contact for someone to give it to someone else. Specifically, there are three known ways in which monkeypox can be transmitted—direct contact with pus from the sores, handling an infected person’s clothing (or perhaps sharing a towel), or inhaling respiratory droplets. In the current outbreak it appears that sexual contact has provided one route of transmission—most likely through skin-to-skin contact.

The infection rate is far lower than that of Covid-19 or many common respiratory viruses, so outbreaks tend to end quite quickly. An example of this was in 2003, when monkeypox reached the US after infected animals were shipped from Ghana to Illinois. The virus was spread to prairie dogs being sold as pets in multiple Midwestern states, and 47 people became infected. But none passed it on to anyone else, and the outbreak was over shortly after it had begun.

That said, this time around, scientists aren’t sure whether the usual rate of transmission for monkeypox has increased, given the rise in cases, so health agencies are monitoring the outbreak closely.

What Should I Do If I Think I Have Monkeypox?

Unlike with Covid-19, people with monkeypox do not become contagious until they start developing symptoms (it usually takes between 5 and 21 days for symptoms to appear). But once they are symptomatic, the virus can still be transmitted until their scabs have fully healed.

If you think you might have monkeypox, avoid close contact with others, including loved ones and pets, and keep your laundry and any used bed linen and towels separate from anyone else’s. Check the website of your country’s health service for advice on what to do—the recommended steps to take may differ depending on what country you live in.

The US Centers for Disease Control and Prevention (CDC), for example, currently says that you should go for an in-person check-up with your health provider if you have symptoms, whereas the National Health Service in the UK says that you should self-isolate straightaway at home and call a sexual health clinic for advice. In both countries, if diagnosed, you will be asked to isolate from others until your symptoms are gone—which includes any scabs healing over.

In some countries PCR tests are being offered to people who have rashes or who have been in contact with a positive case. These tests are required to confirm that you have monkeypox. If you are offered one, you should take it if you’re able to. In the US widespread testing isn’t yet available, though in some places—such as New York City and San Francisco—tests are available for people who have symptoms. Check your state or city government’s website to see what’s offered in your area.

What If I Think I’ve Been Exposed to Monkeypox?

Again, avoid contact with others and contact your health service for guidance. You might be asked to self-isolate and are likely to be offered a vaccine.

How Is It Controlled and Treated?

Monkeypox is usually mild and clears up on its own without treatment. But it can also be lethal. The West African strain—the one responsible for the current outbreak—has a fatality rate of between 1 and 3 percent. The Congo Basin strain has a fatality rate of 10 percent. Severe cases that result in death are more likely to occur in young children, pregnant women, or those with underlying immune deficiencies. The virus can also lead to pneumonia or complications such as vision loss if the infection moves into the eyes. Disease prevention is therefore the best protective strategy.

There are two vaccines approved by regulators that are capable of doing this. Danish drugmaker Bavarian Nordic has a vaccine (known as Jynneos in the US and Imvanex in Europe) that protects against both smallpox and monkeypox. It was approved by the US Food and Drug Administration in 2019 for those over 18 who are deemed to be at high risk for monkeypox, such as the immunosuppressed. There is also a vaccine called ACAM200, licensed in the US for use against smallpox, that can also be used to protect against monkeypox. Moderna has announced that it is testing potential vaccines against monkeypox in preclinical studies as well.

Based on previous data from Africa, the two available vaccines are thought to be up to 85 percent effective at preventing a monkeypox infection. They can also be given up to four days after exposure to monkeypox to prevent infection, and up to two weeks after exposure to reduce the severity of symptoms in someone who is ill.

Other treatments include an antiviral drug called TPOXX that is approved to treat monkeypox in the European Union but not yet in the US, where it’s cleared only for smallpox. For US doctors to prescribe TPOXX for monkeypox, they have to apply to the CDC for the drug and then complete paperwork for each person it is given to, which means that prescriptions have been low. The CDC says it is working to reduce this red tape; patients and health care professionals have criticized the organization for not fixing this supply issue quickly enough.

If someone gets severely ill, the US CDC has said that two other treatments—a monoclonal antibody called vaccinia immune globulin and an antiviral called cidofovir—can be used. But there’s still no data on how effective either would be.

Can I Get a Vaccine Even if I Haven’t Been Exposed?

Vaccines are not yet widely available. However, if you are at a higher risk of catching monkeypox, you may be eligible for one even without having definitely been exposed.

The current outbreak is spreading predominantly among men who have sex with men (MSM). In the US, this means that MSM who have had multiple sexual partners within the last 14 days and who live in areas where monkeypox is spreading are eligible for vaccination, according to the CDC. If you think you are eligible, contact your health care provider.

Note that in some states, the eligibility criteria are wider—so check what they are where you are. In North Carolina, for example, MSM who have had multiple or anonymous sexual partners in the past 90 days are eligible, and there aren’t any area restrictions. MSM who have taken PrEP in the past 90 days or been diagnosed with a sexually transmitted infection are also eligible.

That said, be aware that you might have to wait for doses to become available. At the time of writing, shortages of supplies mean that New York City has no bookable vaccination appointments, and San Francisco has had to close its drop-in vaccination service.

In the UK, MSM who have multiple partners, participate in group sex, or attend “sex on premises” venues are being prioritized for vaccination. However, if you think you might be eligible, the National Health Service asks that you wait to be invited for vaccination—walk-in services aren’t available.

If I’ve Had Monkeypox, Do I Need to Disinfect My Home?

Monkeypox and other similar pox viruses can survive for a long time outside of the body, so any surfaces that a patient comes into contact with will need to be disinfected. The CDC has a list of disinfectants that can be used against the virus, as well as good general guidelines for disinfecting your home.

If you have symptoms, routinely disinfect commonly touched surfaces and items such as light switches, door handles, and cutlery to avoid the risk of transmission, even if you’re isolating alone. Use a separate, lined trash can for any waste that you have, and seal anything that has been in contact with your skin (such as gloves and bandages) in a plastic bag before disposal. And again, make sure to keep your laundry and used linen or towels separate from anyone else’s.

Once your symptoms have passed, you’ll need to thoroughly disinfect all parts of your home that you’ve come into contact with. Again, see the CDC’s guidance for how you or others should approach this. Don’t forget that your car may need disinfecting too.

Where Did Monkeypox Come From?

While the current outbreak will be the first time many have heard of monkeypox, the virus is thought to have been infecting people for centuries, possibly even millennia. A member of the same virus family as chickenpox and smallpox, monkeypox’s first documented cases were back in 1958, when there were two outbreaks in colonies of lab monkeys being kept for research—hence the name.

This, though, is a bit of a misnomer. The virus is usually carried by rodents such as squirrels, pouched rats, and dormice, among others. Cases in the past have tended to occur near tropical rainforests in Central and West Africa, where the virus is endemic. From the 1980s through to 2010, cases in the Democratic Republic of the Congo (DRC) rose more than 14-fold, and in 2020 alone there were nearly 4,600 suspected cases of monkeypox in the DRC. There have also been more than 550 suspected cases in Nigeria since 2017. Given these numbers and how interconnected the world is thanks to air travel, the current global outbreak isn’t actually that surprising.

Where Can I Get Trustworthy Information on the Disease?

The World Health Organization, US CDC, and UK Health Security Agency have been providing regular Twitter updates on the monkeypox outbreak. Global.health—an international collaboration that provides real-time data on infectious diseases—has also created a monkeypox tracker to monitor confirmed and suspected cases as they occur. These all offer reliable information on the current outbreak.

It’s important to avoid stigmatizing those infected. One of the main falsehoods circulating is that monkeypox only affects men who have sex with men, or that this group is responsible for the outbreak. People of any gender or sexual orientation can contract the disease.

Other particularly wild mistruths include the claim that certain Covid-19 vaccines are causing monkeypox because they inject chimpanzee genomic information into your cells, that the virus is airborne, that infections are doubling every three days, that monkeypox is as deadly as smallpox, and that it is a manmade virus leaked from a lab—none of which is true.

This story was originally published on May 27, 2022, and has been updated to reflect new information.","['monkeypox', 'virus', 'health', 'contact', 'symptoms', 'outbreak', 'cases', 'current', 'cdc', 'disease', 'days', 'smallpox', 'sexual', 'rash', 'occur', 'msm', 'infection', 'infected', 'eligible', 'avoid', 'vaccines', 'vaccination', 'spreading', 'sex', 'service', 'risk', 'rate', 'patients', 'offered', 'multiple', 'men', 'information', 'called', 'arent', 'world']"
2323876941,"UPI","WHO says it's 'not concerned' about monkeypox outbreak turning into pandemic","https://www.upi.com/Top_News/World-News/2022/05/30/Switzerland-WHO-monkeypox-pandemic/8591653927162/","May 30 (UPI) -- The World Health Organization official said Monday that it's unlikely that the monkeypox outbreak will evolve into a pandemic like COVID-19.

Sylvie Briand, WHO director of epidemic and pandemic preparedness and prevention, said at a briefing that monkeypox remains a rare and generally mild viral infection -- and that the current outbreak sill has many unknowns.



""We don't want people to panic or be afraid and think that it's like COVID or maybe worse,"" Briand said, according to CNBC.

""This monkeypox disease isnot COVID-19. It is a different virus.""

Briand said that probably the biggest difference with monkeypox is that it's much harder to contract. Monkeypox is typically transmitted through lesions, body fluids or materials that have been in contact with an infected person or animal.

There have been dozens of confirmed monkeypox cases recorded in a number of countries, including Britain and the United States. But experts say that the outbreak is still well below the pandemic threshold. So far, there have been about 250 confirmed cases worldwide. In the United States, there have been about 10 cases so far, the WHO says.



There are several ""phases"" that occur before the WHO declares a pandemic. An outbreak becomes a pandemic when it's characterized as globally widespread and there's sustained transmission among humans.

""At the moment, we are not concerned about a global pandemic,"" WHO technical lead Rosamund Lewis said, according to USA Today. ""We are concerned that individuals may acquire this infection through high-risk exposure if they don't have the information they need to protect themselves.""

While monkeypox cases are typically found in central Africa, the WHO said on Sunday that the vast majority of reported cases so far have no established travel links to an endemic area. The organization said that fact is ""atypical"" of the virus' spread in the past.

""Early epidemiology of initial cases notified to WHO by countries shows that cases have been mainly reported amongst men who have sex with men,"" the WHO said in a statement. ""One case of monkeypox in a non-endemic country is considered an outbreak.

""The sudden appearance of monkeypox simultaneously in several non-endemic countries suggests that there may have been undetected transmission for some time as well as recent amplifying events.""

There have been 257 confirmed cases of monkeypox globally as of Sunday, according to the WHO. Of those cases, 106 have been confirmed in Britain, 49 in Portugal, 26 in Canada, and 20 in Spain. There have been 10 confirmed cases in the United States.","['turning', 'monkeypox', 'pandemic', 'outbreak', 'concerned', 'cases', 'confirmed', 'united', 'states', 'countries', 'typically', 'transmission', 'reported', 'organization', 'nonendemic', 'men', 'infection', 'globally', 'dont', 'britain', 'briand', 'worse', 'worldwide', 'world', 'widespread', 'virusbriand', 'virus', 'viral', 'vast', 'usa', 'upi', 'unknownsadvertisementwe', 'undetected', 'travel', 'transmitted']"
2323846998,"AOL News","WHO: Monkeypox won't turn into pandemic, but many unknowns","https://www.aol.com/news/monkeypox-wont-turn-pandemic-many-120108537-165026511.html","LONDON (AP) — The World Health Organization’s top monkeypox expert said she doesn’t expect the hundreds of cases reported to date to turn into another pandemic, but acknowledged there are still many unknowns about the disease, including how exactly it’s spreading and whether the suspension of mass smallpox immunization decades ago may somehow be speeding its transmission.

In a public session on Monday, WHO's Dr. Rosamund Lewis said it was critical to emphasize that the vast majority of cases being seen in dozens of countries globally are in gay, bisexual or men who have sex with men, so that scientists can further study the issue and for those at risk to be careful.

“It’s very important to describe this because it appears to be an increase in a mode of transmission that may have been under-recognized in the past,” said Lewis, WHO's technical lead on monkeypox.

“At the moment, we are not concerned about a global pandemic,” she said. “We are concerned that individuals may acquire this infection through high-risk exposure if they don’t have the information they need to protect themselves.”

She warned that anyone is at potential risk of the disease, regardless of their sexual orientation. Other experts have pointed out that it may be accidental that the disease was first picked up in gay and bisexual men, saying it could quickly spill over into other groups if it is not curbed. To date, WHO said 23 countries that haven't previously had monkeypox have now reported more than 250 cases.

Lewis said it’s unknown whether monkeypox is being transmitted by sex or just the close contact between people engaging in sexual activity and described the threat to the general population as “low.” Monkeypox is known to spread when there is close physical contact with an infected person or their clothing or bedsheets.

She also warned that among the current cases, there is a higher proportion of people with fewer lesions that are more concentrated in the genital region and sometimes nearly impossible to see.

“You may have these lesions for two to four weeks (and) they may not be visible to others, but you may still be infectious,"" she said.

Last week, a top adviser to WHO said the outbreak in Europe, U.S., Israel, Australia and beyond was likely linked to sex at two recent raves in Spain and Belgium. That marks a significant departure from the disease’s typical pattern of spread in central and western Africa, where people are mainly infected by animals like wild rodents and primates, and epidemics haven’t crossed borders.

Scientists haven't yet determined whether the monkeypox outbreak in rich countries can be traced to Africa, but the disease continues to sicken people on the continent. On Monday, Nigerian authorities confirmed its first monkeypox death this year, in addition to six more cases. WHO says there are typically thousands of cases reported from Nigeria and Congo every year.

Most monkeypox patients experience only fever, body aches, chills and fatigue. People with more serious illness may develop a rash and lesions on the face and hands that can spread to other parts of the body. No deaths have been reported in the current outbreak beyond Africa.

WHO's Lewis also said that while previous cases of monkeypox in central and western Africa have been relatively contained, it was not clear if people could spread monkeypox without symptoms or if the disease might be airborne, like measles or COVID-19.

Monkeypox is related to smallpox, but has milder symptoms. After smallpox was declared eradicated in 1980, countries suspended their mass immunization programs, a move that some experts believe may be helping monkeypox spread, since there is now little widespread immunity to related diseases; smallpox vaccines are also protective against monkeypox.

Lewis said it would be “unfortunate” if monkeypox were able to “exploit the immunity gap” left by smallpox 40 years ago, saying that there was still a window of opportunity to close down the outbreak so that monkeypox would not become entrenched in new regions.

___

Chinedu Asadu in Abuja, Nigeria, contributed to this report.","['wont', 'unknowns', 'turn', 'monkeypox', 'pandemic', 'cases', 'spread', 'smallpox', 'disease', 'reported', 'outbreak', 'countries', 'sex', 'men', 'lewis', 'lesions', 'havent', 'close', 'africa', 'whos', 'western', 'warned', 'symptoms', 'sexual', 'risk', 'related', 'nigeria', 'mass', 'infected', 'immunization', 'immunity', 'gay', 'experts', 'diseases', 'date']"
2328469096,"The Insider -","First probable case of monkeypox identified in San Francisco resident","https://www.eastbaytimes.com/2022/06/03/first-probable-case-of-monkeypox-identified-in-san-francisco-resident/","First probable case of monkeypox in San Francisco reported

Individual is “in isolation and in good condition,” per the city’s public health department

SAN FRANCISCO – The first probable case of monkeypox in San Francisco has been detected, the city’s Department of Public Health announced Friday.

The case was identified through testing at a California Department of Public Health laboratory, the SFDPH said in a news release. The agency said it is awaiting confirmation of those test results from the U.S. Centers for Disease Control and Prevention.

The announcement comes amid a recent uptick in cases globally and in the United States.

The San Francisco-area patient, who traveled to a location with an outbreak in monkeypox cases, is in isolation and in good condition, according to the agency. And the resident reported no close contacts in the city during the time they could have spread the infection.

The SFDPH said the risk to the general population from the virus is believed to be low as the known cause of spread is prolonged contact and bodily fluids. Having close physical contact, including sex, with multiple people can put a person at higher risk.

Monkeypox appears as a distinctive rash or sores on the skin anywhere on the body, including the genital area, and often begins as flu-like symptoms, according to the agency.

The illness typically lasts for 2 to 4 weeks and most recover, according to the CDC.

“San Francisco is prepared for this case and others should more occur,” said San Francisco Health Officer Dr. Susan Philip in a statement.

“We want to emphasize that this is not a disease that spreads easily through the air like COVID-19, however we do want people who might have been exposed to watch out for symptoms and to see a medical provider immediately if they develop symptoms for an evaluation,” Philip continued. “While most cases resolve on their own, monkeypox can be serious in rare cases, and we want to prevent further spread in the community.”

The SFDPH urged anyone who may have been exposed to monkeypox, or who may have symptoms, to immediately contact their health care provider for an evaluation and guidance.

Check back for updates.","['resident', 'identified', 'monkeypox', 'francisco', 'san', 'case', 'probable', 'health', 'symptoms', 'cases', 'spread', 'sfdph', 'public', 'contact', 'provider', 'philip', 'isolation', 'including', 'immediately', 'good', 'exposed', 'evaluation', 'disease', 'department', 'condition', 'close', 'citys', 'agency', 'weeks', 'watch', 'virus', 'urged', 'uptick', 'updates', 'united']"
2330490816,"The Insider -","Monkeypox outbreak: US doctor on surveillance team that helped ID first cases, says outbreak shows how ‘vulnerable we are’ to new pathogens","https://www.eastbaytimes.com/2022/06/06/monkeypox-outbreak-boston-doctor-on-surveillance-team-that-helped-id-first-cases-says-outbreak-shows-how-vulnerable-we-are-to-new-pathogens/","Monkeypox outbreak: US doctor on surveillance team that helped ID first cases, says outbreak shows how ‘vulnerable we are’ to new pathogens

Many questions linger about the outbreak

A leading infectious diseases expert in Boston who’s on a surveillance team that helped identify the first monkeypox cases in Europe says he doesn’t expect the virus to become a “big epidemic,” but cautioned that many questions remain about the outbreak.

Davidson Hamer, a Boston University School of Public Health infectious diseases specialist, also told the Herald that this novel outbreak coming after two-plus years of the COVID-19 pandemic “shows how vulnerable we are to the introduction of new pathogens.”

Scientists at the Centers for Disease Control and Prevention are tracking many cases of monkeypox that have been reported in several countries that don’t normally report monkeypox, including the U.S., which has 24 confirmed cases. The Massachusetts Department of Public Health reported the first case in the country.

“There are lots of questions we still need to answer,” Hamer said. “But it’s good to reassure people that yes, over 1,000 confirmed cases worldwide, but I think it’s going to remain relatively localized in high-risk communities, and that control measures will gradually cause it to subside.

“But the outbreak shows how vulnerable we are to the introduction of new pathogens,” he added.

Many of the monkeypox patients are presenting with lower-body groin lesions, as people spread it through skin-to-skin close contact. Those lesions can be confused with sexually transmitted infections, Hamer noted.

“My worry is it’s not going to be as easy to control as we think,” he said. “I don’t think it’s going to be a big epidemic. It’s just going to be a big worry.”

Hamer is the surveillance lead for GeoSentinel, a surveillance and research network that has 70 sites in 28 countries. GeoSentinel, which is funded by the CDC, focuses on international travelers, migrants and refugees with imported infectious diseases.

Through their network, they learned of the monkeypox outbreak in the first half of May when some of the first few cases were identified in the U.K. Since then, at least eight of their sites have seen patients with monkeypox, including tropical medicine centers in Spain, Portugal, Belgium, the Netherlands, Sweden and Canada.

“We have so many cases now, and we are taking advantage of the networks to try and collect more information to understand how this disease is being transmitted and where it might have come from,” Hamer said. “Most importantly, we’re trying to define how wide it spread, and work with countries to help control it.”

Other remaining questions are whether monkeypox can spread when someone doesn’t have any symptoms and also if the virus can be shed in reproductive tract secretions.","['outbreak', 'pathogens', 'id', 'doctor', 'boston', 'monkeypox', 'cases', 'surveillance', 'vulnerable', 'shows', 'team', 'helped', 'questions', 'hamer', 'control', 'spread', 'infectious', 'countries', 'big', 'virus', 'transmitted', 'sites', 'reported', 'remain', 'public', 'patients', 'network', 'lesions', 'introduction', 'including', 'health', 'geosentinel', 'epidemic', 'dont', 'doesnt']"
2330828398,"UPI","Britain detects 73 more cases of monkeypox","https://www.upi.com/Top_News/World-News/2022/06/07/monkeypox-infections/4661654575974/","June 7 (UPI) -- British health authorities have detected an additional 73 cases of monkeypox for a total of 302 infections -- saying that gay and bisexual men account for the majority of the cases.

""Anyone can get monkeypox, particularly if you have had close contact, including sexual contact, with an individual with symptoms,"" it said, adding that one should go to a sexual health clinic if they have a rash with blisters and have been in close contact with someone who might be infected with the virus or visited West or Central Africa in the past three weeks.



London health officials have said evidence suggests that there may be community spread of the virus.

Britain confirmed its first case of monkeypox in early May among a patient with recent travel history from Nigeria. However, since then, more than two dozen countries have detected monkeypox cases.

Late last week, the World Health Organization said 27 nations had detected nearly 800 cases of the virus, with Britain being the most infected of the countries.

The United Nations' health body said that since May 29, the number of laboratory confirmed cases has increased 203%.



""There have been no deaths associated within the current monkeypox outbreak in non-endemic countries,"" it said.

On Sunday, Washington, D.C., confirmed its first monkeypox infection with the U.S. Centers for Disease Control and Prevention stating Monday that there are 31 cases nationwide.

Monkeypox is a rare disease that is transferable via body fluids and sores.

According to the CDC, fever, headache, muscle aches and exhaustion are among the symptoms induced by monkeypox.

Between one and three days after a patient experiences a fever, a rash develops on the face that spreads over the body. Legions then form and the illness typically lasts between two and four weeks.","['officials', 'britain', '300', 'monkeypox', 'health', 'cases', 'detected', 'contact', 'confirmed', 'body', 'virus', 'symptoms', 'sexual', 'rash', 'patient', 'nations', 'infected', 'fever', 'disease', 'countries', 'close', 'world', 'west', 'weeksadvertisementlondon', 'weeks', 'week', 'washington', 'visited', 'virusbritain', 'upi', 'united', 'typically', 'travel', 'transferable', 'total']"
2331271145,"The New Replublic","There Is a Right Way and a Wrong Way to Respond to Monkeypox","https://newrepublic.com/article/166698/how-worried-should-we-be-about-monkeypox","Monkeypox and Covid aren’t a zero-sum game. They’re more connected than they first appear. Acknowledging that can help us fight both.

ARUN SANKAR/AFP/Getty Images

When the first case of monkeypox raised alarm in the United Kingdom on May 13 and the headlines about potential spread began circulating, many people wondered: Is this the new pandemic, the next threat to worry about, even more than Covid-19, which is currently at some of its highest peaks in the United States? Or is this a distraction from the primary public health crisis—a “charismatic” new pathogen stealing attention because privileged Americans have decided they are done with Covid? The answer, unfortunately, is neither—and both. Monkeypox and the Covid pandemic aren’t as separate as they might at first appear, and they’re not either/or. Instead, experts have told me, the two diseases have arisen out of similar mechanisms, and the disinterest the rich now feel with Covid could make monkeypox harder to stop.

Around the globe, 1,000 cases of monkeypox have now been confirmed. Although monkeypox has been around for decades, this is the first time it has spread outside of countries where it’s usually found, surprising experts and leaving health officials scrambling to understand and contain the scope of the outbreak.

But we’re not just facing a more widespread emergence of a virus that’s behaving in unusual ways. This new threat is hitting a nation wearied by Covid-19, with greater limitations on public health measures than before the pandemic began. More than half of U.S. states have introduced new restrictions on public health powers, while some school districts are no longer allowed to require masks—to prevent Covid or any other disease. At the same time, a changing environment, strained health systems, and a lack of disease monitoring are creating dangerous opportunities for new viruses to emerge and spread. We know how to stop monkeypox. But will we?

It can be difficult to understand exactly how worried the public should be about monkeypox—especially compared to the relative risks of one of our largest Covid surges yet and an unusually long flu season. For now, the individual risk of contracting monkeypox is pretty low, but it’s essential that we take rapid action to quash this outbreak before it continues circulating in people and animals, perhaps permanently.

“The general public needs to be aware and alert,” said Boghuma Titanji, infectious disease doctor and scientist at Emory University, “without at the same time panicking and worrying that this would be a same scenario like Covid-19, where we’ve had millions and millions of cases and also millions and millions of deaths around the world. It’s a very different type of outbreak.”

The general public should have “a heightened sense of awareness” of the unfolding outbreak and the risks of infection, Titanji said. “What is emerging in the ongoing outbreaks is that transmission through close contacts, such as the close contacts that happen during sex, appears to be an important mode of transmission.” The type of behavior that happens during sex—long periods of skin-to-skin contact—also seems to spread this virus without sex.

So far, many of the cases have been identified among men who have sex with men, so it’s vital to reach out to this group to make sure they understand and respond to the risks. But cases have also been identified in other communities, and anyone who is in close contact with many people should be aware of the warning signs of the disease—especially since it’s not clear how long and where the virus has been spreading up to this point.

Especially compared to other harmful viruses in circulation right now, the chances of avoiding monkeypox are pretty encouraging—for now, at least. “For the average American, the risk is low, but when it comes to risk levels, that will continue to change if the epidemic continues to expand,” said Syra Madad, an infectious disease epidemiologist at Harvard’s Belfer Center and senior director of the special pathogens program at NYC Health + Hospitals.

But from a public health standpoint, “it’s very concerning that we’re seeing so many cases pop up in over 30 countries in a very short period of time,” Madad added—particularly because monkeypox can spill back into animals and continue circulating for years, spilling over into humans periodically and creating long-term outbreaks in places where it was never endemic before. And it raises questions about the adequacy of our pathogen surveillance infrastructure: “How long has this outbreak been going on?” she asked. “Has it been weeks, months, or even years?”

Previous outbreaks of monkeypox have usually happened in rural communities bordering forests. “These outbreaks have tended to be contained mostly by virtue of geography,” Titanji said. Once they burn through a small community, there’s nowhere else for the virus to go. But now that the virus is spreading in larger communities, it’s showing new sides—like the ability to spread through sexual contact.

“Viruses, bacteria, or any pathogen—sometimes all it needs is the optimal condition to be able to transmit more efficiently,” Titanji said. “If you then take that pathogen and you give it a niche in sexual networks, maybe that is facilitating its transmission.”

It’s also possible the virus is spreading in new ways because it has picked up some helpful mutations, and it could be spreading more because more people are susceptible now that our collective immunity against smallpox, a cousin in the same virus family, has waned. Population growth could be another reason, as remote areas become more developed and better connected to densely populated cities.

Monkeypox has long been an example of the diseases that could become more common in a heated climate and changing land, as people push into forested areas for agriculture or living space. The expansion and development of previously uninhabited spaces, along with the migration of species in a warming world, are proving a dangerous petri dish for the emergence of viruses—both new, as with Covid, and previously documented, as with monkeypox.

All of these factors have likely given rise to the monkeypox outbreak, Titanji said. “That’s what pathogens do: They find a loophole, and if the loophole favors their transmission, then they’re able to cause outbreaks.”

And now, in the wake of the still-surging Covid pandemic, we may have discovered another way to facilitate the emergence of viruses: by putting new limits on public health measures. “Restrictions on the authority and the power given to public health is not only concerning, it is frustrating, it is frightening, and it’s going to not only hurt us in the short term, it’s also going to hurt us in the long term,” Madad said.

A rising chorus of experts has called for stopping new infections at the source and monitoring potential new pathogens in people before they spread across the globe. But monkeypox illustrates how far behind we are in this task. African researchers, who have immense experience with monkeypox and other pressing diseases, have frequently been marginalized in conversations and research around infectious disease—even now, during this outbreak.

“You have to think about tackling the ongoing outbreaks in Europe and America and other regions, but you also have to think about how you allocate and share these resources to allow scientists who have been working on this in Africa for 50 years to actually deploy the same strategies to protect the populations and curb the outbreaks in these areas,” Titanji said. “If we had taken monkeypox more seriously as a global health threat, there would have been more investment in the research to help us understand these very complex dynamics between humans, the environment, and the animals with which we share this environment.”

Only addressing the outbreaks in some countries, without tackling outbreaks in endemic countries, means we will continue seeing the same problems again and again. A recent monkeypox case in Virginia, for instance, was linked to a traveler returning from Nigeria. “These introductions are still happening,” Titanji said. “We can’t only begin to worry about these diseases when they reach the shores of wealthier countries.”

Anyone who has survived the past two years can’t help but see echoes of Covid-19—the uncertainty around the way this virus behaves, the extent to which it has already spread, the way in which inattention to inequality prolongs the pandemic, the way our nation’s public health system seems unprepared to deal with an outbreak. (The U.S. Centers for Disease Control and Prevention did not respond to inquiries about its system for tracking monkeypox and how long it has been in place.)

And another outbreak, amid the fatigue, confusion, and misinformation around Covid, could threaten to engulf or short-circuit our attention. “There’s always the risk that when you’re dealing with multiple public health issues, especially infectious disease outbreaks, at the same time, it can be overwhelming,” Titanji said. That’s true both for the people tasked with responding to these outbreaks—the already exhausted health workers and public health officials—and for a public navigating “a maze of information on very different outbreaks and new pathogens,” she said.

But many of the precautions employed against Covid and other respiratory viruses also help against monkeypox: washing hands, wearing masks, staying home when you’re sick, getting tested if you notice anything unusual. And our language around disease prevention and knowledge of the spread of disease has expanded significantly in the past two years. Because of the Covid pandemic, Madad said, “people are much more aware of global health.” We better understand incubation periods, how to quarantine and isolate, why it’s important to get tested and seek health care services. “It’s going to our favor,” said Madad, “because now [when] we talk about monkeypox, or any other type of emerging and reemerging infectious disease, people have a better understanding of what it is and what they can do to protect themselves.”

And there’s still time to stop this outbreak and keep the virus from gaining a foothold in new places. “If we do basic public health measures, like contact tracing, case investigation, case management, prevention, we’re able to contain this epidemic,” Madad said. “If we have better surveillance, more people looking out for this disease; the earlier we can catch cases, the more we can isolate and quarantine, and the more that we can prevent further onward spread of this virus.”

Despite the parallels with Covid-19, monkeypox is different. We have the time and resources—vaccines, treatments, monitoring networks—to stop monkeypox in its tracks. The question is whether we will be able to deploy these resources in an already stretched health system and among a public that is rapidly losing trust in officials.

That’s not a question scientists can answer. Policymakers and the public are the ones who get to decide whether the lessons from Covid help us in the fight against monkeypox—or whether we decide, disastrously, to treat the diseases vying for our attention as a zero-sum game.","['wrong', 'respond', 'monkeypox', 'health', 'public', 'covid', 'outbreaks', 'disease', 'virus', 'spread', 'titanji', 'outbreak', 'pandemic', 'madad', 'long', 'cases', 'understand', 'infectious', 'diseases', 'viruses', 'spreading', 'risk', 'pathogens', 'millions', 'covid19', 'countries', 'case', 'type', 'transmission', 'threat', 'theyre', 'system', 'stop', 'risks', 'prevention']"
2331271897,"time","What Our COVID-19 Response Can Teach Us About Containing Monkeypox","https://time.com/6184820/monkeypox-covid-19-response/","Monkeypox and COVID-19 are different in many ways. Though relatively rare, monkeypox has been around for decades; indeed, it has become endemic to parts of central and western Africa. There is already a vaccine that can prevent infection and research to show that monkeypox typically spreads via close or prolonged physical contact with an infectious person or their bodily fluids—meaning, based on what researchers know now, it probably won’t spread as widely or as fast as SARS-CoV-2, which can travel invisibly through the air.

Nonetheless, there has been some deja vu as monkeypox cases tick upward, reaching 780 in 27 non-endemic countries as of the World Health Organization’s latest update two days ago. Once again, a virus unknown to most people is spreading across the globe. Once again, it is turning up in people without relevant travel history or known exposure to a sick person. And once again, some experts say, public-health authorities are missing chances to block its path.

Monkeypox testing in the U.S. currently runs through the U.S. Centers for Disease Control and Prevention (CDC), as was true of COVID-19 testing at the start of the pandemic. Joseph Osmundson, a clinical assistant professor of biology at New York University who co-authored a recent New York Times opinion piece on monkeypox response, says regulators need to start preparing now, while cases are low, to be ready in the event that changes. That means clearing the way for hospitals and laboratories to do their own testing, rather than sending everything to the CDC.

And in the meantime, it’s crucial to educate the public about signs of monkeypox and encourage health care providers to submit any possible cases to the CDC for testing, Osmundson says. “We really have no idea what the scale is right now,” he says. “We know it’s more than we’re detecting, but we have no idea how much more.”

Dr. Boghuma Kabisen Titanji, an infectious disease doctor at Emory University, recently told the Atlantic that experts should not fall into a certainty trap with monkeypox, speaking too confidently about an outbreak they are still learning much about. “If we’ve learned anything from COVID, it’s to have humility,” she said.

Some early statements about COVID-19—that masks wouldn’t work, for example—calcified into misinformation public-health authorities are still trying to fight. This time, experts must be careful to acknowledge what they do and do not know, and be clear that guidance may change. Osmundson has been encouraged that, with monkeypox, the CDC has largely deferred to experts who are gay, bisexual, or men who have sex with men on how best to communicate, given that people from those communities have been disproportionately affected so far. That may be a lesson learned from the COVID-19 pandemic, which has highlighted the importance of tailoring the right message to the right audience, particularly where vaccines are concerned.

The pandemic has strengthened some other public-health responses, too. The Biden Administration requested almost $90 billion to pay for things like laboratory surveillance networks and the development of testing and treatment infrastructure starting in fiscal year 2023. In a June 2 interview with STAT, Dr. Raj Panjabi, who directs the White House’s global health security efforts, said his team is working on plans to scale up monkeypox testing and vaccine production if necessary, not just in the U.S. but also around the world.

That last piece is crucial. Of all the lessons COVID-19 has taught us, one of the biggest is that a threat to one part of the globe is a threat to all. It’s too soon to say how big a threat monkeypox will be. But the time to act is now, Osmundson says. “Actions when it doesn’t seem that bad are the ones that have the largest effect,” he says.","['teach', 'response', 'monkeypox', 'covid19', 'testing', 'osmundson', 'experts', 'threat', 'publichealth', 'pandemic', 'health', 'cdc', 'cases', 'york', 'vaccine', 'university', 'travel', 'start', 'scale', 'piece', 'person', 'men', 'learned', 'infectious', 'idea', 'globe', 'disease', 'crucial', 'authorities', 'wouldnt', 'worldthat', 'world', 'working', 'work', 'wont']"
2331590114,"Blaze","CDC raises monkeypox alert to Level 2, issues mask guidance, then stealth-edits advice","https://www.theblaze.com/news/cdc-monkeypox-alert-mask","The Centers for Disease Control and Prevention has raised its alert to Level 2 and briefly recommended that travelers wear masks to protect themselves from the contagious monkeypox virus, Fox News has reported. The disease is primarily spread through direct contact with the sore of an infected person; however, infectious disease experts believe it can also be transmitted through prolonged, face-to-face contact with an infected person

A Level 3 alert — the highest of its kind — would discourage non-essential travel.

What are the details?

The CDC has stated that travelers should also be on the lookout for telltale signs of a monkeypox infection which include flu-like symptoms, a body-wide rash, and swelling of the lymph nodes.

In its alert, the CDC wrote, ""Cases of monkeypox have been reported in Europe, North America, South America, Africa, Asia, and Australia ... Some cases were reported among men who have sex with men. Some cases were also reported in people who live in the same household as an infected person.""

CNBC reported that the CDC ""originally recommended on its website that travelers wear face masks to help prevent the spread of monkeypox but later removed it.""

According to Fox, there have been 21 recorded monkeypox cases in the U.S. connected to the current outbreak.

CNBC reported that global cases have surpassed 1,000 across 29 countries at the time of this publication.

What else is there to know about this?

Professor Eyal Leshem, an infectious disease expert at Sheba Medical Center in Israel, told CNBC that the spread of monkeypox to non-endemic countries was not surprising considering the proliferation of international travel.

“Diseases that were locally spread are now able to make their way across countries and continents much more easily,” Leshem said. ""Meanwhile, interaction between humans and animals has also amplified. Climate change has forced some animals into closer contact with humans, you will see more of these types of diseases.""

On Monday, U.S. health experts said that it has at least 36,000 doses of a ""suitable vaccine"" for those people who have had ""high-risk exposures"" to the virus.","['stealthedits', 'raises', 'mask', 'issues', 'guidance', 'advice', 'monkeypox', 'cdc', 'alert', 'level', 'reported', 'cases', 'spread', 'disease', 'travelers', 'infected', 'countries', 'contact', 'wear', 'virus', 'recommended', 'men', 'masks', 'leshem', 'infectious', 'humans', 'fox', 'experts', 'animals', 'america', 'wrote', 'website', 'vaccine', 'types', 'travelwhat']"
2332238171,"HuffPost","CDC Raises Travel Alert As Monkeypox Cases Grow","https://www.huffpost.com/entry/monkey-pox-level-two-cdc-travel-alert_n_62a043f7e4b0cf43c8425bdd","Over 1,000 monkeypox cases have been reported worldwide as of Tuesday, according to the CDC.

LOADINGERROR LOADING

The Centers for Disease Control and Prevention raised its travel alert to level two on Monday, asking travelers to “practice enhanced precautions” as monkeypox cases have grown to over 1,000 worldwide.

The travel alert encourages people traveling to “avoid close contact” with sick people and animals with skin lesions.



The CDC cautions that the risk to the general public is low but anyone who gets an “unexplained skin rash” should seek medical help.

Cases of monkeypox – a rare disease from the monkeypox virus that causes skin rashes after symptoms like fever and muscle aches – have grown this year. The disease has been spreading undetected, the World Health Organization said last week.

The disease “occurs throughout” Central and West Africa, and infections from the virus occur through skin-to-skin contact, materials with the virus on it, or body fluids, the CDC noted.

The CDC initially recommended face masks to prevent the spread of the rare disease but removed the guidance following social media criticism, the Wall Street Journal reported.



The CDC said it removed the guidance “because it caused confusion,” according to the newspaper, but recommends the use of masks for people at “high risk of contracting monkeypox.”

There have been 1,088 confirmed cases of monkeypox in 29 countries this year as of Tuesday, including 302 confirmed cases in the U.K., the CDC reported.

Vaccines can be used for the monkeypox virus, including ACAM200 and JYNNEOS vaccines that can reduce symptoms but “not prevent the disease,” according to the CDC.

","['raises', 'grow', 'alert', 'monkeypox', 'cdc', 'cases', 'travel', 'free', 'disease', 'virus', 'huffpost', 'expensive', '2024', 'skin', 'journalism', 'critical', 'country', 'wellinformed', 'voters', 'symptoms', 'stake', 'risk', 'retreat', 'reported', 'removed', 'rare', 'prevent', 'press', 'presidential', 'polls', 'newsrooms', 'masks', 'investigations', 'including', 'head']"
2332770850,"Orange County Register","Second presumed case of monkeypox reported in LA County","https://www.ocregister.com/2022/06/08/second-presumed-case-of-monkeypox-reported-in-la-county/","The newest patient was described only as an adult who had recently traveled, although further details were not released.

A second presumed case of monkeypox has been identified in Los Angeles County, health officials said on Wednesday, June 8, stressing that the risk of infection in the general population remains low.

The newest patient was described only as an adult who had recently traveled, although further details were not released. The person is showing symptoms but is “doing well and isolating away from others,” according to the county Department of Public Health.

Health officials said they are continuing to investigate the case and identify people who had contact with the patient.

It is the second presumptive case of monkeypox announced by the county in the past week. Last Thursday, the county revealed it had found its first presumed case, which was later verified by the U.S. Centers for Disease Control and Prevention. That person was an adult who had recently traveled and had “a known close contact to a case,” health officials said.

According to the CDC, there have been eight confirmed monkeypox cases in California, and 40 nationally, as of Wednesday.

County health officials insisted that “the risk of monkeypox in the general population remains very low.”

The infection can cause lesser symptoms such as fever and body aches before developing into a rash that spreads across the body.

Since monkeypox cases are usually more common in African nations, its appearance in the United States and more than a dozen other countries has generated headlines, particularly among a populace weary of the COVID-19 pandemic. But health officials insist COVID is far more infectious than monkeypox.

Public Health Director Barbara Ferrer said last week that spread of the illness “requires close contact with an infected person or with belongings that the infected person has used.”

“Am I worried we’re going to have a massive outbreak of monkeypox? No,” she said.

Health officials said the infection spreads through contact with bodily fluids, monkeypox sores or shared items such as bedding or clothing that were contaminated with fluids. It can also be transmitted through saliva and sexual contact.

Most people who develop monkeypox have only mild illness that goes away within two to four weeks without treatment.

People with symptoms are urged to visit a medical provider, cover the rash area with clothing, wear a mask and avoid close or skin-to-skin contact with others.

The CDC particularly recommends those steps for people who recently traveled to an area where monkeypox cases have been reported, or who have had contact with a confirmed or suspected monkeypox cases. A full list of countries that have confirmed monkeypox cases is available at https://wwwnc.cdc.gov/travel/notices/alert/monkeypox.","['reported', 'la', 'monkeypox', 'case', 'county', 'presumed', 'officials', 'contact', 'health', 'cases', 'traveled', 'recently', 'person', 'symptoms', 'infection', 'confirmed', 'close', 'adult', 'week', 'spreads', 'risk', 'remains', 'rash', 'population', 'patient', 'newest', 'lowthe', 'infected', 'illness', 'general', 'fluids', 'details', 'countries', 'clothing', 'cdc']"
2337779197,"foxbusiness.com","US monkeypox infections climb to 65","https://www.foxnews.com/health/us-monkeypox-infections-climb-to-65","Monkeypox cases in the U.S. have continued to steadily climb, reaching 65 on Monday.

California and New York have reported the most, with 15 and 11, respectively.

The Department of Health in Ohio said it had identified a probable infection in an adult male resident, with confirmatory testing at the U.S. Centers for Disease Control and Prevention (CDC) pending.

""What I want to emphasize strongly is that monkeypox does not spread easily between people, and so the risk to Ohioans generally is very low,"" Ohio Department of Health (ODH) Director Dr. Bruce Vanderhoff said in a statement.

HAWAII REPORTS THIRD CASE OF PROBABLE MONKEYPOX, NATIONWIDE TALLY HITS 45

Illinois is nearing double digits, with eight cases, according to the CDC.

Hawaii and Florida each have five and Colorado has four.

Massachusetts now has three, while officials in Utah, Georgia and the District of Columbia have each counted two.

Arizona, Oklahoma, Pennsylvania, Rhode Island, Texas, Virginia and Washington state all have one.

WHO: MONKEYPOX BECOMING 'ESTABLISHED' IN NON-ENDEMIC COUNTRIES IS 'REAL' RISK

The World Health Organization (WHO) has reported hundreds of cases of suspected monkeypox and orthopoxvirus globally.

Although the majority of new monkeypox cases have been seen in gay or bisexual men, experts caution that anyone is at potential risk.

People normally become infected with the monkeypox virus through contact with the skin lesions or bodily fluids of infected animals or humans or through contact with materials contaminated with the virus.

Monkeypox, which is related to smallpox, has milder symptoms.



Some of those symptoms include fever, chills, rash and aches, before lesions develop.","['infections', 'climb', '65', 'monkeypox', 'cases', 'health', 'reported', 'probable', 'ohio', 'lesions', 'infected', 'department', 'contact', 'york', 'world', 'washington', 'virusmonkeypox', 'virus', 'virginia', 'vanderhoff', 'utah', 'twoarizona', 'texas', 'testing', 'tally', 'symptomsclick', 'symptoms', 'suspected', 'strongly', 'steadily', 'statementhawaii', 'state', 'spread', 'smallpox', 'skin']"
2338066725,"CNN U.S. Edition","WHO to weigh whether monkeypox is a public health emergency of international concern","https://www.cnn.com/2022/06/14/health/who-monkeypox-public-health-emergency-international-concern/index.html","The World Health Organization will convene an emergency committee meeting to assess whether the monkeypox outbreak is a public health emergency of international concern, WHO Director-General Tedros Adhanom Ghebreyesus said at a news briefing in Geneva on Tuesday.

“I think it’s now clear that there is an unusual situation, meaning even the virus is behaving unusually from how it used to behave in the past,” Tedros said. “But not only that, it’s also affecting more and more countries, and we believe that it needs also some coordinated response because of the geographic spread.”

WHO defines a public health emergency of international concern, or PHEIC, as “an extraordinary event which is determined to constitute a public health risk to other States through the international spread of disease and to potentially require a coordinated international response.”

The organization says that the definition implies that a situation is “serious, sudden, unusual or unexpected; carries implications for public health beyond the affected State’s national border; may require immediate international action.”

This definition comes from the International Health Regulations, which were created in 2005 and represent a legal agreement involving 196 countries with the aim of helping the international community prevent and respond to public health risks that have the potential to spread around the globe.

The US Centers for Disease Control and Prevention describes the regulations as “a legally binding agreement of 196 countries to build the capability to detect and report potential public health emergencies worldwide. IHR require that all countries have the ability to detect, assess, report, and respond to public health events.”

Two PHEICs are ongoing: polio, which began in 2014, and Covid-19, starting in 2020.

Four others have been declared since the regulations were put into place: H1N1 influenza from 2009 to 2010, Ebola from 2014 to 2016 and from 2019 to 2020, and the Zika virus in 2016.

WHO considers name change for virus

“WHO is also working with partners and experts from around the world on changing the name of monkeypox virus, its clades and the disease it causes,” Tedros said. “We will make announcements about the new names as soon as possible.”

Tedros said there have been more than 1,600 confirmed and almost 1,500 suspected monkeypox cases reported to WHO this year from 39 countries, seven of which are places where monkeypox has been detected for years. The other 32 are newly affected countries.

Seventy-two deaths have been reported this year from previously affected countries, and although none has been reported from newly affected countries, WHO is seeking to verify reports from Brazil of a monkeypox-related death.

According to the CDC, as of June 13, there are 65 confirmed or probable monkeypox cases in the United States.

WHO’s goals are to support countries in containing transmission and to stop the outbreak with public health tools, Tedros said, adding that it is essential to raise awareness of risks and actions to reduce transmission in those groups who are most at risk.

Although WHO doesn’t recommend mass vaccination against monkeypox, it published interim guidance Tuesday on using smallpox vaccines for monkeypox, he said.

“While smallpox vaccines are expected to provide some protection against monkeypox, there is limited clinical data and limited supply,” Tedros said. “Any decision about whether to use vaccines should be made jointly by individuals who may be at risk and their health care provider based on an assessment of risks and benefits on a case-by-case basis.”

He also noted that it’s essential that vaccines are available equitably wherever they are needed, and he said WHO is working with member states and partners to develop a mechanism for fair access to vaccines and treatments.","['weigh', 'concern', 'health', 'public', 'monkeypox', 'international', 'emergency', 'countries', 'vaccines', 'tedros', 'affected', 'virus', 'states', 'risks', 'require', 'reported', 'regulations', 'disease', 'world', 'working', 'unusual', 'transmission', 'spread', 'smallpox', 'situation', 'risk', 'respond', 'report', 'potential', 'partners', 'outbreak', 'organization', 'newly', 'limited', 'essential']"
2346727310,"Wall Street Journal","The Margin: Monkeypox vaccine clinic opens in NYC — here’s who is eligible","http://www.marketwatch.com/news/story.asp?guid=%7B20C05575-04D4-B545-7EE5-FD0E848429ED%7D&siteid=rss&rss=1","Monkeypox is a rare viral disease, similar to smallpox, that has mostly occurred in central and Western Africa, but new outbreaks have been reported around the globe this year. There were 3,308 confirmed cases in 42 countries as of June 22, with 155 cases reported in the U.S., according to the Centers for Disease Control and Prevention.

Monkeypox spreads when a person encounters the virus through close contact with another human, most often through direct contact with a rash or the sores of someone who has the virus, as well as through respiratory droplets that can be passed in prolonged close contact, including sex. It can also be spread through close contact with an animal infected with the virus, or items that could be contaminated with body fluids carrying the monkeypox virus, like bedding or clothing.

And because the monkeypox virus belongs to the same family of viruses as smallpox, smallpox vaccines can protect people from getting monkeypox. The Jynneos vaccine made by Bavarian Nordic BVNKF, +2.55% has been licensed in the United States to prevent monkeypox and smallpox. And this two-dose vaccine is what will be administered in NYC’s new monkeypox vaccine site located at the Chelsea Sexual Health Clinic at 303 Ninth Ave., between West 27th and 28th streets, in Manhattan. The clinic is now open on Mondays, Tuesdays, Thursdays, Fridays and Sundays from 11 a.m. to 7 p.m. local time. You can make an appointment at nyc.gov/health/monkeypox.

People who may have had a recent exposure to monkeypox were already eligible for the vaccine in New York. The city health department has now expanded eligibility to “all gay, bisexual, and other men who have sex with men (cisgender or transgender) ages 18 and older who have had multiple or anonymous sex partners in the last 14 days.” This is because, while anyone can get and spread monkeypox, most of the cases in the current outbreak have been among gay, bisexual or other men who have sex with men, the health department explained.

New York joins similar monkeypox vaccination efforts ramping up in Montreal and Toronto in Canada. The United Kingdom, which has the most reported monkeypox cases (793 as of June 22, per the CDC), recently widened eligibility for monkeypox vaccines by tens of thousands of people to stop the spread.

Earlier in June, the U.S. government announced it had ordered 500,000 additional Jynneos doses to be delivered later this year. This would be added to the 72,000 Jynnous doses that the government already had on hand, as well as an earlier 300,000-dose order from vaccine maker Bavarian Nordic.

The original smallpox vaccine, ACAM2000, has also been shown to be about 85% effective in preventing monkeypox, although there were some serious side effects. So roughly half of all Americans have some immunity against monkeypox because they were vaccinated against smallpox, although smallpox vaccinations mostly ended in 1972, after the disease was eradicated in the country.","['opens', 'nyc', 'heres', 'eligible', 'monkeypox', 'vaccine', 'clinic', 'smallpox', 'virus', 'sex', 'men', 'contact', 'cases', 'reported', 'health', 'disease', 'close', 'york', 'vaccines', 'united', 'spread', 'similar', 'jynneos', 'gay', 'eligibility', 'doses', 'department', 'bisexual', 'bavarian', '22', 'widened', 'western', 'west', 'viruses', 'viral']"
2346801924,"Mic","The meningococcal outbreak in Florida is killing queer men of color","https://www.mic.com/life/meningococcal-outbreak-florida-queer-men","At this point I’m convinced that diseases are homophobic. Just consider all the havoc they’ve caused during Pride month alone. First, we had the ongoing monkeypox outbreak and now the meningococcal disease has already infected 24 people and killed seven in Florida — most of them gay and bisexual men.

This is one of the worst meningococcal outbreaks in U.S. history and the CDC is recommending that all men who have sex with men get the vaccine for the bacteria if they live in or are traveling to Florida. They’ve also urged all college students in Leon County, which includes Tallahassee, to consider getting vaccinated.

Meningococcal disease includes meningitis, an infection that can be bacterial, viral, or even parasitic. Bacterial meningitis, which is the one currently spreading, is the most serious because it attacks the brain and spinal cord and can cause death in a matter of hours in extreme cases, per the CDC. Symptoms to look out for include sudden high fever, nausea, and a purplish skin rash, according to the New York Department of Health. Many people recover without problems but a few are left with permanent brain damage.

Like most outbreaks, this latest bout of meningococcal disease is predominantly affecting vulnerable populations. About half of the people infected so far in Florida have been Hispanic men, according to CNN, and new cases are still being reported. The bacteria is mostly spread through prolonged contact with someone who is coughing or through kissing and sharing drinks.

If you are a queer man, do not panic; this is not even close to being a pandemic yet. We can still enjoy what we have left of Pride month, but it is important to make sure that you are up to date with your shots. Also, you should get the meningococcal vaccine (MenACWY and MenB), which is available in pharmacies and community health centers. If you are showing symptoms, go to your doctor immediately because the bacteria is still treatable with antibiotics if caught early.","['queer', 'outbreak', 'killing', 'color', 'meningococcal', 'men', 'florida', 'disease', 'bacteria', 'vaccine', 'theyve', 'symptoms', 'pride', 'outbreaks', 'month', 'meningitis', 'left', 'infected', 'includes', 'health', 'cdc', 'cases', 'brain', 'bacterial', 'york', 'worst', 'vulnerable', 'viral', 'vaccinatedmeningococcal', 'urged', 'treatable', 'traveling', 'tallahassee', 'sudden', 'students']"
2349883684,"Guardian US","Should we be worried that polio has been detected in the UK?  | Devi Sridhar","https://www.theguardian.com/commentisfree/2022/jun/27/polio-detected-uk-outbreak-infectious-disease","Covid-19 variants, monkeypox and now polio: you might wonder what else will be thrown at us in 2022. Last week in London, polio was detected in sewage screened by the National Institute for Biological Standards and Control (NIBSC), which has been surveilling the disease for decades as part of an international commitment to the World Health Organization.

The latest screening and analysis with metagenomics indicates that this polio strain is derived from the oral polio vaccine (OPV) still used in some parts of the world. Some countries use live, non-infective, non-virulent polio virus for their inoculations, which can evolve to become infectious in some cases. So we now know there has been introduction and then transmission of one of these strains within London – though the exact cases have yet to be identified.

Most people’s introduction to the concept of global health has been through Covid-19, and so it has come to be associated with broad population-wide measures such as mask mandates, closure of sectors, stay at home orders and limits on mixing. When hearing about polio and monkeypox, the response to Covid-19 might jump to mind. But this was a new disease, spread through respiratory mechanisms, for which there was no vaccine or established therapy, that threatened to bring about complete heathcare collapse. Covid-19 prompted a broad and extreme response given the threat of mass death. The response to polio is different.

First, in the UK we have a safe and incredibly effective vaccine for polio, commonly referred to as IPV. This is administered as a jab by a trained medical professional. IPV is part of the standard childhood immunisation programme and, with all four doses, is 99-100% effective. There is no live virus in this vaccine.

For this outbreak, the key steps are for public health teams to track down these cases in London to limit spread and stop further transmission, and for parents to be encouraged to check their children are vaccinated against polio. Vaccination is the best protection, but good hygiene measures are important too: polio is introduced into the body through the mouth and often from faeces (poo). Recent outbreaks of measles and mumps in Britain reveal how many children have not had their routine childhood jabs, and how complacency over vaccination has taken hold as memory of diseases such as whooping cough and tetanus fades.

The emergence of polio in London also reminds us of the irreducibly global nature of health. Because of the relatively higher cost of IPV, and the need for decent health systems (including staff and equipment) to administer it, the live oral vaccine is still used in many places. Virus-shedding from someone recently vaccinated can spread to others. Mutations during transmission among unvaccinated individuals can result in a vaccine-derived poliovirus which can have the same negative impact as wild polio (ie paralysis). The Global Polio Eradication Initiative is now working to replace the use of OPV, given its risks, with at least one dose of IPV.

While wild poliovirus is endemic in just Afghanistan and Pakistan, vaccine-derived polio cases are regularly identified in sub-Saharan Africa and other parts of the world. Contending with multiple infectious diseases at the same time is normal in most parts of the world. Cholera, plague, malaria and measles still circulate and cause illness and death, despite major global health efforts to support governments in managing them.

We know about these recent polio cases because of surveillance: having routine testing in place meant that the underlying pathogen and its genetic sequencing were quickly detected and identified. And as part of the scientific advances made during the Covid-19 pandemic, surveillance has become better, especially in richer countries. However, it’s not the only reason we’re hearing more about outbreaks. We are actually having more outbreaks across the world, and diseases are spreading in unexpected ways. The underlying reasons are: more contact between animals and humans (when spillover events happen); animals being kept in unhygienic conditions (such as industrial farming); deforestation; increased urbanisation (people living close together); and connectivity (people travelling all over the globe).

Hearing the news from London feels like a step backwards given how close the entire world has been to global polio eradication in recent years; however, we have managed polio outbreaks before, and it will be controlled again. The history of humanity is the history of various pathogens trying to disable and kill us – and equally the history of scientific and public health advances, and human ingenuity in staying ahead of them. Some humility in the face of infectious diseases and recognition of our global interdependence are always needed.","['worried', 'uk', 'sridhar', 'devi', 'detected', 'polio', 'health', 'world', 'global', 'london', 'covid19', 'cases', 'vaccine', 'outbreaks', 'diseases', 'transmission', 'spread', 'response', 'recent', 'parts', 'live', 'ipv', 'infectious', 'history', 'wild', 'virus', 'vaccinederived', 'vaccination', 'vaccinated', 'underlying', 'surveillance', 'scientific', 'routine', 'public', 'poliovirus']"
2359457821,"The Insider -","Second probable monkeypox case found in Santa Cruz County","https://www.eastbaytimes.com/2022/07/07/second-probable-monkeypox-case-found-in-santa-cruz-county/","County response efforts are ongoing and in coordination with neighboring health officials

SANTA CRUZ – For the second time in one week, a probable case of the monkeypox virus has been identified in Santa Cruz County.

The individual is under the care of a medical provider, in isolation and in good condition, according to a release Wednesday from the county’s Health Services Agency. Officials are awaiting confirmatory test results from the Centers for Disease Control and Prevention, but contact tracing efforts have already begun.

“We ask that, to the extent possible, those who have not been exposed engage in safe behaviors to minimize exposure,” said Deputy Health Officer David Ghilarducci on Wednesday.

Monkeypox appears as distinctive sores or a rash that can occur anywhere on the skin, including the genital area. Infection often begins with flu-like symptoms, according to the county release. Conditions in which the virus can be spread include direct contact with the infectious rash, scabs or body fluids, intimate sexual contact, kissing, breathing at very close range or sharing bedding and clothing that previously touched an infectious lesion.

According to the county’s monkeypox information page, individuals can stay safe by covering exposed skin in crowds, avoid sharing bedding or clothes with others and talking with close physical or sexual contacts about their general health. Infection can be serious, but most cases resolve on their own.

“Fortunately this particular strain of monkeypox does not appear to be especially deadly,” Ghilarducci said. “But, for those that have underlying conditions and immunosuppression…that can put you at particular risk.”

Response efforts

Ghilarducci said the county health department is stepping up response efforts to the virus and is collaborating with neighboring counties.

“We are identifying any local cases, contacts, and giving them appropriate treatment … that primarily includes vaccination for those that have been exposed,” he said. “There are efforts on the regional level with the Association of Bay Area Health Officers. We are collaborating with that group to look at our regional vaccination scheme as well.”

There are two monkeypox vaccines that have been previously approved by the U.S. Food and Drug Administration, according to the CDC’s website. Ghilarducci said not enough doses are available at this point to use the vaccines as a preventative measure, but he hopes that will change in the future.

“At some point we would love to do that because ultimately, that’s going to be the way to control this,” he said.

Traits, demographics

Monkeypox’s incubation period – the time between exposure to the virus and development of symptoms – is about one to two weeks, but individuals are not contagious during that period, according to the CDC’s website. The illness will typically last two to four weeks and the virus can be spread from the time symptoms start until the rash is fully healed and a fresh layer of skin has formed. It is not yet known if the virus can spread through semen, vaginal fluids, and other bodily fluids.

Ghilarducci noted that an overwhelming percentage of cases, both statewide and in the U.S. overall, have occurred among persons self-identifying as men who have sex with men. Still, monkeypox can infect anyone and county health officials were unable to provide specific demographic details for the two probable cases at this time.

“There is a theoretical possibility that this can be transmitted in an airborne fashion, but it does not appear to be the main source of transmission, unlike COVID,” Ghilarducci said. “We do expect more cases here in Santa Cruz County, but we don’t think it’s going to blow up like we saw with COVID, just because of the nature of this illness and how it seems to be related to this one particular social group at this point.”

According to the CDC’s monkeypox tracker, California leads the U.S. with 117 cases, while there are 559 nationwide as of Wednesday. Individuals who may have been exposed to monkeypox or who have symptoms should immediately contact a health care provider for evaluation and guidance. More information can be found at www.santacruzhealth.org/monkeypox or call 831-454-4242.

By the numbers

Probable Santa Cruz County cases: 2

California cases: 117

U.S. cases: 559","['case', 'monkeypox', 'county', 'cruz', 'santa', 'probable', 'cases', 'health', 'virus', 'symptoms', 'ghilarducci', 'exposed', 'efforts', 'contact', 'spread', 'skin', 'rash', 'individuals', 'cdcs', 'weeks', 'website', 'vaccines', 'vaccination', 'sharing', 'sexual', 'safe', 'response', 'release', 'regional', 'provider', 'previously', 'point', 'period', 'officials', 'neighboring']"
2370545408,"USA Today","CDC issues health alert warning new parents: What is parechovirus? What are the signs, symptoms in babies?","https://feeds.feedblitz.com/~/703239664/0/usatoday-newstopstories~CDC-issues-health-alert-warning-new-parents-What-is-parechovirus-What-are-the-signs-symptoms-in-babies/","Although it's not new to U.S., the CDC said it has received multiple reports of cases since May 2022

Most cases are the PeV-A3 strain, which is most commonly associated with severe disease

Symptoms may include a fever, rash and respiratory tract infection in children 6 months to 5 years

First the coronavirus. Then the monkeypox virus. Now the parechovirus?

The Centers for Disease Control and Prevention issued a health alert last week warning parents and pediatricians the potentially dangerous pathogen is circulating in the country.

The agency said it received multiple reports of infection since May and encouraged health care providers to test for it when patients present certain symptoms.

The CDC said most of the reports entail the PeV-A3 strain, which is most commonly associated with severe disease. The agency did not say which states reported infections or whether there were any deaths associated with the virus.

Here's what else you should know.

What is parechovirus?

Parechoviruses are common childhood pathogens similar to enteroviruses such as the poliovirus, said Dr. Rick Malley, an infectious disease specialist at Boston Children’s Hospital.

There are four types of the virus, of which only PeV-A is known to cause disease in humans. PeV-A has multiple strains, but PeV-A3 is most commonly associated with severe disease in newborns, the elderly and immunocompromised people, experts said.

Parechoviruses are not new to the USA, Malley said, but surveillance was limited until a few years ago. So it’s unclear if they’re more prevalent compared with previous years.

“They are around us all the time, and they have been. They typically cause more diseases in the summer and fall,” he said. “What is slightly unusual is that the CDC is reporting them from a few months back, suggesting that … the natural epidemiology of these viruses has changed in the context of COVID.”

Parechovirus rash and other signs, symptoms

Parechoviruses can range from asymptomatic to severe illness, experts said.

The CDC said symptoms most commonly seen in children 6 months to 5 years old include respiratory tract infection, fever and a rash. In infants younger than 3 months, symptoms may include fever, sepsis-like syndrome or neurologic illness, including seizures and meningitis.

Meningitis is inflammation of fluid and membranes surrounding the brain and spinal cord, according to the Mayo Clinic, and can cause headaches, fever and a stiff neck.

“Any evidence that the child is not thriving, fever, lethargy, irritability, lack of interest in food or in drinking, seizures, uncontrolled movements … those are very important signs that if the parent notices them to immediately contact their physician,” Malley said.

How are parechoviruses transmitted?

The CDC said infected people can transmit the virus regardless of whether they’re asymptomatic or presenting symptoms by coming in contact with feces and through respiratory routes.

A person can be contagious from one to three weeks through the respiratory tract and as long as six months through the gastrointestinal tract, the agency said.

Although someone could be infectious for a long time, Malley said the actual illness may last only a few days.

“It’s a spectrum, as we learned with COVID,” he said. “There are some children that recover quickly and other children that seem to have a harder time dealing with it and could be sickened for three to five days.”

Otherwise, Malley called it “a very short-lived, self-resolving infection.”

Can babies die from it?

Overall, severe disease and death from parechoviruses are very rare. Most children get it at least once before turning 5 but may not know because they had a mild or asymptomatic infection and weren't tested for it, said Dr. Claire Bocchini, an infectious disease specialist at Texas Children’s Hospital.

""In children who are otherwise 'OK' with a mild illness, we don’t test them for everything. It's very expensive, and it doesn’t change the management,"" Bocchini said.

In rare cases, the virus could cause damage to multiple organs in the body such as the liver, brain and lungs, she said. It can cause permanent damage to the brain and the patient could die.

“It’s very rare,” she said. “Most children don’t have severe disease, but in a small number of especially young infants, it can be very life-threatening.”

Newborns are more likely to develop severe infections compared with other age groups because their immune system is developing, Bocchini said.

What should parents do if they think their infant has parechovirus?

There is no specific treatment for parechoviruses, but Malley encouraged parents to see a clinician if their baby experiences symptoms.

It’s important for doctors to evaluate the severity of disease, he said, and report a positive case to the CDC, so experts can better understand the virus's prevalence in the USA.

To manage symptoms at home, Malley recommends over-the-counter medication to control the baby’s fever, such as ibuprofen or acetaminophen, and plenty of hydration.

How to prevent parechovirus?

One of the most important ways to prevent parechovirus transmission is to practice good hand hygiene, experts said.

Malley also recommends limiting the number of people outside the household interacting with the baby. Instead of kissing the child's face and hands, he suggests, outside visitors should kiss feet or toes.

“Even though it’s a very happy event to have a child, we don’t want a large number of people coming in and picking up the child and kissing the child,” Malley said. “Being aware and being concerned if you happen to have a baby in your home is appropriate.”

Follow Adrianna Rodriguez on Twitter: @AdriannaUSAT.

Health and patient safety coverage at USA TODAY is made possible in part by a grant from the Masimo Foundation for Ethics, Innovation and Competition in Healthcare. The Masimo Foundation does not provide editorial input.","['warning', 'signs', 'parechovirus', 'issues', 'health', 'babies', 'alert', 'cdc', 'symptoms', 'parents', 'disease', 'malley', 'severe', 'children', 'fever', 'months', 'virus', 'tract', 'respiratory', 'multiple', 'infection', 'illness', 'experts', 'commonly', 'child', 'reports', 'rash', 'rare', 'peva3', 'parechoviruses', 'number', 'infectious', 'include', 'important', 'dont']"
2370889076,"Atlantic","U.S. Messaging on Monkeypox Is Deeply Flawed","https://www.theatlantic.com/newsletters/archive/2022/07/us-messaging-on-monkeypox-is-deeply-flawed/670573/?utm_source=feed","Officials seem unwilling to be direct about who is most at risk of the disease.

This is an edition of The Atlantic Daily, a newsletter that guides you through the biggest stories of the day, helps you discover new ideas, and recommends the best in culture. Sign up for it here.

As monkeypox cases rise in the U.S., public officials are scrambling to balance concerns about stigmatization with the fact that the disease is largely affecting gay and bisexual men.

But first, here are three new stories from The Atlantic.

Risk Assessment

In the parts of the world where monkeypox is newly spreading, like the United States and Europe, the people currently most at risk of getting the disease are gay and bisexual men. A recent update from the World Health Organization noted that cases in newly afflicted countries have mainly been among “men who have had recent sexual contact with a new or multiple male partners.” In Europe, just 0.2 percent of the men who have gotten the disease identify as heterosexual. Reports from the center of the U.S. outbreak—New York City—show that “the number of monkeypox cases has nearly tripled in the last week, nearly all of them among men who have sex with men.” The infectious-disease and LGBTQ-health journalist Benjamin Ryan notes that though the U.S. is, frustratingly, not collecting demographic details on monkeypox patients, Britain is, and the numbers there are clear: “Half of men screened for monkeypox tested positive; women, by contrast, tested positive only 0.6 percent of the time.”

And yet, despite this barrage of data, an American following the public-health messaging on monkeypox might come away with the idea that all populations are similarly at risk of contracting the disease.

U.S. officials are taking action to specifically protect men who have sex with other men (MSM) from monkeypox—importantly, supplies of the vaccine have largely been reserved for that community. And yet, many public-health officials—and some media outlets—have scrambled to combat the idea that monkeypox is a “gay disease.” (Both the CDC and WHO websites bury mentions of MSM risk.) These authorities, Ryan has argued, have spread a message “so egregiously misleading it amounts to misinformation.”

That message? Anyone can get monkeypox.

This is not the first time American public-health officials have pushed a confusing communications strategy about the transmissibility of a dangerous virus. Smithsonian magazine has documented how some AIDS organizations criticized the federal government for its “everyone is at risk” message in the late 1980s and early ’90s. These organizations “saw the campaign as diverting money and attention away from the communities that needed it the most” and instead focusing resources on much lower-risk populations.

Yesterday, The New York Times reported on a battle within New York City’s health department. The story revealed a widespread discomfort within the agency with acknowledging and highlighting the primary route of monkeypox transmission: sex between men.

The Health Department’s guidance to the public has often highlighted nonsexual routes of potential transmission, such as hugging or contact with bedding. While those are certainly possible routes of transmission, the result — Dr. Weiss [a doctor at the department] said — was to make people overly concerned about casual physical contact and not sufficiently aware that most monkeypox infections in New York appeared to be transmitted through sex.

On its face, the “anyone can get monkeypox” messaging is true. But imagine for a moment that a hurricane is making landfall on your state. You turn on your TV and see the head of FEMA talking about how anyone could be struck by a hurricane—and stressing that hurricanes are not Floridians’ fault. Sure, you might say. But what about this hurricane, right now? Who is it most likely to strike? You’d probably be left feeling frustrated, confused, and underprepared.

Though hurricanes and infectious diseases are both acts of nature, Floridians are not stigmatized for their vulnerability to hurricanes in the way that gay men might be for their current vulnerability to monkeypox. Officials are wary of reinforcing stigmas. Case closed, right?

Well, no, not exactly. Government officials often talk about the disparate impacts of illnesses such as diabetes, sickle-cell disease, and COVID-19 on Black Americans. Might not Black Americans be stigmatized for being disproportionately impacted by these illnesses? Similarly, might not transgender youth be stigmatized for being disproportionately likely to end up homeless? Why is it that, at a time when governmental institutions are more willing than ever before to recognize and call out these disparate impacts, officials are so wary of calling out the disparate impact of monkeypox?

Public officials seem to have the logic exactly backwards. The most important time to be pointing out disparities is when the relevant population is both unaware of them and can take personal action to prevent harm. MSM urgently need access to vaccines and public-health information to keep themselves safe. As the writer and history professor Jim Downs recently argued in The Atlantic, “As a gay man who studies the history of infectious disease, I worry that public-health leaders are not doing enough to directly alert men who have sex with men about monkeypox.”

Conversely, the least important time to emphasize disparate impact is when it diminishes solidarity on key issues. For example, the idea that rich women won’t be impacted by the fall of Roe v. Wade is both untrue and divides the coalition of people needed to combat further restrictions on abortion. Similarly, a recent study indicates that white Americans who learned about COVID-19’s racial disparities actually became less afraid of the disease, lost empathy for those at risk, and reduced support for public-health measures.

It’s not clear what rule governs when disparities are discussed and when they are papered over, but one pattern I’ve noticed is that leaders tend to emphasize the message of disproportionate harm while ignoring times of disproportionate risk. Many politicians and policy makers have developed a fluency in discussing the past harms that have led to disparate outcomes today, including wealth gaps, housing inequality, and the overrepresentation of communities of color in jail and in homeless populations.

But when talking about risk, leaders flounder. Take the conversation around learning loss. COVID-19 led to the adoption of remote learning and the widespread closing of schools, leaving millions of kids at risk of long-term economic and educational deficits. But when it came to identifying students at risk, many officials, worried about “stigmatizing” an entire generation, balked.

Why is risk considered stigmatizing, and harm not? This heuristic is putting people at risk, and the leaders who are indulging it ought to at least attempt to justify it before allowing it to continue quietly impacting policy making.

Related:

Today’s News

Vladimir Putin met with the leader of Iran, the third in-person meeting they’ve had since January as the two countries align over their isolation from the West.

Bill de Blasio, the former mayor of New York City, ended his congressional campaign and said that he was stepping away from electoral politics for now.

Steve Bannon’s trial on contempt of Congress for his failure to comply with the House January 6 investigation started. (Read The Atlantic’s recent profile of Bannon.)

Follow-up: Last week in the Daily, David A. Graham explored long-running concerns about the independence and competence of the Secret Service, which intensified after the events of January 6. Today, the agency announced that it has determined that text messages relevant to the January 6 investigation cannot be recovered.

Dispatches

Galaxy Brain: Charlie Warzel talks with an Atlantic colleague, the internet writer Kate Lindsay, about why she largely abandoned Twitter and Instagram—but stuck with TikTok and Reddit.

Deep Shtetl: GOP operatives are using misleading viral videos to fabricate Biden gaffes, Yair Rosenberg explains.

Brooklyn, Everywhere: Xochitl Gonzalez spent years exercising out of fear and obligation. Then something changed.

Evening Read

How to Successfully Smash Your Face Against a Tree

By Ed Yong

In my third year of reporting on the coronavirus pandemic, I find woodpeckers, which can ram their heads against hard surfaces about 20 times a second, to be incredibly relatable. But the birds’ extraordinary behavior raises an obvious question: Why, as one team of scientists wrote in 1976, is the countryside “not littered with dazed and dying woodpeckers”?

Read the full article.

More From The Atlantic

Culture Break

Read. In Happy-Go-Lucky, David Sedaris is back with the wry, moving personal stories that his readers adore.

And check out the rest of our summer reading guide, which has books for every mood.

Watch. Ponyo (available on HBO Max), a 2009 film by the Japanese animator Hayao Miyazaki that’s bursting with youthful exuberance.

Listen. Special, Lizzo’s catchy new album, advances the pop star’s heartwarming world-domination plan.

Play our daily crossword.

P.S.

We published a really fascinating article (linked above) by Alec MacGillis today about one potential cause of the national crime wave: closed courts. Essentially, MacGillis argues, COVID-19 forced much of our criminal-justice system to pause operations, which he says led to fewer consequences for criminals. Even in normal times, our criminal-justice system doesn’t deliver on “swift, certain, and fair,” but during the past few years, that ideal slipped even further away. Of course, nothing is monocausal (and MacGillis doesn’t claim that), but this seems to be an important piece of the larger puzzle of why everything feels so disorderly now (for more on that feeling, read my fantastic colleague Olga Khazan).

— Jerusalem

Isabel Fattal contributed to this newsletter.

Jerusalem Demsas is a staff writer at The Atlantic.","['messaging', 'flawed', 'deeply', 'monkeypox', 'risk', 'men', 'officials', 'disease', 'publichealth', 'york', 'gay', 'disparate', 'times', 'sex', 'recent', 'message', 'leaders', 'atlantic', 'writer', 'transmission', 'today', 'stigmatized', 'similarly', 'msm', 'macgillis', 'led', 'largely', 'important', 'idea', 'hurricanes', 'health', 'harm', 'disparities', 'daily', 'covid19']"
2374264999,"New Yorker","The Agony of an Early Case of Monkeypox","https://www.newyorker.com/news/dispatch/the-agony-of-an-early-case-of-monkeypox","On the evening before Juneteenth, Joseph Osmundson, one of my best friends and a microbiologist at N.Y.U., texted me: “We think Andy has monkeypox.” Two nights earlier, our friend Andy, as I’ll call him, had spent hours hunched over in an emergency room with excruciating rectal pain, only to be refused testing. It was his third try in five days. Andy’s anal sores were internal; for patients to qualify for testing, C.D.C. guidelines required the appearance of lesions on the skin. Osmundson needed help: “We’re trying everyone. Someone anyone who will send a mpx swab to nyc/nys public health department this weekend.”

Monkeypox has been around for more than five decades. It’s from the same genus of viruses as smallpox, and it transmits through close physical contact. The first reported case was in 1970, in a nine-month-old boy in the Democratic Republic of Congo, a place many associate with the words “gorillas,” “jungle,” and “war,” but which I associate with “family,” “comedy,” and “melodrama.” (Kinshasa, the capital, is my mother’s home town and where a huge portion of my family lives.) Monkeypox’s name conjures tales of illness emerging from the jungled heart of darkness to infect the world, but it likely didn’t originate in monkeys. Its natural reservoir is currently unknown, perhaps some species of rodent. (The W.H.O. has said it will rename the virus.) There are currently two strains, or clades: one that is more prevalent in the Congo Basin and another that is more common in West Africa. In these endemic regions, monkeypox kills mostly kids and pregnant women. We don’t know why, but the scientific papers on this are brutal, with descriptions of pox lesions on the placenta and newborn.

In 2003, monkeypox broke out in the U.S., affecting Wisconsin, Indiana, Illinois, Ohio, Kansas, and Missouri. Forty-seven patients came down with confirmed or probable cases of the virus after they were exposed to infected pet prairie dogs who had previously lived alongside infected small mammals imported from Ghana. There were also cases in Maryland and Texas in 2021. The U.S. government contained these outbreaks by tracing close contacts of those infected.

But, in early May, Europe saw signs of something new. Doctors started diagnosing monkeypox in patients who hadn’t travelled to the endemic region recently and who weren’t connected to a known case. Similarly unconnected cases began appearing in the U.S. soon after. Most confirmed cases have been in queer men. (The C.D.C. uses the term “men who have sex with men,” a definition that could contribute to missed diagnoses, given that trans men, trans women, and non-binary folks often share the same social and sexual networks.) Symptoms vary, but can include a flu-like illness and the eruption of a rash on the skin. Monkeypox lesions can number from a few to, in severe cases, thousands. They crust over and fall off, sometimes causing skin to slough off as well. In late June, the U.S. had 396 reported cases; as of July 21st, there are 2,593. The actual number is likely much larger.

At first, my friend Andy noticed a painful chickpea-sized lump in his groin. A few days later, he had cold-like symptoms. Soon, Andy’s rectum seared with pain. He couldn’t sleep. “They’re saying it’s a mild disease,” Andy told me. “But they can fucking throw that ‘mild’ shit out the window. I’ve never been in so much pain.” He inserted his finger into his anus to feel for anything abnormal. “That’s when I knew,” he said. Andy’s sliding finger stopped on a cluster of pea-sized lumps. “Imagine someone poking your rectum with a hot fork, from the inside.”

When Andy first mentioned monkeypox to his doctor, the doctor said monkeypox was rare and instead ran tests for several S.T.D.s, all of which came back negative. A few days later, Andy tried urgent care, again mentioning monkeypox, but he wasn’t tested and received antibiotics instead. When internal lesions appeared, Andy rushed to the emergency room at N.Y.U. Throughout the night, he voiced his concerns about monkeypox and tried to persuade the doctor to check his anal lesions. There was no anal scope available. “Do we just not look at butts in this establishment?” Andy screamed, when recounting the story to me.

Persistent, Andy asked for a manual rectal exam. The doctor felt the inflammation and wanted to help, Andy told me, but after conferring with an infectious-disease specialist, the doctor was told that Andy likely had S.T.D.s (even though he had tested negative days earlier) or something else was wrong. “No one was malevolent,” Andy emphasized, “but you could tell they weren’t too excited about the required C.D.C. paperwork for what seemed a rare disease.” Tests were scarce, in any case. As of Juneteenth, New York’s health department, which serves the city’s eight million residents, could only perform ten to twenty monkeypox tests per day. The E.R. doctor then speculated that it might be cancer and told Andy to return during normal working hours to consult with a colorectal specialist. “I was ready to give up,” Andy said.

As with COVID, the test for monkeypox is a PCR swab, but of the lesions rather than the nose. At the time, health-care providers were required to contact their local health department for authorization, and the patient’s symptoms had to satisfy specific criteria. A characteristic monkeypox lesion had to be externally present; if not, there needed to be a rash. A patient with a rash must have had close physical contact with multiple men, or multiple anonymous sexual partners, or contact with someone diagnosed with suspected or confirmed monkeypox. The health department would then “assist with monkeypox evaluation and with determining whether testing is indicated.” Only the city’s public-health lab could test samples. All these requirements erected barriers for potential monkeypox patients to be tested, resulting in a small number of tests. And if there’s a small number of tests (mainly in gay men), it’s no surprise that there’ll be a small number of confirmed cases (mainly in gay men), and that, therefore, the situation appears to be under control. Andy lamented, “First it was, ‘Oh, well, it’s just Africans.’ Then, ‘Oh, well, it’s just the gays.’ But the straight people are going to get it soon enough.”

Fortunately for Andy, Osmundson volunteers with a group of public-health advocates, including virologists and epidemiologists, with connections in the federal government and in the N.Y.C. health department. They connected him to one of the city’s monkeypox specialists, Dr. Madhury Ray. She was Andy’s saving grace. She listened to his symptoms, presumed he was positive, and had Andy tested the next day. Four days later, the test results confirmed that Andy was infected with monkeypox.

Andy’s saga didn’t end there. Medicine for the virus is scarce. The most promising treatment is tecovirimat, an antiviral the F.D.A. has approved only for smallpox, which means it can only be accessed through an experimental trial. To enroll, a sick patient must find a physician who’ll review and sign onto a C.D.C. protocol that is, as Andy said, “a humble hundred and twenty-four pages long.” Andy’s primary-care doctor said that the protocol was too complicated for his practice. Andy had to tap personal connections through his employer to find a physician to sign on. It worked, but it meant revealing to colleagues that he had monkeypox. Even then, a bureaucratic logjam nearly prevented Andy from getting medicine altogether. Osmundson made more calls. Some of his contacts asked friends in the federal government for help. A couple of e-mails later, Andy was good to go. Ultimately, his case and Osmundson’s advocacy changed C.D.C. guidelines—internal lesions can now trigger a monkeypox test. “My ass is now a national treasure,” Andy joked.

On the eve of L.G.B.T.Q. Pride Month’s final weekend, I leaned against an iron gate in front of the Chelsea Health Clinic. Under a green canopy of trees, about a hundred young gay men lined up for the monkeypox vaccine. Many wore athletic shorts—the short “hoochie-daddy” inseam currently in style—and sleeveless tops. A bandana tied across the head here, a post-work suit there. The men were overwhelmingly white in a mostly non-white city. It made sense. This was the first day of the first monkeypox vaccination site in the country. The event was organized in a hurry, publicized with a health-department press release that bled onto social media, and staged at midday on a work day, in Chelsea, one of the wealthier gay haunts in the city.

Appointments filled up almost immediately. “As soon as I saw the announcement on my phone, I grabbed my bag and got on the subway,” Louis Jordan, a writer, told me. Jordan and his friend David Tomczak spoke to me from the line. “It’s, like, New York’s hottest club,” Jordan said. “Everybody who knows somebody is here. It’s, like, ‘Do you have the in?’ ” Earlier, around three hundred men had lined up, thumbing phones, waiting for treatment. “It’s, like, ‘Oh I know that d.j. who’s here. I know that influencer. There’s that model,’ ” Tomczak, a nonprofit-management consultant, added. The next day would kick off Pride Month’s largest weekend of marches and parties, which usually has some two million attendees. Meanwhile, only a thousand vaccine doses were available for the whole city.

“I know it’s unfair that I’m here with a shot at the vaccine,” Jordan said. “That doesn’t mean I’m not going to do it.” His admission stuck with me; its honesty reflects the impossible choices our public-health system creates.

Two years into a pandemic, Americans’ relationship with public health has, in some ways, entirely changed. The terms “social distancing,” “PCR,” and “endemic” are now common on Instagram. One might suppose public health would mirror this change. One might suppose a pathogen outbreak elsewhere in the world would trigger a notification to local and state governments about the pathogen’s attributes, known treatments, and vaccines, and a plan for what to expect if cases are found in their jurisdiction. But, in practice, the federal government didn’t publish a strategic monkeypox plan until June 28th, nearly two months after the European outbreak began. Meanwhile, the U.S. had allowed twenty-eight million vaccine doses in its strategic national stockpile to expire.

It seems the fundamental lesson of the pandemic still eludes us: we are not islands, we are a community. When we ignore our sick neighbors’ inability to access treatment, we treat them as less than human, as without dignity.

Since Andy’s case, the testing situation has drastically improved. The guidelines restricting who can be tested largely remain the same, but additional commercial labs around the country can now run monkeypox tests, and health-care providers can send samples to them directly. Still, because of the high volume of tests coming in, results can take several days. In N.Y.C., connecting patients to antiviral treatment is still difficult and not scalable. In the last few days, Osmundson has got more texts from friends and community members suspecting they have monkeypox. It’s unclear how they’ll be able to be treated. ♦","['early', 'agony', 'monkeypox', 'case', 'andy', 'men', 'health', 'cases', 'tests', 'lesions', 'doctor', 'days', 'patients', 'andys', 'told', 'tested', 'osmundson', 'number', 'department', 'day', 'confirmed', 'cdc', 'vaccine', 'treatment', 'testing', 'test', 'symptoms', 'small', 'jordan', 'gay', 'contact', 'virus', 'social', 'skin', 'required']"
2377269354,"Saturday Evening Post","Your Health Checkup: The Latest Information on Two Modern Plagues: Covid and Monkeypox","https://www.saturdayeveningpost.com/2022/07/your-health-checkup-the-latest-information-on-two-modern-plagues-covid-and-monkeypox/","“Your Health Checkup” is our online column by Dr. Douglas Zipes, an internationally acclaimed cardiologist, professor, author, inventor, and authority on pacing and electrophysiology. Dr. Zipes is also a contributor to The Saturday Evening Post print magazine. Subscribe to receive thoughtful articles, new fiction, health and wellness advice, and gems from our archive.

Order Dr. Zipes’ books, Ari’s Spoon, a new novel, as well as Bear’s Promise and Damn the Naysayers, A Doctor’s Memoir. Check out his website at dougzipes.com.

Covid

Infections from delta variants of the original SARS-CoV-2 infection, particularly the subvariants BA.4/BA.5, are raging throughout the world, now causing three-fourths of all coronavirus infections in the United States. Astoundingly, half of all Covid infections since the start of the pandemic have occurred in the first seven months of 2022. While the virus strain is quite infectious, fortunately it is not as virulent as the original Covid outbreak, judged by fewer hospitalizations, intensive care admissions, and deaths.

Nevertheless, mortality is still higher than from influenza or other infectious diseases, with an annual death rate predicted to be 100,000 for at least the next several years. Patients from the most socially vulnerable communities have higher rates of mortality and major adverse cardiovascular events.

Compounding all is the risk of becoming a “long hauler,” with symptoms lasting weeks or months in 20 to 30 percent of those infected. Long haulers often suffer significant disability, including fatigue, shortness of breath, adverse cardiovascular events, cognitive issues such as brain fog, depression, and other mental health problems. People with sore throats, headaches, and hair loss soon after testing positive for COVID-19 may be more likely to become long haulers.

Ease of transmission stems from the ability of the virus to evade the neutralizing antibodies circulating in the blood in response to previous Covid infection or vaccines. The virus requires antibodies from T cells to halt its attack. Older people have more difficulty developing antibodies and more easily lose immunity over time, making Covid a disease targeting the elderly.

Also alarming is pandemic fatigue: public acceptance that this time around Covid infection is a part of everyday life rather than the threatening infection it was more than two years ago, with no or little public or governmental outcry to limit transmission. While it shouldn’t dominate our lives like in the past, it cannot be taken for granted.

The risk of reinfection is real, and people with multiple infections have a higher cumulative risk of a severe illness or death. Yet I see few people wearing masks or social distancing at indoor gatherings such as concerts, airports, stores, and restaurants.

Hopefully, booster vaccines available this fall will target BA.4 and BA.5. But if people continue to get infected, the virus can continue to mutate, and new vaccines may soon become old vaccines. We may end up fighting BA.6, 7, or 8 or a whole new Greek alphabet of viruses, some of which may be much more virulent.

So, to protect yourself and others, get vaccinated and boosted, wear masks, and maintain social distancing when appropriate. Drugs like Paxlovid can reduce severity in infected people, but rebound infections may occur after stopping.

Monkeypox

And now, adding to Covid, comes monkeypox, a poxvirus related to smallpox and cowpox. The virus was first reported in 1970 in a nine-month-old boy in the Democratic Republic of Congo, and emerged in the U.S. in 2003. Monkeypox usually causes skin eruptions in the form of pimples or blisters that typically occur on the arms and legs, but can be on mucosal, genital, and perianal areas also. Flu-like symptoms with headache, sore throat, lethargy, cough, lymph node swelling, and fever can accompany the skin eruptions.

Monkeypox is not classified as a sexually transmitted disease, though most reported infections occur in gay or bisexual men. Transmission usually occurs through close contact, including direct physical contact with lesions as well as “respiratory secretions” through face-to-face interactions. Touching objects contaminated by monkeypox lesions or fluids may also risk the spread. Monkeypox can infect anyone who comes in contact with the virus, even children. Most cases are mild and self-limiting over several weeks, and death appears to be uncommon.

At present, a limited supply of smallpox and monkeypox vaccines is available for at-risk individuals. Antiviral medications may be helpful. Vigilance is needed to contain further community spread and prevent another pandemic. WHO has declared monkeypox a global health emergency because of increasing infections. Individuals suspected of infection are considered contagious from the onset of any symptoms. They should contact a health care worker and isolate until tested and lesions heal. We should not underestimate the potential impact of this virus, and we may be just seeing the tip of the iceberg. Further information can be found at cdc.gov/poxvirus/monkeypox.

Featured image: Shutterstock","['plagues', 'modern', 'latest', 'information', 'checkup', 'monkeypox', 'covid', 'health', 'virus', 'infections', 'vaccines', 'infection', 'risk', 'contact', 'zipes', 'transmission', 'symptoms', 'pandemic', 'occur', 'long', 'lesions', 'infected', 'higher', 'dr', 'death', 'antibodies', 'weeks', 'spread', 'sore', 'social', 'smallpox', 'skin', 'reported', 'public', 'original']"
2378092205,"Reason.com","We Don't Need a White House Monkeypox 'Coordinator.' We Just Need the Vaccines.","https://reason.com/2022/07/27/we-dont-need-a-white-house-monkeypox-coordinator-we-just-need-the-vaccines/","The feds botch another epidemic.

(Phil Nijhuis/ANP/Newscom)

We're up to about 3,600 known cases of monkeypox in the United States, according to the Centers for Disease Control and Prevention (CDC). That's more than double the number of cases from just two weeks ago.

As the federal government struggles to distribute vaccines where they're needed, The Washington Post reports that the White House is thinking of declaring a public health emergency and naming a ""White House coordinator"" to oversee the response.

The public response should be: Please don't. Please just get the vaccines to local public health agencies and let them deal with it. Because right now, that's about half the problem that's causing monkeypox to spread.

Red tape from the Food and Drug Administration (FDA) and the CDC left more than a million monkeypox vaccine doses stuck in storage in Denmark, and then another roll of red tape made it incredibly difficult for doctors to prescribe an alternative monkeypox treatment because it's still in clinical trials.

As a result, local health agencies have had to carefully portion out vaccines to the highest-risk citizens—and they're still running out. In Los Angeles, the county Public Health Department will only administer to people who are infected, people who have had high-risk contact (typically sex) with somebody who is infected, and then gay or bisexual men or trans people who fit in one of the following categories:

They were diagnosed with gonorrhea or early syphilis within the past 12 months (this was previously limited to within 3 months and specific to rectal gonorrhea or early syphilis); or

they are on HIV pre-exposure prophylaxis; or

they attended or worked at a commercial sex venue or another venue where they had anonymous sex or sex with multiple partners within past 21 days.

And yes, you may be asked to provide documentation that you went to a sex party.

Full monkeypox vaccination requires two doses. But because of the shortage, Los Angeles is giving out as many first doses as it can and will worry about getting those second doses later. New York City is doing the same.

It should be clear from the above that local health agencies have a good sense of who is most at risk (almost entirely men who have sex with men) and how to prioritize vaccinations. What they need, clearly and obviously, is the vaccine. What they need from the White House is to break the logjams at the CDC, the FDA, and the Department of Health and Human Services.

The New York Times reported Sunday that the federal mismanagement of the vaccine stockpile has been even worse than we initially realized. As monkeypox continued its spread among gay and bisexual men in June and people were unable to get the vaccine, it turned out the U.S. already had 372,000 vaccine doses prepared and stored in Denmark that could have been shipped here. But officials didn't ask immediately even as the number of infections spread, and the drugs didn't start arriving in the U.S. until July. These were separate from the million doses that were locked up in a facility because the FDA hadn't inspected it yet.

According to the Times, the U.S. initially requested just 72,000 of the doses. Part of the explanation was that shipping all the doses to the U.S. would reduce their shelf life—if they weren't all needed, many would be lost.

Mind you, the only purpose of this medication is to treat smallpox and monkeypox. The decision to purchase and store all these vaccinations was in case of a bioterror attack of weaponized smallpox. That hasn't happened. The Times says that as of June 10, well after cases started appearing in the U.S., federal officials said we'd be receiving those 372,000 doses ""over the next several weeks."" But it turns out that the government had not yet requested that those doses be shipped over. The shipments didn't even begin until after New York City's Pride festival, and some local activists believed that the outbreak could have been stemmed had those doses had arrived earlier.

The CDC had an overly strict view of who should be vaccinated, despite the fact that the spread was already growing in Europe and despite the fact that we had all of these doses that served no other real purpose but to prevent the spread of monkeypox. The Times reports:

A spokeswoman for Health and Human Services [suggested] that more doses hadn't been needed earlier, noting that initially the CDC had only endorsed the vaccine for a limited group: known contacts of monkeypox patients.

Though New York City had by June 23 decided to offer the vaccine more broadly—to all men who had recently had sex with multiple or anonymous male sexual partners—the federal government did not endorse that move until June 28.

Those New York health officials were right.

Fortunately, monkeypox's spread has still remained pretty limited even as it has grown. The percentage of growth seems huge because we're dealing with a fairly low baseline. And though monkeypox is not technically a sexually transmitted disease—it is spread through contact with the rashes and lesions created by the virus as well as through saliva—this particular version of monkeypox has been pretty resistant so far to being spread through methods other than sexual contact.

The CDC announced Friday that two children had gotten monkeypox, the first child infections in the U.S. The infection appears to have been the result of household transmission, meaning the children were likely having regular contact with an adult who was infected and with objects—clothing, towels, bedding—that the adults had come into contact with.

But for now at least, those cases seems to be outliers; sexual activity between men remains overwhelmingly the primary method of spread. And yes, this has been pretty well communicated, as evidenced by the number of gay men trying to get vaccinations and the number of city health departments running out.

As long as the government is failing to get its act together, it's a good idea for at-risk groups to adjust their behavior. You don't want to end up like this fellow, described in The New York Times:

Sergio Rodriguez, 39, a transgender queer man who lives in the East Village, said he tried to get vaccinated before Pride Weekend, but was turned away. He hooked up with a few people, and about a week later, began to feel abdominal pain, swollen lymph nodes and body aches. Lesions then spread across his body, and some made it excruciating to urinate.

""I've actively been trying to do things to support myself because I knew that I would be at high risk,"" he said.

""It's really frustrating,"" he added, that the government ""was not set up to adequately meet the demand.""

No, they were not. So it would have been wise not to ""hook up with a few people"" in the period after he was turned down and before he finally was able to get a vaccination. Given the feds' ability to bungle just about any task, it's all the more important to take personal responsibility for avoiding high-risk behavior if it's in your power to do so.

Latest","['dont', 'coordinator', 'monkeypox', 'white', 'vaccines', 'house', 'doses', 'spread', 'health', 'vaccine', 'sex', 'men', 'york', 'cdc', 'times', 'public', 'number', 'local', 'federal', 'contact', 'cases', 'vaccinations', 'turned', 'sexual', 'pretty', 'officials', 'needed', 'limited', 'initially', 'infected', 'gay', 'fda', 'didnt', 'city', 'agencies']"
2379488869,"gq.com","7 Things Everyone Needs to Know About Monkeypox Right Now","https://www.gq.com/story/what-everyone-needs-to-know-about-monkeypox","7 Things Everyone Needs to Know About Monkeypox Right Now

For starters: It's OK to acknowledge that the virus is currently primarily affecting queer men.

Last weekend, the World Health Organization declared monkeypox a global public health emergency. Bizarrely, the immediate reaction from a segment of Twitter users was anger and scorn.

See for yourself: the WHO’s tweet got ratioed, with many people accusing the organization of homophobia, calling back to the HIV/AIDS crisis of the 1980s and 1990s. This narrative has recently come to the fore: That focusing on LGBTQ+ people more broadly, and gay men more specifically, in how we talk about monkeypox is tantamount to homophobia, and that it shows we learned nothing from the HIV/AIDS crisis.

But while the US government still has not declared the situation a public health emergency (thus allowing state health departments to withhold their data from the CDC if they so choose), a UK government report showed that 97 percent of cases were in gay, bisexual, and other men who have sex with men—""GBMSM"" in public health terminology. Similarly, a recently published study in the New England Journal of Medicine showed that 98 percent of affected persons were GBMSM. So how did we end up here, where efforts to focus on the people currently most impacted by monkeypox are cast as homophobic?

As a queer writer and a queer infectious disease doctor (who has patiently responded to every one of the writer’s questions about monkeypox), we wanted to offer some information for anyone still confused about what’s going on—and explain why the campaign to focus on queer men in responding to monkeypox is actually the opposite of homophobia. But first, some background.

Monkeypox isn’t new, even though it might seem like it.

First reported in humans in 1970, monkeypox has been endemic in central and west Africa for decades, with periodic outbreaks occurring within these regions and rare, limited outbreaks reported outside, mainly with direct links to travel.

With respect to the current global monkeypox outbreak, the UK first reported a cluster of 2 cases with no previous history of travel to endemic regions on May 14, 2022. Since then, it has begun popping up all across the globe. As of this week, there have been over 20,000 reported cases in 77 countries. While initial cases were at times linked to travel history to endemic areas, now most cases are not, indicating widespread community transmission.

One thing that makes monkeypox challenging to contain is that it has a relatively long incubation period—symptoms can take a couple of weeks to begin appearing—meaning it’s possible that this was circulating in communities at lower levels earlier than we knew but went undetected.

The virus is largely not deadly—but it is extremely painful and unpleasant.

Historically, monkeypox infections have had a 3-10% case fatality rate. It’s reassuring that in the current outbreak, which can be traced back to the milder of the two endemic strains, only 5 deaths have been reported as of this week.

But a low fatality rate doesn’t mean there’s no cause for concern, as monkeypox infections are characterized by a wide range of symptoms. Ninety-five percent of patients have reported skin lesions—frequently on the genitals and anus, as well as the face and torso—and nearly half have had ulcerative lesions in the mouth or rectum. Most patients have also had accompanying fever, fatigue, night sweats, and swollen lymph nodes. Although some have reported milder symptoms, for a large number of patients, lesions are extremely painful, particularly internal ones that have made swallowing, urinating, or defecating very challenging. Most patients hospitalized due to monkeypox have been seeking pain relief.

Many of those with more extreme symptoms have taken to social media to share their experiences.

Because people with monkeypox are contagious until all lesions heal, quarantine can last weeks. Those who have been among the earliest to contract Monkeypox in this pandemic have described feelings of isolation, loneliness, and abandonment that can be as hard to deal with as the physical symptoms themselves.

Queer men and the people in their sexual networks are currently most at risk.

The epidemiological information collected over the first two months of the pandemic shows that most cases have occurred among queer men. Despite extensive speculation, this appears to not be due to bias in sampling. There have been isolated reports of cases involving women and children, but the risk at this time is thought to be considerably lower. Of course, more cases might eventually be seen in these communities the longer the outbreak is left uncontrolled.

The New England Journal of Medicine study suggests that intimate physical contact during sexual activity is likely an important method of transmission. According to the latest CDC update, of the nearly 3600 cases in the US as of July 25, all but 5 were attributed to sex between men. While researchers are still looking into whether monkeypox can be transmitted through sexual activity directly (as opposed to just the prolonged skin contact associated with sex), the link between close and prolonged physical contact and infection is clear.

As queer men, the connection between infection and sex brings back memories of the HIV/AIDS crisis, including apprehension about monkeypox being labeled a “gay disease” in a time when homophobia and hate crimes are on the rise. We’ll explain why in greater detail later, but while concerns around how to carefully message the link between sexual activity and risk are valid, we still need to deal with the reality of the link.

Right now, it’s primarily spreading through prolonged physical contact—so no, you probably won’t pick it up at the gym or movie theater.

Monkeypox seems to be most frequently transmitted through direct skin-to-skin contact with lesions. While it is possible to get it via indirect contact through “fomites” in contaminated bedding or towels, or perhaps even close proximity over a prolonged period of time through respiratory droplets, the currently available epidemiological data suggests that we should be most concerned about spread through close contact, e.g. associated with sexual activity. This may be because intimate contact could allow for exposure to a higher dose of the virus than, say, using shared equipment at the gym.

This doesn’t mean it isn’t possible to contract monkeypox in ways other than sex. But it seems far less likely. While in theory anyone can get monkeypox, not everyone is at the same risk right now. Similarly, though monkeypox can theoretically be spread by different methods, each method does not carry with it the same risk.

In short: you should exercise standard hygienic practices (for example, wiping down gym equipment before usage), but there’s no real reason to suspect that going to the gym or shaking a stranger’s hand will put you at same degree of risk as sexual activity.

We have a vaccine, but not enough of it.

There are two licensed vaccines at our disposal in the fight against monkeypox, ACAM2000 and Jynneos. The latter is a non-replicating virus vaccine, and is being used widely—it’s much easier to administer and is safer for use in immunocompromised patients and those with skin conditions such as eczema. Both vaccines were primarily developed against smallpox, but are expected to confer a degree of protection against monkeypox.

Jynneos is a two-dose vaccine, and those receiving it will achieve maximal immune responses 2 weeks after the second dose. However, given the extent of spread thus far and government mismanagement, the US currently has far fewer vaccines than it has people at risk, which means having to ration vaccines.

This week, the New York Times reported that the US government opted to wait and watch the spread of the outbreak rather than tackling it head on, which led them to order upfront only a fifth of the 372,000 available vaccine doses. Had all available doses been administered, they might have helped control or even completely contain the initial outbreak. Additionally, there were another 800,000 or more US doses sitting unused for months because it took FDA officials until this week to approve the facility and their usage, even though the FDA’s European counterpart inspected the facility and found it met the FDA’s own standards.

Right now, the most important thing is to get first doses into as many arms as possible. The first dose seems to offer a great deal of protection, and getting more people vaccinated increases our potential to stop chains of transmission and help contain spread.

Given that we have to ration vaccines for the time being, it is far more important to focus on the group at greatest risk—particularly the queer men who represent the majority of recorded cases. Framing monkeypox risk as something that “can affect anyone” might be true in theory, but will ultimately serve to divert valuable resources away from the groups that need them most right now.

Telling people to just stop having sex is not an effective way to deal with the virus

Unsurprisingly, a number of anti-LGBTQ voices have seized on the fact that queer men and people in their sexual networks are those most affected, suggesting that monkeypox is spreading simply because gay men can’t stop having sex.

X content

This content can also be viewed on the site it originates from.

But even in the LGBTQ+ community, there has been some pushback to the idea that simply telling people to stop having sex is a bad strategy.

Here, a historical context is essential. It didn’t work in the AIDS crisis, so why would it work now? In fact, studies repeatedly show that calling for abstinence is not effective. It’s also, we would argue, not moral to tell queer people, who have been told time and again by the world not to fulfill what is a basic human need, to simply do so again.

Not only does abstinence place the impetus (and blame) on gay and bisexual men, it also allows those truly responsible to skirt blame. We are not to blame for the outbreak—we are victims of it, affected by the illness and then doubly failed by a government that spent pride month speaking in platitudes when real action would have demonstrated an actual commitment to the community. Which is probably why some of the messaging from the CDC and others suggesting gays people simply have less—or distanced—sex has been met with eye rolls by many in the community.

That doesn’t mean you can’t personally reevaluate your sexual practices in light of monkeypox and make whatever adjustments will make you comfortable and potentially reduce risk. You might decide to consider “safer” sexual practices, such as being open about your recent sexual history and asking for the same with potential partners, using condoms, avoiding places like bathhouses at least until vaccination is more widely available, or establishing close contact “pods” similar to strategies used to mitigate COVID. But suggesting queer people abstain from sex or simply have less of it without offering material support via vaccines or financial support during isolation just feels hollow.

It’s not homophobic to focus on the communities most affected

The HIV/AIDS crisis was an instance of the government failing to intervene because the people being primarily impacted initially were queer men and their networks. It’s natural this situation would bring that history to mind for people, but if there’s homophobia to be found in the government’s response to monkeypox, it’s that they haven’t moved faster and more comprehensively. Activists during the HIV/AIDS crisis chastised the government’s inaction, and pointed to the role of homophobia in relegating gay men’s health as less important. Likewise, many of us in the LGBTQ+ community feel this outbreak would be getting a very different response if it was impacting heterosexual people more than men who have sex with men.

With a government response that has been largely reactive rather than proactive, and at times bordering on willful neglect, an emerging outbreak that might have been nipped in the bud has now spread to affect nearly 4700 people in 46 states and DC and continues to grow. As people are left to fend for themselves, large numbers turn to social media as their primary source of information. And in an era where misinformation is rampant, even well-intentioned people can miss the mark.

Fortunately, in response to the lack of organization and the spread of misinformation, the LGBTQ+ community has been taking care of itself. This has included efforts across the country, from crowdsourced vaccination access projects to community-led research studies aimed at studying queer and trans sexual networks to better understand and eventually help to contain the outbreak.

As far as the idea that focusing efforts on queer men will fuel anti-LGBTQ+ bias: we can’t control what people who are already looking to demonize LGBTQ+ people will say or do. However, sanitizing language for their benefit at the expense of the communities most affected ultimately allows these very people to influence major public health policy decisions to our detriment.

Things are shifting fast, so be sure to follow local health officials for the latest information. And when those resources fall short, as they frequently do, look to your community. Mutual aid always matters, but it is critical in moments like this one. Try to help however and whoever you can, wherever you are, and don’t hesitate to reach out to others if you need help in return. As a queer community, we have always done this, and we won’t stop now.

Aditya Chandorkar is an Assistant Professor in the Department of Medicine specializing in Infectious Diseases in the Immunocompromised Host at the University of Minnesota. Originally from India, he lives in Minneapolis, Minnesota and has authored papers for Clinical Transplantation and Transplant Infectious Diseases.

Chris Stedman is a writer, activist, and professor who teaches in the Department of Religion and Philosophy at Augsburg University in Minneapolis, Minnesota. He is the author of IRL: Finding Our Real Selves in a Digital World and the writer and host of the podcast Unread.","['monkeypox', 'things', 'explained', 'queer', 'men', 'sexual', 'cases', 'sex', 'reported', 'health', 'contact', 'risk', 'outbreak', 'community', 'spread', 'homophobia', 'gay', 'vaccines', 'stop', 'simply', 'patients', 'lgbtq', 'hivaids', 'crisis', 'virus', 'vaccine', 'symptoms', 'response', 'public', 'prolonged', 'primarily', 'physical', 'networks', 'lesions', 'information']"
2380680882,"Mashable!","Who can get the monkeypox vaccine? When and how can I get vaccinated? Your questions answered.","https://mashable.com/article/monkeypox-vaccine-requirements","Credit: ROBYN BECK/AFP via Getty Images

The odds are good that you don’t need to rush out and get the monkeypox vaccine. Assuming you do, I will tell you what you need to know in a minute, but I’d be remiss if I made it sound like this vaccine is something everyone needs right this second.

The situation for the time being is that there are two monkeypox vaccines available in the US. One of the two, JYNNEOS, is a fairly normal series of two injections, administered 28 days apart, but there's not currently enough of that to go around. The more plentiful of the two, ACAM2000, is a rather unpleasant medical procedure not far removed from the old-school smallpox vaccine, and is thought to be too dangerous to give to people with HIV or heart conditions.

So, long story short, unlike the COVID-19 vaccine, which is for pretty much everyone, this is something you should only get if you’re in a high risk group, particularly while JYNNEOS doses are in short supply. And since these were intended to be smallpox vaccines, much more data will be needed to confirm that these vaccines truly are effective against monkeypox, to what degree, and whether one is significantly better than the other.

Who needs the monkeypox vaccine?

With that preamble out of the way, you really need to get vaccinated if you've likely been exposed to monkeypox. In public health this concept is called ""post exposure prophylaxis,"" or PEP. The vaccine is thought to be effective four days after exposure, and can be administered up to 14 days after exposure, because it's also thought to be useful in easing symptoms even if you're infected. Men who have sex with men are the group most targeted with monkeypox awareness messaging, but according to the Centers for Disease Control and Prevention (CDC), you don't have to be in this group to be vaccinated. You qualify if:

you've been in close contact with someone known to have monkeypox, or

you've had sex in the past two weeks with someone who has since been diagnosed with monkeypox

So to a large degree, people receiving the vaccine right now are part of so-called ""ring vaccination"" campaigns, in which the small amount of the JYNNEOS vaccine available is given on an invite-only basis to those determined to be the most likely beneficiaries in the immediate term. It's a ""don't call us, we'll call you""-type deal.

But you can theoretically also get vaccinated if you've had sex with multiple people in the past two weeks in an area where monkeypox is known to be spreading, the CDC says. I say ""theoretically"" because this doesn't necessarily mean you can just go to your primary care physician, tell them you've had sex with multiple people, and get a referral to get the vaccine. Which brings me to…

How do I get the monkeypox vaccine?

It really depends where you are, and honestly, it might not even be practical right now no matter what, unless you find yourself in a ring vaccination campaign.

In New York City, for instance, there's a portal online where you can make an appointment. In Los Angeles, the online appointment portal was, as of this writing, ""paused,"" because it was overrun with people trying to make appointments, but walk-up vaccine clinics seem to pop up more and more. In San Francisco, rather than scheduling online, you're directed to locations accepting drop-in visits, along with numbers you can call for appointments. In Chicago, 100 doses are provided each Monday, in one location, on a first-come-first-served basis.

You get the idea. If you're concerned about infection, check online with your local health department, call around, and keep trying.

Is getting a monkeypox vaccination going to get easier?

The rollout of JYNNEOS in particular has been patchy and slow. Even though most US states have now had documented cases of monkeypox during this outbreak, not all health departments are making it easy or even possible to get jabbed. That's because for the time being it appears that jabbing everyone would mean widespread use of ACAM2000, and that seems to be exactly what authorities are avoiding. As of early July, the federal government had said only 800 people had been given ACAM2000.

About that ACAM2000 vaccine: it may be frustrating to know this vaccine is out there and mostly not being made available, but I should probably remind you that it's, well, nasty. According to the CDC, administering ACAM2000 means 30 punctures in the skin of your shoulder, delivered by quickly jabbing you 15 times with a bifurcated steel rod until you bleed. Successful ACAM2000 vaccination produces a lesion that scabs over during the healing process. During your recovery from your 30 needle pokes, you’re infected with, ""a live, infectious vaccinia virus that can be transmitted from the vaccine recipient to unvaccinated persons who have close contact with the inoculation site."" Afterward, you will have a scar.

So personally, I think of that vaccine as a last resort. Research could eventually prove that it's the superior vaccine, and that the virus is so scary that we all need to sign up for ACAM2000. In the meantime, measures of human immune responses and animal research strongly suggest that JYNNEOS is effective against monkeypox.

According to the White House, there are supposed to be 750,000 total JYNNEOS doses up for grabs in the summer, and 500,000 more rolling out through fall. On July 1, the US Department of Health and Human Services ordered 2,500,000 doses, meant to be in arms by early 2023. And bear in mind, JYNNEOS is a two-dose vaccine.

So if you're a man who has sex with men in a major US city, getting vaccinated is a good idea. But unless you've been exposed, it's not an emergency. Get tested regularly, and try the available portals and phone numbers until it's your turn to get, preferably, a JYNNEOS jab.

Topics Health","['questions', 'answered', 'vaccine', 'monkeypox', 'vaccinated', 'jynneos', 'youre', 'acam2000', 'sex', 'health', 'youve', 'vaccination', 'online', 'doses', 'vaccines', 'thought', 'men', 'group', 'exposure', 'effective', 'dont', 'days', 'cdc', 'weeks', 'virus', 'theoretically', 'smallpox', 'short', 'ring', 'research', 'portal', 'past', 'numbers', 'multiple', 'jabbing']"
2381605539,"Salon","Tucker Carlson poll to rename monkeypox lands on “schlong covid” as winner","https://www.salon.com/2022/07/31/tucker-carlson-poll-to-rename-monkeypox-lands-on-schlong-covid-as-winner/","On Thursday, Fox News host Tucker Carlson ran a Twitter poll asking people to vote on suggestions for new names for monkeypox, and the results of that poll are in with ""schlong covid"" as the winner.

""So monkeypox is about the coolest name ever for a disease. 'Can't come tonight. I got the monkey,' "" Carlson said during a segment of Tucker Carlson Tonight. ""But they are changing the name, cuz racism or something . . . Well we're not gonna allow it. We're gonna change the name this time. We're gonna do it with the public's help because Democracy is real. So we had a vote. There was no ballot harvesting, you can trust our counting. And the new name for monkeypox is now officially, and we're declaring it, schlong covid.""

Out of the options given in the poll, the runners-up to win for the new name for monkeypox are ""Adam Schiffilis,"" and ""Hunter Hives.""

Followers of Carlson on Twitter, many of whom found the poll to be humorous, made moves to draw the CDC's attention to the poll's winning name.

""Just wanted to make sure you guys were considering it,"" one follower said in what looks to be an instant message that may or may not be photoshopped. ""We're not,"" the CDC is shown to have responded.

Want a daily wrap-up of all the news and commentary Salon has to offer? Subscribe to our morning newsletter, Crash Course.

Monkeypox was declared a global health emergency by the World Health Organization on July 23 as there have been over 16,000 reported cases spanning 75 countries. The virus, which is known to cause fever, muscle aches, rashes and could lead to death is, as of now, thought to be primarily a threat amongst the gay community, but is also easily spreadable to other communities.

""In addition to transmission through sexual contact, monkeypox can also be spread in households through close contact between people, such as hugging and kissing, and on contaminated towels or bedding,"" WHO Director-General Tedros Adhanom Ghebreyesus said Wednesday.

""Although I am declaring a public health emergency of international concern for the moment, this is an outbreak that is concentrated among men who have sex with men, especially those with multiple sexual partners,"" Ghebreyesus said last Saturday when the virus was declared a global emergency. ""That means that this is an outbreak that can be stopped with the right strategies in the right groups.""","['winner', 'rename', 'lands', 'covid', 'monkeypox', 'poll', 'carlson', 'tucker', 'schlong', 'health', 'gonna', 'emergency', 'vote', 'virus', 'twitter', 'tonight', 'sexual', 'outbreak', 'men', 'global', 'ghebreyesus', 'declaring', 'declared', 'contact', 'wrapup', 'world', 'winning', 'winnerso', 'win', 'wednesdayalthough', 'wanted', 'trust', 'transmission', 'towels', 'threat']"
2385540743,"radaronline.com","'That Ain't No Cold Sore': Man Diagnosed With Monkeypox Shares Startling Symptoms","https://radaronline.com/p/man-diagnosed-monkeypox-symptoms-social-media/","As the ongoing outbreak of monkeypox continues to spread throughout the country, one individual took to social media to show how severe the symptoms can be, RadarOnline.com has learned.

Larry Jackson III, a man recently diagnosed with the viral disease, took to Instagram this week and shared two videos of himself – first, showing his symptoms as he awaited results in a doctor’s office, then after he was officially diagnosed with monkeypox at a hospital.

Article continues below advertisement

“So I think I have monkeypox,” Jackson said in the first part of the startling video. “I’m in the hospital now. I’m trying to figure out what’s going on. If it’s monkeypox or if it’s just [a] blister or something.”

Jackson then moved his face closer to the camera and showed a blister on the right side of his bottom lip. There was some sort of reaction on the inside of his lip, and what appeared to be strep throat towards the back of his mouth. He also suffered from a swollen lymph node.

“So yeah,” he continued, “we’re now trying to figure out what’s going on.”

In the next part of the video, Jackson reveals he was diagnosed with monkeypox – and the symptoms he initially suffered started spreading and growing worse.

Article continues below advertisement

MORE ON:

NEWS

Adult Film Star Tests Positive For Monkeypox & Shares Photos Showcasing Startling Symptoms

Los Angeles Man Infected With Monkeypox Virus Shamelessly DEFENDS McDonald's Visit

TikToker With Monkeypox Says He's Facing Threats After Viral Fast Food Runs Spark Backlash

“Basically, I had a fever, right?” Jackson continued. “I thought the cold sore I had on my lip was from a fever. Went to my primary health doctor, they gave me penicillin because they said it looked like I had strep throat.”

“Alright, so I went home and I went to sleep and the thing that was on my lip, that turned black, was now on my private part. And I knew that ain’t no cold sore, and it ain’t no herpes because I don’t do anything sexually to get that.”

He continued, “So I went to the hospital and they said that looks like monkeypox. So now I’m here quarantining.”

Later on in the video, Jackson showed the new symptoms that developed across his body, including bumps on his forehead, his neck, his torso, his “butt cheek,” and his “private part.”

As RadarOnline.com previously reported, the current monkeypox outbreak started spreading in May and has since afflicted more than 2,400 people in the United States alone.

Article continues below advertisement

Mitcho Thompson, a man from Sebastopol, California, suffered from both monkeypox and Covid-19 at the same time – a double affliction the Center for Disease Control and Prevention (CDC) thinks will become more prevalent as time goes on.

“The COVID was first, and that's what made it really weird because I did not actually realize I had monkeypox until I started breaking out,” Thompson explained last week. “And the worst of it honestly was just when I could barely get out of bed, and you could barely like get a drink of water.”

Powered by RedCircle



DAILY. BREAKING. CELEBRITY NEWS. ALL FREE.","['shares', 'monkeypox', 'symptoms', 'man', 'diagnosed', 'startling', 'sore', 'cold', 'aint', 'jackson', 'lip', 'continues', 'video', 'suffered', 'started', 'im', 'continued', 'whats', 'week', 'viral', 'thompson', 'strep', 'spreading', 'showed', 'radaronlinecom', 'private', 'outbreak', 'hospital', 'figure', 'fever', 'disease', 'breaking', 'blister', 'barely', 'yeah']"
2385611295,"PJ Media","Déjà Vu? Biden Administration Declares Monkeypox a Public Health Emergency","https://pjmedia.com/news-and-politics/athena-thorne/2022/08/04/deja-vu-biden-administration-to-declare-monkeypox-a-public-health-emergency-n1618467","As the blooms falls off the COVID-19 rose, the Biden administration’s top health official announced Thursday that he will declare monkeypox a public health emergency (PHE).



The United States has over 6,600 confirmed cases across 48 states as well as in Puerto Rico and Washington, D.C. The U.S. outbreak represents over a quarter of the world’s 26,000 cases, which are currently spread across 87 countries.

“In light of all of these developments and the evolving circumstances on the ground, I want to make an announcement today that I will be declaring a public health emergency,” Health and Human Services Secretary Xavier Becerra told reporters during a Thursday briefing. He added, “We’re prepared to take our response to the next level in addressing this virus and we urge every American to take monkeypox seriously.”

“This public health emergency will allow us to explore additional strategies to get vaccines and treatments more quickly out to the impacted communities,” explained the administration’s new national monkeypox response coordinator, Robert Fenton. “And it will allow us to get more data from jurisdictions so we can effectively track and attack this outbreak.”

Once declared, a PHE remains in effect for either the duration of the emergency or 90 days, but the HHS secretary can extend it at will. A PHE grants the HHS increased access to federal money as well as greatly enhanced powers to enter into contracts, conduct investigations, waive procedures, and make all sorts of other moves.

Recommended: Insanity Wrap: How Not to Catch Monkeypox for Dummies

The announcement follows the World Health Organization’s July declaration that the outbreak of the monkeypox virus constitutes a Public Health Emergency of International Concern (PHEIC). Three of the most liberal states in the U.S. — New York, California, and Illinois — have also already made moneypox emergency declarations of their own.



Authoritarian politicians and bureaucrats are having a tough time giving up the dictatorial powers afforded them by the Great COVID Powergrab, so the latest declaration is doubtless music to their ears. But with consequential midterm elections approaching, the roughly half of Americans who believe the 2020 election wasn’t exactly secure aren’t in any mood to hand over their civil liberties once again.

Democrats will be hard pressed to leverage monkeypox into a full-blown power grab. Unlike COVID, monkeypox kills almost no one, and certainly no one in a first-world country. And because monkeypox is spread almost entirely by men having sex with men, Leftists have been reluctant to impose any restrictions on interpersonal contact lest they in any way impede the spread of their beloved LGBTQ+ agenda.

So while monkeypox does not look like it can be spun into the midterm election disrupter feared by the right, it’s already well on its way to becoming yet another government-Big Pharma gravy train.","['vu', 'déjà', 'declares', 'biden', 'administration', 'monkeypox', 'health', 'emergency', 'public', 'states', 'spread', 'virus', 'secretary', 'response', 'powers', 'phe', 'outbreak', 'midterm', 'men', 'hhs', 'election', 'declaration', 'covid', 'cases', 'announcement', 'administrations', 'york', 'xavier', 'wrap', 'worlds', 'world', 'wasnt', 'washington', 'waive', 'vaccines']"
2385639486,"Alternet","Virologist tackles monkeypox vaccine questions","https://www.alternet.org/2022/08/virologist-tackles-monkeypox-vaccine-questions/","Monkeypox isn’t going to be the next COVID-19. But with the outbreak having bloomed to thousands of infections, with cases in nearly every state, on Aug. 4, 2022, the U.S. declared monkeypox a national public health emergency. One reason health experts did not expect monkeypox to become so widespread is that the U.S. had previously approved two vaccines for the virus. Maureen Ferran, a virologist at Rochester Institute of Technology, has been keeping tabs on the two vaccines that can protect against monkeypox.

1. What are the available monkeypox vaccines?

Two vaccines are currently approved in the U.S. that can provide protection against monkeypox, the Jynneos vaccine – known as Imvamune/Imvanex in Europe – and ACAM2000, an older smallpox vaccine.

The Jynneos vaccine is produced by Bavarian Nordic, a small company in Denmark. The vaccine is for the prevention of smallpox and monkeypox disease in adults ages 18 and older who are at high risk for infection with either virus. It was approved in Europe in 2013 and by the U.S. Food and Drug Administration in 2019.

The Jynneos vaccine is given in two doses four weeks apart and contains a live vaccinia virus. Vaccinia normally infects cattle and is a type of poxvirus, a family of viruses that includes smallpox and monkeypox. The virus in this vaccine has been crippled – or attenuated – so that it is no longer able to replicate in cells.

This vaccine is good at protecting those who are at high risk for monkeypox from getting infected before exposure and can also lessen the severity of disease post-infection. It is effective against smallpox as well as monkeypox. Until the recent monkeypox outbreak, this vaccine was primarily given to health care workers or people who have had confirmed or suspected monkeypox exposure.

Both the Jynneos and ACAM2000 vaccines use the vaccinia virus, shown here, to produce immunity to smallpox and monkeypox.

CDC/ Cynthia Goldsmith

The ACAM2000 vaccine was approved by the FDA in 2007 for protection against smallpox disease. This vaccine is also based on vaccinia virus, however the version of the vaccinia virus in the ACAM2000 vaccine is able to replicate in a person’s cells. Because of this, the ACAM2000 vaccine can be associated with serious side effects. These can include severe skin infections as well as potentially life-threatening heart problems in vulnerable people. Another potential issue with the ACAM2000 vaccine is that it is more complicated to administer compared to a normal shot.

The U.S. government has over 200 million doses of ACAM2000 stockpiled in case of a biological weapon attack of smallpox. But despite the adequate supply of the vaccine, ACAM2000 is not being used to vaccinate against monkeypox because of the risk of serious adverse side effects. For now, only designated U.S. military personnel and laboratory researchers who work with certain poxviruses may receive this vaccine.

2. How effective are these vaccines?

According to the U.S. Centers for Disease Control, there is not yet any data available on the effectiveness of either vaccine in the current outbreak of monkeypox. But there is older data available from animal studies, clinical trials and studies in Africa.

A number of clinical trials done during the approval process for the Jynneos vaccine show that when given to a person, it triggers a strong antibody response on par with the ACAM2000 vaccine. An additional study done in nonhuman primates showed that vaccinated animals that were infected with monkeypox survived 80% to 100% of the time, compared with zero to 40% survival in unvaccinated animals.

Another use of the Jynneos vaccine is as a post-exposure prophylaxis, or PEP, meaning the vaccine can be effective even when given after exposure to the virus. Because the monkeypox virus incubates in a person’s body for six to 14 days, the body of someone who gets the Jynneos vaccine shortly after being exposed will produce antibodies that can help fight off infection and protect against a serious monkeypox case.

The ACAM2000 data is older and less precise but shows strong protection. Researchers tested the vaccine during an outbreak of monkeypox in central Africa in the 1980s. Although the study was small and didn’t directly test vaccine efficacy, the authors concluded that unvaccinated people faced an 85% higher risk of being infected than vaccinated people.

3. Does a smallpox vaccine protect against monkeypox?

According to the CDC, a previous smallpox vaccination does provide some protection against monkeypox, though that protection wanes over time. Experts advise that anyone who had the smallpox vaccine more than three years ago and is at increased risk for monkeypox get the monkeypox vaccine.

In California and New York City, demand for vaccines has been high among at-risk communities.

AP Photo/Marcio Jose Sanchez

4. Who should get vaccinated?

At the national level, anyone who has had close contact with an infected person, who has a weakened immune system or who had dermatitis or eczema is eligible for a Jynneos vaccine.

Some state and local governments are also making vaccines available to people in communities at higher risk for monkeypox. For example, New York City is allowing men who have sex with men and who have had multiple sexual partners in the past 14 days to get vaccinated.

5. What is the supply like for the Jynneos vaccine?

As of July 29, 2022, a little over 300,000 doses have been shipped to points of care or administered, with another 700,000 already allocated to states across the U.S. However, demand is far outpacing supply. Public health officials acknowledge that vaccine supply shortages have resulted in long lines and clinics having to close when they run out of vaccines. The issues have been magnified by technical problems with online booking systems, particularly in New York City.

To help boost supply, the U.S. has ordered nearly 7 million doses of the Jynneos vaccine, which are expected to arrive over the coming months.

6. What about just using one dose of Jynneos?

Although federal health officials advise against withholding the second dose, some places – including Washington, D.C., and New York City – are withholding the second dose until more become available. This strategy is being used in Britain and Canada as well to vaccinate as many people as possible at least one time.

A previous study reported that a single shot of the Jynneos vaccine protected monkeys infected with monkeypox and that this protection lasted for at least two years. If this holds up in the real world, it would support withholding second doses in favor of immunizing more Americans. This would be key as many health experts expect the virus to continue spreading, furthering increasing demand of the vaccine.

Maureen Ferran, Associate Professor of Biology, Rochester Institute of Technology","['virologist', 'tackles', 'questions', 'vaccine', 'monkeypox', 'jynneos', 'virus', 'smallpox', 'acam2000', 'vaccines', 'risk', 'protection', 'health', 'vaccinia', 'supply', 'infected', 'doses', 'york', 'outbreak', 'older', 'disease', 'approved', 'withholding', 'study', 'protect', 'high', 'experts', 'effective', 'dose', 'demand', 'data', 'city', 'vaccinated', 'vaccinate', 'unvaccinated']"
2386059703,"FiveThirtyEight","Most Americans Aren’t Paying Attention To The Monkeypox Outbreak","https://fivethirtyeight.com/features/most-americans-arent-paying-attention-to-the-monkeypox-outbreak/","Welcome to Pollapalooza, our weekly polling roundup.

U.S. health officials declared monkeypox a public health emergency on Thursday, a move that frees up additional resources for vaccines and other treatments to help control the virus’s outbreak. The federal announcement comes just days after California Gov. Gavin Newsom and Illinois Gov. J.B. Pritzker both declared public health emergencies in their respective states.

A number of states have reported an uptick in monkeypox cases. The virus — which was recently detected in the U.S. in mid-May but came to the country at least once before, in 2003 — has led to mild outbreaks across the U.S., with areas like New York, Washington, D.C., and Florida bearing some of the highest case rates by population. But according to recent polling, a majority of Americans aren’t paying close attention to the disease and aren’t that concerned about the outbreaks.

Per a May survey from CivicScience, 36 percent of U.S. adults said they were “somewhat concerned” with the spread of monkeypox in the country, versus 45 percent who were “not at all concerned.” Moreover, the percentage of Americans who told CivicScience that they were not at all worried about being in public places has significantly increased this year, from 29 percent in early January to 41 percent in late May.

The lack of concern could be, in part, because a majority of Americans aren’t paying particular attention to news regarding the outbreak. A May survey from YouGov/The Economist, for instance, found that only 11 percent of respondents were following updates regarding monkeypox very closely. Thirty-three percent said they were paying attention to a certain extent, but the bulk of Americans (56 percent) said they weren’t following the news very closely — if at all. Those numbers haven’t increased significantly either, despite an uptick in cases during the summer. A July poll from The Annenberg Public Policy Center of the University of Pennsylvania found that just 19 percent of Americans were concerned about getting monkeypox over the next several months.

It’s possible that worries regarding the virus could change following the federal government’s latest announcement. But there’s still a lot we don’t know about the outbreak, and that lack of knowledge among experts could also be a reason why Americans seem largely unaware of how contagious the virus is and whether there’s a vaccine available. In July, just before New York’s Department of Health declared monkeypox an imminent threat to public health, the same Annenberg Public Policy Center poll found that nearly half (48 percent) of Americans were unsure whether monkeypox was more contagious than COVID-19 (it’s not). Another 66 percent of respondents said they either didn’t know or didn’t believe there was a monkeypox vaccine (there is).

Concern about the virus might also be low because there’s a stigma associated with it. So far, the outbreak appears to mostly affect gay and bisexual men. On the one hand, this means public health systems have been able to target their messaging to the communities that appear most at risk. But that also carries the risk of villainizing these populations similar to how Asian Americans were targeted at the height of the COVID-19 pandemic. There’s also an ongoing effort to change the name of the virus amid criticism that its current moniker is discriminatory and stigmatizing and that it unfairly associates transmission of the disease with Central and West Africa, despite the current international outbreak having no central connections to those regions.

Moreover, it’s dangerous for Americans to presume that monkeypox poses a threat only to men who have sex with men. To be sure, it is not an airborne virus and is not as easy to contract as, say, COVID-19. (It also cannot be easily passed through casual skin contact, is not as deadly COVID-19 and doesn’t usually lead to hospitalization.) But that doesn’t mean other populations aren’t at risk of contracting it or that monkeypox can’t eventually escalate into another pandemic given that the virus has seemingly become more transmissible this go-around.

Unfortunately, at least for now, there’s just not enough data to know how bad the monkeypox outbreak might get. It’s why public health officials are asking everyone to remain vigilant while President Biden’s administration ramps up measures to combat it at the state and federal level. Public health officials are optimistic that the viral illness is not like COVID-19, but they are still advising everyone to exercise caution in situations where one can’t maintain a sense of personal space. Americans may be currently taking a lax attitude toward monkeypox, but in reality, there’s still a lot we don’t know about the disease.

Other polling bites

Only about one-quarter of Americans report being “very” (8 percent) or “somewhat” concerned (18 percent) that President Biden’s recent COVID-19 diagnosis could inhibit the government from performing its duties, according to a YouGov poll conducted July 23-26. That said, many Americans are broadly concerned that Biden’s age and health have adversely affected his capacity to perform presidential duties: Forty-two percent said these factors severely limited his ability to fulfill his role, while adults 65 and older (Biden’s own demographic) were the most likely of any age group (50 percent) to agree.

A majority of Americans (59 percent) don’t know the definition of “carbon-neutral,” per a July 26 survey from Morning Consult. Thirty percent said they weren’t sure, while 29 percent incorrectly identified “carbon-neutral” from a list of three choices. Interestingly, that number is very similar for self-identified environmentalists: Twenty-four percent said they didn’t know, and 32 percent gave a wrong answer.

Adults 65 and older are almost twice as likely (51 percent) as adults under 30 (27 percent) to write by hand every day, according to an Aug. 3 YouGov survey. It’s a habit that varies by race, too: Forty-six percent of white Americans reported handwriting daily, compared to 33 percent of Black Americans and 34 percent of Hispanic Americans.

Younger Americans are less likely than older Americans to have read books as children, per a July 19-22 YouGov survey. Seventy-nine percent of Americans under the age of 30 reported reading while growing up, compared with 95 percent of adults 65 and older. Moreover, one-third of Americans said they’ve read one or zero books in the last year, while about another third estimated they read between two and five. But 12 percent reported reading more than 20 … talk about being fully booked!

Biden approval

According to FiveThirtyEight’s presidential approval tracker, 39.2 percent of Americans approve of the job Biden is doing as president, while 55.7 percent disapprove (a net approval rating of -16.5 points). At this time last week, 39.3 percent approved and 55.7 percent disapproved (a net approval rating of -16.4 points). One month ago, Biden had an approval rating of 39.2 percent and a disapproval rating of 55.9 percent, for a net approval rating of -16.7 points.

Generic ballot

In our average of polls of the generic congressional ballot, Republicans and Democrats are roughly tied, 44.2 percent to 44.2 percent. A week ago, Republicans led Democrats by 0.2 points (44.1 percent to 43.9 percent). At this time last month, voters preferred Republicans by 2.0 points (42.8 percent to 44.8 percent).","['americans', 'monkeypox', 'outbreak', 'arent', 'paying', 'attention', 'public', 'health', 'virus', 'covid19', 'concerned', 'survey', 'rating', 'approval', 'reported', 'points', 'older', 'bidens', 'adults', 'yougov', 'risk', 'republicans', 'read', 'president', 'polling', 'poll', 'officials', 'net', 'men', 'majority', 'federal', 'dont', 'didnt', 'declared', 'age']"
2386194972,"VICE","Sex Workers Struggle to Get Vaccinated Against Monkeypox","https://www.vice.com/en/article/3add9v/sex-workers-struggle-to-get-vaccinated-against-monkeypox","“We cannot forget sex workers, because for so many of us, sex is not just pleasure, it’s also work.”

Despite being at a high risk for contracting monkeypox—a virus that can be spread through sexual or other close physical contact, and was just declared a global health emergency by the World Health Organization—sex workers say they’re struggling to get access to the vaccines that would help keep them safe. Repeating some of the same mistakes of the disastrously confusing and frustrating vaccine rollout for COVID-19, the launch of monkeypox vaccines in the U.S. so far has been a mess. We’re already facing a shortage of supply; the far-right is using the crisis to fuel hate against queer people; anti-vaxxers are vowing not to protect themselves; and sex workers are being forced to try to stay safe without help from the government bodies that are meant to protect public health.



“Nothing about the way this country handles pandemics makes sense”

Leigh Woods, a sex worker based in Pittsburgh, told me that on Monday, she called the Allegheny County clinic that she regularly visits for routine STI testing to ask for a vaccine appointment. She’d read that the health department was administering vaccines on a “case-by-case basis,” and had seen other sex workers tweeting about getting the vaccine in cities like D.C. and Boston. But when she called the clinic, the provider who answered the phone was flippant and dismissive, she said. “As a sex worker, I am more than familiar with the negative stigma surrounding sex work in our society and the common biases held against us,” she said. “At this point, I was angry.” It was only after repeatedly explaining her situation and asking about traveling to other cities—where some clinics have been more inclusive of sex workers getting vaccinated—that she was able to get through. “In less than a minute, she returned to let me know that the providers approved my eligibility to receive the monkeypox vaccine, and she transferred me back to the front desk to be scheduled for my first dose,” Woods said. In New York City, Zil Goldstein, nurse practitioner and Associate Medical Director for Transgender and Gender Nonbinary (TGNB) Health at Callen-Lorde, told me that she’s sending her patients to the city’s department of health locations for vaccines with mixed success. “I had someone who was turned away yesterday. I've had people who have gotten the vaccine already,” she said. “Nothing about the way this country handles pandemics makes sense.”



Goldstein said that persistence seems to be the main determining factor between getting the vaccine and not getting it. Patients are spending hours arguing with doctors at the health department who refuse to give them the vaccine, she said. “That's not something that everyone can do, and just doesn't address the risks,” said Goldstein. “Sex workers are of incredibly high risk for monkeypox, and don't know the sexual history of their partners. So they could very easily be having sex with someone who also has sex with men. And there's a lot of potential for crossover there.” “In my case, I had to fight for my eligibility to receive the monkeypox vaccine,” Woods said. “I worry about my colleagues who may be too fearful to advocate for themselves in the face of adversity. The reality is this: if members of my community want to be vaccinated, we must seek it out. There will be no public acknowledgement or eligibility determination for sex workers. This is just an extension of our reality.” The CDC has a list of recommendations for who should get vaccinated, including anyone recently exposed, people with “multiple sexual partners in the past 2 weeks in an area with known monkeypox,” and people whose jobs may expose them to orthopoxviruses—meaning, laboratory staff and public health workers. I asked the CDC whether sex workers should qualify, and a spokesperson sent me that list, which doesn’t explicitly mention sex work.



“If the government doesn't start helping us protect ourselves, it isn't only failing us, it's failing you, too. And it won’t be our fault”

Making the entire process more confusing, each state—and sometimes, individual counties within a single state—have different criteria for who is and isn’t eligible for a vaccine. In Washington, D.C. and San Francisco, for example, sex workers of any sexual orientation or gender are specifically named as among those eligible for a vaccine. Los Angeles County’s Department of Public Health will allow a vaccine for anyone who has had multiple sex partners in the last two weeks or engaged in “survival and/or transactional sex,” but limits recipients to gay or bi men and trans individuals only. Santa Clara and Contra Costa counties’ are similar, allowing for transactional sex but only if you’re male or trans. In Miami, Florida, where cases are spiking, the criteria is extremely limited: only lab workers and men who have sex with men who are also immunocompromised or have a history of STDs can get the vaccine. In Southern Nevada and Las Vegas, where monkeypox has been detected in the wastewater, eligibility is limited to people who may have been exposed and “gay, bisexual, or other men who have sex with men, and/or transgender, gender non-conforming, or gender non-binary who had multiple or anonymous sex partners in the last 14 days,” but even people who fit that criteria are reportedly being turned away.



Some states make you fill out a form before learning if you qualify. The city of Richmond, Virgina’s form is long and full of questions about your sexual history, gender and orientation, including “Have you engaged in anonymous sex or sex with partners you don't know in the last three months?” Jessie Sage, a sex worker and writer based in Pittsburgh, documented her recent experience trying to navigate the bureaucracy of getting a vaccine. She called an infectious disease doctor, two local clinics, and the Allegheny County Health Department, all of which told her she didn’t meet the criteria or vaccines weren’t available. The health department initially told her she qualified, then called back to say she didn’t. It was only after making all of these calls, and writing an article for the Pittsburgh City Paper, that she was finally able to get a vaccine appointment. “We are parents, partners, friends, and colleagues who want to safely do our jobs and prevent the further spread of this disease,” Sage wrote. “If the government doesn't start helping us protect ourselves, it isn't only failing us, it's failing you, too. And it won’t be our fault.”



Woods, too, was only able to get an appointment through persistence. At her first vaccine appointment, she was met with a very different tone than when she tried scheduling it on the phone days earlier. “The provider was friendly, patient, and informative,” she said. “The disappointment I held onto for the last few days had dissipated. I am incredibly grateful for the clinic and their willingness to acknowledge that sex workers are a high-risk group.” Without help from the government, sex workers are again forced to find their own ways to stay safe. Cecilia Gentili, co-founder of Callen Lorde’s COIN Clinic for sex workers, posted a list of demands from herself, ACT UP and PrEP4All for more inclusive public health access that includes better management, inclusiveness, and transparency for vaccine access. “We cannot forget sex workers,” she said at an ACT UP rally in New York. “Because for so many of us, sex is not just pleasure, it’s also work.” Last week, Performer Availability Screening Services, a testing and health program run by the adult industry’s trade association Free Speech Coalition, announced new guidelines for porn producers who are trying to navigate work and shoots around the threat of monkeypox, including reducing physical contact when possible and disinfecting surfaces diligently. They worked with the LA LGBT Center to open a vaccine clinic specifically for sex workers, and are continuing that work more broadly. All of this is not-distant history repeating itself: In March 2020, much of the adult industry shut down production due to COVID-19 risks, and the industry has always been a leader in taking public health seriously long before the rest of the population. While a vaccine won’t guarantee you won’t contract monkeypox, it can lessen the risk. Sex workers who aren’t able to get vaccinated take on expounded risk because their livelihood is contingent on their health: Quarantining for two weeks because they have monkeypox means two weeks of missed income. Woods said that while she waits for her second dose in four weeks, she’s decided to stop taking new clients and limit bookings. “I will most certainly suffer a financial loss; however, it is nowhere near as detrimental as if I were to contract the virus,” she said. “My physical, mental, and sexual health are my top priorities. I have determined that practicing amplified discernment is more than necessary to ensure my safety.” “We've already missed the boat on keeping this from becoming an epidemic disease in New York City,” Goldstein said. “It's entrenched and here to stay at this point, because the CDC has been so slow on prevention, and it's making treatment so difficult to access.”

ORIGINAL REPORTING ON EVERYTHING THAT MATTERS IN YOUR INBOX.

Your Email:

By signing up, you agree to the Terms of Use and Privacy Policy & to receive electronic communications from Vice Media Group, which may include marketing promotions, advertisements and sponsored content.","['struggle', 'sex', 'workers', 'monkeypox', 'vaccinated', 'vaccine', 'health', 'sexual', 'public', 'partners', 'men', 'department', 'weeks', 'vaccines', 'gender', 'clinic', 'work', 'woods', 'wont', 'told', 'risk', 'protect', 'history', 'failing', 'eligibility', 'doesnt', 'criteria', 'city', 'called', 'appointment', 'york', 'worker', 'stay', 'safe', 'receive']"
2386527603,"Blaze","Squires: Monkeypox shows the left's fetish for saying 'gay' to kids in the schoolhouse but never to men in the bathhouse","https://www.theblaze.com/fearless/oped/squires-monkeypox-left-wont-say-gay","Governor Ron DeSantis was accused of marginalizing LGBT teachers and students when he signed the Parental Rights in Education bill earlier this year. The media, as it is often wont to do, lied about the bill and branded it the “Don’t Say Gay” bill.

The response was a useful window into the mind of the American left. Politicians, entertainers, and corporations made a point to say “Gay!” every moment they could prior to the bill being signed into law.

Fast-forward a few months to the current monkeypox public health emergency – an actual threat to the LGBT community – and suddenly the keepers of culture have a bad case of laryngitis.

Yes, they grudgingly acknowledge that gay men – “men who have sex with men” in public health parlance – make up virtually all monkeypox cases.

Their overriding concern, however, in the public response to the outbreak is to avoid “stigmatizing” gay men. The writers of a recent Washington Post article acknowledge that public health authorities are weighing whether to recommend that gay men limit their sexual partners to help control the spread of the virus. The Post linked to a resource from San Francisco that tried to provide practical prevention tips for men attending a popular kink festival.

“We’re gearing up for an exciting return of our favorite street festival in San Francisco: Up Your Alley (aka Dore Alley), where you’ll get your fill of hot hairy daddies, hungry pigs, BDSM babes and kinks of all kinds. Douchie’s got some hot tips for a fun and filthy weekend — free of anxiety.”

Romans 1 is clear that a society that sows kink and celebrates filth will reap destruction both physically and spiritually.

“Therefore God gave them over in the sinful desires of their hearts to sexual impurity for the degrading of their bodies with one another.”

“Because of this, God gave them over to shameful lusts. Even their women exchanged natural sexual relations for unnatural ones. In the same way the men also abandoned natural relations with women and were inflamed with lust for one another. Men committed shameful acts with other men, and received in themselves the due penalty for their error.”

Promiscuous sex is one aspect of gay culture the left is loath to discuss publicly. Journalists bend over backward not to offend men who lack the discipline to stop bending over forward for random men at sex parties.

The shame mechanism for the people engaged in this behavior is completely broken. Only a mind enslaved to sin would think that being told not to engage in anonymous sex acts at orgies, at bathhouses, and in public bathrooms is more stigmatizing than the acts themselves.

Thankfully, the same book that details the ultimate end of all who are in bondage to sin also describes the freedom found in repentance and faith in Jesus Christ. The Gospel has the same power to save the gay man who has spent decades degrading himself through the unnatural use of his body as it does the church girl who thinks her good works are what make her righteous in God’s sight.

What makes the left’s “don’t say gay” monkeypox response so galling is the stark contrast of how this public health emergency is being handled compared to our last one.

During COVID, the media, academics, politicians, and public health officials had no problem using their platforms to chastise and criticize anyone who disobeyed their COVID orders. They ordered churches to close and demanded that people not see their families for the holidays.

People who refused COVID shots and complained about mask mandates were blamed for killing children and senior citizens. They were threatened with job loss, isolated in churches, and chastised for prolonging the “pandemic of the unvaccinated.” Conservatives who died after expressing concern about the public health response to COVID were mocked online and in major media outlets.

Now monkeypox is here, and the politicians, public health authorities, and media outlets who spoke with moral force as they shamed disobedient voters have become much more circumspect with their public guidance. We are being led by people who felt emboldened to tell Americans not to celebrate Thanksgiving with family but tremble at the thought of having to tell gay men not to attend kink festivals.

Enabling self-destruction is neither loving nor kind. Immunity from criticism creates a breeding ground for cultural dysfunction and communicable diseases.

We need more leaders willing to discuss abstinence with adults and fewer teachers trying to talk about gender identity and sexuality with toddlers. The people who need to hear “gay” most right now are the men in the batthouse, not the children in the schoolhouse.","['squires', 'shows', 'schoolhouse', 'lefts', 'kids', 'fetish', 'bathhouse', 'men', 'gay', 'monkeypox', 'public', 'health', 'sex', 'response', 'media', 'covid', 'sexual', 'politicians', 'kink', 'bill', 'acts', 'women', 'unnatural', 'tips', 'teachers', 'stigmatizing', 'sin', 'signed', 'shameful', 'san', 'relations', 'post', 'natural', 'mind', 'lgbt']"
2386638800,"CNN U.S. Edition","Illinois day-care worker tests positive for monkeypox, officials say, but no cases reported in children","https://www.cnn.com/2022/08/05/health/illinois-day-care-monkeypox/index.html","An Illinois day-care worker has tested positive for monkeypox, the Illinois Department of Public Health announced Friday, but no other cases have been reported there.

“An adult at a day-care center in the Rantoul area has tested positive for a case of monkeypox,” department Director Dr. Sameer Vohra said at a news briefing. “Screening of children and other staff is taking place now.”

Officials did not say how many children might have been exposed to the virus. The worker is in isolation and is “doing well.” The day-care center has also been cleaned.

Vohra said the US Food and Drug Administration has made the monkeypox vaccine available for the children “without jumping through the normal hoops in this process,” so parents of children exposed to the virus can get their kids vaccinated.

“Pediatricians are on-site as we speak to screen children for cases, and there are mobile testing and vaccines for their families,” he said.

The day-care worker also works in home health care, and public health officials are in contact with an affected client.

Public health officials asked parents to let disease investigators contact them if their child is affected.

“If your child has had the potential of being exposed to this outbreak, you will receive a call from the Champaign-Urbana Public Health District. You do not need to call day-care centers. You do not need to call public health. You will be contacted,” said Julie Pryde, administrator of the district.

Monkeypox spreads primarily through extended skin-on-skin contact or through contact with contaminated items.

Some cases in the United States have been reported in women and children in the ongoing outbreak, but the virus has been predominantly found in gay and bisexual men and other men who have sex with men.","['tests', 'children', 'daycare', 'worker', 'monkeypox', 'cases', 'reported', 'positive', 'officials', 'illinois', 'health', 'public', 'contact', 'virus', 'men', 'exposed', 'tested', 'parents', 'outbreak', 'department', 'child', 'center', 'works', 'women', 'vohra', 'vaccines', 'vaccine', 'vaccinatedpediatricians', 'united', 'therean', 'testing', 'taking', 'states', 'staff', 'spreads']"
2386651241,"monstersandcritics","Andy Cohen shares impassioned message about monkeypox","https://www.monstersandcritics.com/celebrity/andy-cohen-shares-impassioned-message-about-monkeypox/","Andy Cohen used his public platform to make a statement on the current monkeypox outbreak that has put New York City in a state of emergency.

The recognized Bravo host, 54, took a minute to address the current medical crisis on his show, Watch What Happens Live!.

On Monday, New York City Mayor Eric Adams issued an executive order for a state of emergency due to a highly increasing amount of MPV (monkeypox) cases being declared.

Cohen first addressed the situation by saying the government has had an “abysmal” response to the situation thus far and hopes the new order will help those in charge successfully deal with the threat before it worsens.

He also mentioned his awareness of the vaccine shortage at the moment and primarily urged his “gay brothers” to take precautions for their own protection.

Recent demographics, which were revealed by officials in NYC, have shown that 95% of confirmed monkeypox cases were believed to have been transmitted during sex between males.

Andy Cohen’s personal opinion on the monkeypox outbreak

After relaying the factual information regarding the outbreak, Cohen made a passionate statement to his fellow “brothers” in the gay community.

“I want to speak to my gay brothers for a minute, we need to take this seriously,” Cohen said. “Because this is affecting us at much higher rates than others right now.”

“Be aware, get vaccinated if you can, and please I know it’s summer we all have ‘Covid fatigue,” but please be safe and don’t take unnecessary risks. I know it’s summer but keep it locked up,” he continued.

Cohen then switched gears to ask government officials and media personalities to not use the situation as a chance to vilify the LGBTQ+ community.

“At the same time I call on everyone in the government and the media to not stigmatize our community which is already under attack from many who’d rather use us as a scapegoat than help us,” he said.

“And if you’re not a gay man, you might think this doesn’t affect you now but this is everyone’s problem because as we’ve learned from very recent history, unless we act now, these things can get a whole lot worse very quickly.”

Fans commend Andy Cohen for publicly speaking out

Twitter user @MikeSington shared a clip of the Bravo host’s plea on Twitter, which immediately garnered attention and was even retweeted by Andy Cohen himself.

“So few are speaking out. Kudos to Andy Cohen @Andy for making such an impassioned plea about monkeypox. This is well worth watching,” he tweeted.

“@andy can be a big huge goof, but he’s absolutely correct. One of the few people in the media taking a responsible position and announcing it. Good for him,” another user wrote.

“Nicely balanced messaging. Calling out the scapegoating, as well as the need for more governmental attention to this public health crisis and directed resources. Also good that Andy mentions the role of behavioral risk factors,” One user replied to the shared video clip.","['shares', 'message', 'impassioned', 'cohen', 'andy', 'monkeypox', 'gay', 'user', 'situation', 'media', 'brothers', 'york', 'summer', 'statement', 'state', 'speaking', 'shared', 'public', 'plea', 'outbreak', 'order', 'officials', 'minute', 'good', 'current', 'crisis', 'clip', 'city', 'cases', 'bravo', 'attention', 'youre', 'wrotenicely', 'worth', 'worsenshe']"
2386690000,"HonululuAdvertiser","Central Illinois day care worker has monkeypox, officials say","https://www.staradvertiser.com/2022/08/05/breaking-news/officials-central-illinois-day-care-worker-has-monkeypox/","CHAMPAIGN, Ill. >> A central Illinois day care worker has developed monkeypox but it has not spread to others at the center, public health officials said Friday.

The worker at the unidentified day care in the village of Rantoul was in isolation and doing well, officials said. Screening of children, other workers and their close contacts was underway, The (Champaign) News-Gazette reported.

“We hope there are no kid cases,” said Julie Pryde, director of the Champaign-Urbana Public Health District. “But for all we know, the employee could have gotten it from a kid.”

The Rantoul case is Illinois’ first monkeypox case linked to a day care, Illinois Department of Public Health spokeswoman Lauri Sanders said. The monkeypox virus spreads through prolonged skin-to-skin contact.

The Campaign-Urbana Public Health District learned of the case Thursday. It’s the third monkeypox case so far in Champaign County.

The local agency has enough vaccine to administer to anyone connected to the day care center who wants it, Pryde said. She said the agency also has access to medication for monkeypox, which may cause fever, body aches, chills, fatigue and pimple-like bumps on many parts of the body.

Rantoul is 110 miles (177 kilometers) south of Chicago.

Click here to see our full coverage of the coronavirus outbreak. Submit your coronavirus news tip.

","['central', 'monkeypox', 'day', 'care', 'illinois', 'worker', 'officials', 'public', 'health', 'case', 'champaign', 'web', 'rantoul', 'pryde', 'district', 'coronavirus', 'center', 'agency', 'workers', 'virus', 'village', 'vaccine', 'unidentified', 'underway', 'tipbe', 'supported', 'submit', 'staradvertiser', 'spreads', 'spread', 'spokeswoman', 'south', 'skintoskin', 'screening', 'sanders']"
2387522140,"Guardian","‘Like winning the lottery’: Americans struggle to get monkeypox vaccines","https://www.theguardian.com/us-news/2022/aug/07/monkeypox-vaccine-appointments-new-york-san-francisco","“It was like trying to win the lottery. It was so difficult.”

On a hot Saturday afternoon last weekend, at New York City’s Bronx high school of science, Alexx Dunn, 42, waited in line for a monkeypox vaccine at a public health immunization site.

For his elusive appointment that are usually only be booked online, Dunn needed two cellphones (the second borrowed from his co-worker), four different chances to sign up for the shot after failing to get an appointment with each new batch of time slots released, and precious time away from his job as a retail manager in the fashionable Manhattan shopping district of SoHo, work that he quickly returned to as soon as his Saturday appointment was over. In the US, the rapid increase of monkeypox cases has now officially been declared a national public health emergency. Before Thursday’s announcement by the Biden administration, the New York City mayor, Eric Adams, and the New York state governor, ​​Kathy Hochul, issued separate emergency declarations. New York City has the bulk of US cases so far, with San Francisco also badly affected.

New York health officials offer vaccinations via an online sign-up portal under strict eligibility, including for those who may have been exposed to monkeypox. Currently, men and members of the LGBTQ+ community are the groups most affected, though anybody can contract the virus.

But amid belated increases in appointment availability for those eligible, since the latest outbreak of this relatively rare virus reached Europe and the US in the second half of May, experts and patients are observing that the vaccination process privileges a select few.

Those who have the most resources – time, fast internet access and electronic devices, knowledge on monkeypox and vaccinations, sometimes acquired via well-connected friends – have been best placed to snap up limited appointments, while leaving out marginalized communities.

Demographic data on who’s getting vaccinated has been largely unavailable. But current figures from the Centers for Disease Control and Prevention (CDC) shows that racial minorities make up the majority of US monkeypox cases, ABC News reported.

Data from 28 July showed that of the 4,600 reported US cases of monkeypox, Hispanic people accounted for 31% and Black people 27%, despite only making up 19% and 13% of the general population respectively.

Data out of New York City follows a similar trend. Out of 1,630 monkeypox cases in New York reported as of 4 August, Black and Hispanic people together made up more than half.

But many worry that the vaccine process isn’t best serving the communities and neighborhoods worst affected by this, and fears abound amid preventable spread.Last Saturday, some faced more challenges than others.

“Super easy to sign up for online. No problem at all. Took me maybe three minutes to do the whole thing,” said Steven Harris, 39, who is white and was able to get the appointment while working from home in Manhattan and then travel to the Bronx, the city borough with the lowest percentage of white residents and the highest rate of poverty.

But others, such as Charles Robinson, 28, described a dissimilar experience, with Robinson, a biology PhD student, using two laptops to finally secure an appointment on the glitchy health website.

“It’s complete bullshit. I don’t understand why we gotta do all this stuff to do one thing,” said Robinson, a Black man, after receiving his first of two recommended vaccine doses on Saturday after traveling from Harlem.

Daslyn Colson, who also got a vaccine on Saturday, added that from what she had heard and seen – mainly the line being populated by white people despite the vast majority of Bronx residents being non-white people – the overall process seemed to push out actual Bronx residents who may be disproportionately affected by monkeypox.

“I know there were some issues the previous times when they had the first wave of vaccines available and people were coming into the Bronx and taking them from Black and brown folks. Seeing that a lot today.”

Colson, a Black woman in her late 20s, travelled from East New York to get the vaccine, finding no available appointments online closer to her home.

Colson’s observations echoed complaints and fears on social media and by others in line, that mostly privileged white people would be able to take advantage of the few available monkeypox vaccine resources.

Jason Cianciotto, vice-president of communications and public policy at GMHC, the city non-profit born out of the HIV/Aids crisis in the early 1980s whose website says “Monkeypox: be aware but don’t panic”, spoke of the vaccine shortage.

“It [impacts] the low-income communities of color, immigrants, transgender and gender non-conforming people who, for many reasons, have historically lacked access to healthcare, technology, [and may have] jobs that might prevent them from being able to hop online to try to get an appointment,” Cianciotto said.

Cianciotto and Anthony Fortenberry, chief nursing officer at the city’s Callen-Lorde community health center, both spoke to the Guardian of a startlingly low level of available vaccine doses that is exacerbating existing health inequalities.

New York City only has 79,000 monkeypox vaccines available, with the US distributing less than one-third of the estimated 3.5m it will need, the New York Times reported.

“[With] the vaccine, when you ration healthcare, only the most privileged are able to access it,” said Fortenberry.

For those who do not see a regular physician, getting information on monkeypox is difficult. LGBTQ+ adults, particularly transgender people, are more likely than the general population not regularly to see a doctor or have health insurance, according to a June 2022 report from New York state’s department of health.

Even for those with healthcare coverage, information is patchy.

“I had to do the research. I don’t see the information readily available. It was just by word of mouth,” said Colson, adding that the overall process has been “messy”.

Similarly to Dunn, 23-year-old Zachary Skurka, who called the vaccination rollout a “hot mess”, had to call out of work to make his monkeypox vaccine appointment, adding that many of his friends have been unable to make or keep available appointments due to work conflicts.

“It’s very hard,” said Skurka. “I’ve had a lot of friends who haven’t been able to book appointments because they’ve either been at work or didn’t make it to the appointment window on time to book one because they were too busy or the site wasn’t working. Many [different] reasons, so they’re still waiting,” he added as he waited outside the Bronx school.

“Everybody doesn’t have the ability to wait by the phone and be able to play with the phone to be able to get the appointment,” added Jonathan Adams, 38, who commuted across the city to get the vaccine after snagging an appointment on his fourth try.

Cianciotto said that many GHMC clients, particularly those with poor internet access or disabilities, have struggled in the current process.

While appointments can now be made via telephone for those struggling online, Cianciotto said that those additional options are poorly advertised.

Inequality in vaccine supply is at risk of becoming a global problem.

New York City is slowly opening up more vaccine locations.

But Sandile Mhlaba, 24, had to commute over an hour to the Bronx by public transportation from the Bedford-Stuyvesant neighborhood in Brooklyn to get the shot.

“I’m an immunocompromised person so if I have to be on the subway [train] for a long period of time, around a bunch of people who aren’t wearing masks, that’s obviously really challenging, but I wanted to prioritize my health so I said it’s worth it for this,” Mhlaba said.

Meanwhile, for Bronx residents like Julio Arniella, 56, the flood of people commuting for the vaccine, including from wealthier neighborhoods such as Manhattan’s Chelsea, has pushed him and other residents out of securing their shot.

Arniella was only able to secure his vaccination when he used a different zip code, having been unsuccessful using his Bronx postal code, he said.

“For a person like myself, living in the Bronx, I can’t even put my own zip code in to get an appointment,” said Arniella. “I was not able to get one in my own borough.”

Representatives from the New York City department of health said data breaking down vaccinations by demographics was being worked on.

The department sent along 23 July coverage about outreach efforts in a gay bar in the Queens borough, more than two months after the first US cases in this outbreak, amid US public health services being severely depleted by the catastrophic coronavirus pandemic.

Back in the Bronx, Dunn talked about the pressure to get the monkeypox vaccine amid the crush of unmet demand.

“Imagine thousands of people trying to get the vaccine at one time … I feel like I was trying to save my life, it was crazy,” said Dunn before rushing back to work.","['winning', 'vaccines', 'struggle', 'lottery', 'americans', 'monkeypox', 'vaccine', 'york', 'appointment', 'bronx', 'health', 'city', 'online', 'cases', 'work', 'residents', 'public', 'dunn', 'black', 'appointments', 'white', 'process', 'amid', 'access', 'vaccinations', 'vaccination', 'robinson', 'line', 'information', 'healthcare', 'friends', 'dont', 'department', 'code', 'cianciotto']"
2390658003,"rttnews","FDA Authorizes Emergency Use Of JYNNEOS Vaccine For Monkeypox","https://www.rttnews.com/3304302/fda-authorizes-emergency-use-of-jynneos-vaccine-for-monkeypox.aspx?type=ts","The U.S. Food and Drug Administration issued an emergency use authorization or EUA for the JYNNEOS vaccine for use in individuals 18 years of age and older who are determined to be at high risk for monkeypox infection.

JYNNEOS, the Modified Vaccinia Ankara or MVA vaccine, was developed by Denmark's Bavarian Nordic.

The FDA expects the authorization would increase the total number of doses available for use by up to five-fold. The approval comes as the U.S. government last week declared the monkeypox outbreak a Public Health Emergency.

Now, healthcare providers can use the vaccine in adults by intradermal injection, meaning, administered within the layers of the skin. The approval also allows to use the vaccine in individuals younger than 18 years of age determined to be at high risk of monkeypox infection. However, in these individuals, JYNNEOS is administered by subcutaneous injection, which is applied under the skin.

The vaccine is generally administered as two doses, four weeks apart. The vaccine was approved in 2019 for prevention of smallpox and monkeypox disease in adults 18 years of age and older determined to be at high risk for smallpox or monkeypox infection.

Health and Human Services or HHS last week said it has already shipped more than 602,000 doses of the JYNNEOS vaccine to states and jurisdictions. HHS had allocated 1.1 million doses to states and jurisdictions in total and was making more doses available as jurisdictions use their current supply.

Since the first U.S. case of monkeypox was confirmed on May 18, the United States reported more than 5,000 cases. However, no monkeypox-related death has been reported in the country so far.

For More Such Health News, visit rttnews.com

For comments and feedback contact: editorial@rttnews.com","['fda', 'emergency', 'authorizes', 'vaccine', 'monkeypox', 'jynneos', 'doses', '18', 'states', 'risk', 'jurisdictions', 'individuals', 'high', 'determined', 'age', 'administered', 'week', 'total', 'smallpox', 'reported', 'older', 'injection', 'hhs', 'health', 'authorization', 'approval', 'adults', 'younger', 'weeks', 'visit', 'vaccinia', 'united', 'supplysince', 'subcutaneous', 'skinthe']"
2391385913,"CNET","Top 5 Monkeypox Myths, Debunked     - CNET","https://www.cnet.com/health/medical/top-5-monkeypox-myths-debunked/#ftag=CADf328eec","Getting the right information is crucial when it comes to matters of health, but the presence of an infectious disease in a community has a way of fueling misinformation like wildfire. And in bigger outbreaks, like the 2022 monkeypox outbreak that's now officially a global health emergency, the spread of misinformation can be dangerous.

While monkeypox isn't a new disease, certain aspects of this outbreak set it apart from previous cases. With that, there are several things we know to be true about the way this disease behaves overall.

These are a few common monkeypox myths, debunked.

Myth: Only gay men are at risk of monkeypox

While it's true that the majority of people getting sick with monkeypox right now are men who have sex with men, anyone can get monkeypox regardless of sexual orientation, age, gender or whatever other demographic you can throw at the disease.

The reason it's affecting mostly gay men right now is because, in an uncharacteristic move, monkeypox is currently spreading mostly through sexual contact. Because people who have sex with men have physical contact or intimacy with other gay or bisexual men, the disease has so far mostly been sighted and contained within that community.

But cases have been reported in other demographics, including women and children. Monkeypox can spread to anyone engaged in close contact with a monkeypox-infected person, like someone who lives with them. And health officials fear that shame may deter people from seeking the care they need, including treatments or vaccines if they're exposed. The misbelief that only gay men can get monkeypox could also cause us to ignore spread of the disease in other communities, which may make the outbreak harder to contain.

Read more: Monkeypox: What Gay and Bisexual Men Need to Know

Myth: Monkeypox is easy to catch

Unlike a respiratory virus that spreads relatively easily in a room full of people who aren't touching each other (like COVID-19), monkeypox requires close physical contact to spread. That is, someone typically needs to be in direct contact with a person with monkeypox symptoms in order to catch it, or in direct contact with their clothes or another fabric or surface a monkeypox rash has touched. Examples of people who could be exposed to monkeypox if you had it are your sexual partner... or the roommate you share a hand towel with every day.

The virus that causes monkeypox can survive, however, on surfaces -- particularly in dark, cool, low-humidity environments, according to the Centers for Disease Control and Prevention. Because of this, it might be theoretically possible that someone could catch monkeypox from a contaminated surface, but the current likelihood of this remains low. Part of this could be the reason that the amount of virus the person is exposed to plays a part in whether they're infected (sharing a bed every night for a week with a person with monkeypox would be a lot more exposure than touching a public surface once, for example). Direct, skin-to-skin contact, including sexual contact, is the predominant way people have been exposed to monkeypox during this outbreak, according to the CDC.

""It's not a situation where if you're passing someone at a grocery store, they're gonna be at risk for monkeypox,"" Dr. Jennifer McQuiston, deputy director of the Centers for Disease Control and Prevention's Division of High Consequence Pathogens and Pathology, said at a May briefing with the CDC.

Read more: What to Do if You Think You Have Monkeypox

Myth: Monkeypox is a new disease

In short: No. Several African countries have been battling monkeypox for years, and the disease is endemic in some regions (in other words, it circulates year-round within one area). The first human case of monkeypox was detected in the 1970s, and there was a small (47-case) outbreak in the US in 2003 linked to imported pet prairie dogs. Prior to the 2022 outbreak, most cases of monkeypox were found in rural, remote areas and linked to direct contact with animals that can spread the disease.

Another thing that sets this outbreak apart is that monkeypox cases are spreading in countries where it isn't normally found without a link to international travel (like the US, Canada and select European countries). It's also mostly spreading through intimate contact and being detected in adult men. More cases in earlier outbreaks were in children, and human-to-human transmission was lower.

The current monkeypox outbreak might be linked to a case detected by a Nigerian infectious disease doctor in 2017, NPR reported. Dr. Dimie Ogoina identified a case with characteristics that more closely resemble monkeypox now. Ogoina then noticed the outbreak in Nigeria had spread between men with a link to sexual contact, as opposed to increasing cases among children who are more at risk of severe disease (and had been typically impacted in monkeypox-endemic countries). His and his teammates' warnings to the broader medical community may have fallen on deaf ears as the outbreak spread beyond Nigeria, according to the report.

Myth: Monkeypox is causing another lockdown in the US

The Biden administration declared monkeypox a national public health emergency on Aug. 4. The federal move is supposed to open up more money and funding for resources, including vaccines and testing, and encourage more information-sharing between the local, state and federal levels. It doesn't mean that states or cities will issue stay-at-home orders like they did for COVID-19 before vaccines and treatments became available, however. Unlike monkeypox, COVID-19 was a completely new virus that continues to spread easily between people who may have mild or no symptoms.

Read more: Everything We Know About Monkeypox

Myth: There are no monkeypox treatments available

In 2019 the US Food and Drug Administration approved Jynneos, a vaccine for monkeypox and smallpox prevention for people at higher risk of getting these diseases. This vaccine is now being given out to people at higher risk of catching monkeypox, though the rollout has been riddled with supply issues, and appointments have been hard to come by for many.

There's also another smallpox vaccine that can also be used against monkeypox called ACAM2000. However, this is an older live virus vaccine that isn't safe for all people, including the immunocompromised and people with certain skin conditions like eczema. Treatments that have been used to treat smallpox are also thought to work against monkeypox. While most people will be able to recover from monkeypox at home without medical intervention, some people at higher risk of severe disease, like folks who are immunocompromised, may be prescribed an antiviral.","['myths', 'debunked', 'monkeypox', 'disease', 'contact', 'outbreak', 'men', 'spread', 'risk', 'cases', 'virus', 'sexual', 'including', 'gay', 'vaccine', 'treatments', 'person', 'health', 'exposed', 'direct', 'countries', 'vaccines', 'theyre', 'surface', 'spreading', 'smallpox', 'linked', 'isnt', 'higher', 'detected', 'covid19', 'children', 'case', 'typically', 'true']"
2394335744,"Buzzfeed","Dermatologist-Recommended Ways To Prevent Scars Due To Acne Or Skin Lesions","https://www.buzzfeednews.com/article/lorencecil1/how-to-prevent-scarring","Dermatologist-Recommended Ways To Prevent Scars Due To Acne Or Skin Lesions

Scarring from acne; infections, like monkeypox; or other skin problems is sometimes unavoidable, but there are things you can do to help minimize and treat skin discoloration or scars.

BuzzFeed may collect a share of sales or other compensation from the links on this page if you decide to shop from them. All products were independently selected by our editors, and the prices were accurate and items in stock at the time of publication.

It’s tempting to pick at your skin, especially when it’s itchy, painful, or there are blemishes begging to be popped. Unfortunately, that’s the exact kind of behavior that leads to scarring.

“Behavioral things like bringing the fingertips or any sort of tool to your skin and breaking the surface of the skin will make things much more likely to scar over,” said Dr. Evan Rieder, a certified dermatologist and psychiatrist at NYU Langone Health.

While there’s a chance for acne scars, injury, and even surgical scars to be mitigated, scarring from monkeypox, chicken pox, and any other infections caused by this family of viruses may be inevitable.

Rieder’s best advice if you don’t want scars is to take measures to avoid getting pox infections in the first place, which may involve looking into a vaccine, especially if you’re in a high-risk group or have high-risk contacts.

For something like monkeypox, there are also steps you can take once you’ve been exposed. Rieder suggested that those who are immunocompromised or in high-risk groups in particular get immediate medical attention and ask about postexposure vaccination or treatments that can help reduce the symptoms. There are also some medications, like tecovirimat (Tpoxx), being made available on a limited basis that can help ward off severe symptoms.

Try not to scratch skin lesions

“If things are itchy or you're afraid there's something infectious, obviously you want to get a medical evaluation and see if there are any prescriptions that are required, like antibiotics, like topical steroids that can sometimes decrease itchiness and inflammation and make it less likely that a lesion is going to be manipulated by you,” he said. “The most important thing, as itchy as some of them may be, is to not scratch them.”

Prescription-strength topical steroids are the best thing for itching, according to Rieder, but the less potent over-the-counter hydrocortisone is a good place to start. It has anti-inflammatory properties, but it’s not something you want to put on your skin if there’s any concern of true infection.

Cortizone 10 Maximum Strength Hydrocortisone Cream

Promising review: “As someone with sensitive skin who gets redness and itchy from body products. This have help me alot and when I have redness on my legs. I use this after bathing and it helps alot with itch and redness.” —jackie orozco

You can buy Cortizone 10 Maximum Strength Hydrocortisone Cream from Amazon for around $5.

Minimize your sun exposure

Anything that’s inflamed on the skin or engorged with blood vessels may be more susceptible to sun, Rieder said, so you want to have as much sun protection as possible.

“Things that are inflamed may be more likely to take on ultraviolet and invisible light and deposit pigment, leaving stains on the skin, or discoloration, without real true scarring,” he said. This discoloration can make it more difficult to return to your normal state of pigmentation, which is why it’s best to avoid the sun as much as possible where there’s been any skin trauma and wear a broad spectrum sunscreen with high SPF while you heal.

If you have highly reactive skin or skin of color, a sunscreen with a tint will likely work best for you. However, if you have sensitive skin and don’t mind a potential whitecast for the sake of protection, this noncomedogenic sunscreen stick is safe to use anywhere and easy to reapply as needed for extra coverage where you need it most.

CeraVe Sunscreen Stick

Promising review: “Absolutely love this sunscreen stick. It’s very gentle on my skin. Doesn’t irritate my skin or burn.” —vanessac366 via Target

You can buy CeraVe Sunscreen Stick—SPF 50 from Target for around $9.

Stay hydrated

When it comes to any broken skin, keeping things moist is much better for healing than letting it dry out.

“We’re very old school when it comes to doing things to repair a broken barrier,” Rieder said. “We don’t want to add too many ingredients that could cause irritation or allergy to the skin, so we really want to do whatever is possible to maintain that skin barrier in the most inert way.”

Emollients, like the petrolatum base of your classic Vaseline and Aquaphor, are the “mother of all skin barriers” to lock in moisture and help the skin heal itself. Simply applying Aquaphor to skin lesions can help them stay hydrated while they heal, which will ideally avoid scabbing or help scabs heal fully.

Aquaphor

Promising review: “I have horrible, dry, cracked feet that bleed. I put this on at night and I wake up in the morning and it’s pretty much healed overnight! I’ve used almost everything under the sun, nothing works as well as this product.” —Anonymous via Walmart

You can buy Aquaphor from Walmart for around $10.

While petrolatum is likely fine to use as a spot treatment on your face, it can clog pores and lead to breakouts if used in large amounts. So if you have broken skin or blemishes in a larger surface area on your face, Rieder suggests something noncomedogenic with ceramides, like this CeraVe ointment.

CeraVe Ointment

Promising review: “Had a keratosis frozen off my lower lip. I was given a small sample jar of CeraVe. After the scab fell off, It did a much better job than using Chapstick to keep the area moist and it promoted the healing very well, noticeably so.” —Jeffrey C.

You can buy CeraVe Healing Ointment from Amazon for around $11.

What to do to treat healed scars

As Rieder explained, the whole grouping of pox viruses is known to cause scarring and sometimes it can be inevitable. But once the active period is over — when the itching has subsided and the lesion has healed but there’s still some inflammation or raised skin — silicone sheeting is a great option to reduce scarring.

“This is the biggest thing that you can do at home to minimize scarring, which is textural changes, and minimize discoloration, which is the flat change of the skin where there is pigment,” he said.

Aroamas Professional Silicone Scar Sheets","['trauma', 'prevent', 'general', 'skin', 'scarring', 'infections', 'acne', 'rieder', 'things', 'sunscreen', 'scars', 'review', 'itchy', 'discoloration', 'cerave', 'buy', 'thing', 'redness', 'pox', 'monkeypox', 'minimize', 'hydrocortisone', 'highrisk', 'healing', 'healed', 'heal', 'dont', 'broken', 'avoid', 'aquaphor', 'youre', 'viruses', 'true', 'treat', 'topical']"
2394987378,"Vanity Fair","“A Hunger Games Contest”: How Unforced Errors Hobbled America’s Monkeypox Response","https://www.vanityfair.com/news/2022/08/how-unforced-errors-hobbled-americas-monkeypox-response","As vulnerable Americans scramble to find scarce vaccine doses, critics say the FDA dragged its feet, “the CDC can’t operate its way out of a paper bag,” and a 333-page smallpox response plan was never “activated.” Can Team Biden right the ship before it’s too late?

The first diagnosed case of monkeypox in the US, on May 18, did not seem like a major cause for alarm. Unlike the virus that causes COVID-19, monkeypox was not novel, not airborne, and rarely fatal. In fact, the US government already possessed a robust arsenal of tools that could be used to combat it.

In 2003 the US government began developing a detailed response plan for smallpox, a far more lethal virus that belongs to the same family as monkeypox. The plan, which over two decades grew to fill 333 pages, offered a playbook for how to mount an effective response to such pathogens.

The US government had also spent close to $2 billion to develop a new smallpox vaccine called Jynneos, which is manufactured by the Danish biotech company Bavarian Nordic. The Strategic National Stockpile contains 20 million doses of the Jynneos vaccine, which is much safer than earlier smallpox vaccines, but, according to The New York Times, its shelf life is only three years, and the majority expired over the past decade. (A freeze-dried version that would last longer is still in the works.)

Millions more doses sat in liquid form in plastic bags at Bavarian Nordic’s manufacturing plant in Denmark. These had been purchased by the US long before the first domestic cases of monkeypox were identified.

Viewed from one angle, Jynneos looked like an infectious disease success story: a vaccine at the ready, for when it counted most. “But for the United States government, we wouldn’t have the Jynneos vaccine,” said Michael Osterholm, director of the Center for Infectious Disease Research and Policy at the University of Minnesota. “We are the reason why the world has a vaccine.”

But as cases of monkeypox ticked upward around the country, spreading primarily via skin-to-skin contact among men who have sex with men, six long weeks passed without significant action to deploy vaccines widely. Vulnerable Americans found themselves hunting for elusive shots and scrambling to add their names to digital sign-up sheets that filled up within minutes of being posted.

Said a former federal health official who worked on the US smallpox response plan, “I can’t see where any part of it was activated.”

The liquid vaccine at the Bavarian Nordic plant couldn’t be distributed until it was placed into vials—a process known as “fill-finish.” And that couldn’t happen until the FDA inspected the new facility where the work would be done. Two inspectors finally arrived on July 1, six weeks after monkeypox made its first appearance on American shores. By then there had been 506 documented cases of monkeypox in the US. Today the CDC’s total number of confirmed cases stands at 11,177—higher than in any other country in the world—and federal officials are contending with a shortfall of more than 2.5 million needed vaccine doses.

In early August, Peter Marks, the FDA’s director of the Center for Biologics Evaluation and Research, participated in a call with community doctors and health care workers concerned about the lagging federal response. Marks surprised those on the call by suggesting that the FDA wasn’t to blame for the delay in inspecting the fill-finish plant in Denmark, because the agency had been waiting for an invitation from Bavarian Nordic to do so. He later added that the FDA had asked the company to apply for an inspection early on, when there were roughly 100 domestic cases.

It’s true that the agency typically does not inspect overseas facilities without an invitation. Still, according to an FDA employee familiar with the agency’s vaccine inspections, more could have been done sooner. “They could have gotten out there fairly quickly,” the employee said. “It seemed like there wasn’t a sense of urgency.”

A senior FDA official, speaking on background, told Vanity Fair that the agency mobilized “as quickly as we could. Nobody was sitting on this.” The agency viewed the supply in Denmark as a backup to the unexpired doses in the US stockpile. When the distribution of those doses—a combined responsibility of several federal agencies—failed to contain the outbreak, “it became clearer that we needed to move more quickly.”

A Bavarian Nordic spokesman said, “In May, when the first case of monkeypox arrived in the UK, Bavarian Nordic and the FDA started working together to expedite the inspection.” He added that “the inspection was originally anticipated in August, but was moved up in partnership with the FDA.”

To critics, the six-week delay in inspecting the Danish plant is just one in a cascade of unforced errors by the federal government that has allowed the US monkeypox outbreak to spiral out of control. It has revealed a public health infrastructure in a state of deep burnout from the ongoing COVID-19 response. And it has raised the prospect that continued spread could lead the monkeypox virus to become endemic in the United States, as it has been in Africa for decades.

“States and cities like New York need federal direction, which has been lacking from the beginning,” Brad Hoylman, a New York state senator and longtime advocate for the LGBTQ community, told Vanity Fair. He cited the federal government’s “foot-dragging in getting vaccines to the US, the fact that the FDA hadn’t inspected the plant, [and] the inability for Washington to move” treatments into wider circulation. “Patients shouldn’t have to be part of a Hunger Games contest to get a vaccine,” he added.

On August 2, President Joe Biden finally appointed a White House monkeypox response team helmed by Robert J. Fenton, a Federal Emergency Management Agency (FEMA) regional administrator and veteran of disaster management. And on August 4, Department of Health and Human Services Secretary Xavier Becerra declared monkeypox a public health emergency—more than a week after the World Health Organization had designated monkeypox a public health emergency of international concern, and days after New York, Illinois, and California had declared emergencies.

Many public health experts view the federal government’s announcements as welcome but long overdue. “They are getting a lot of heat, and I think it’s deserved heat, after what we’ve been through with COVID,” said Rick Bright, the former director of the Biomedical Advanced Research and Development Authority (BARDA). “[The federal response] has been much slower and more hesitant than it should have been—too much ‘wait and see.’”

In 1980 the World Health Organization made a triumphant announcement: Smallpox had been eradicated worldwide. The terrifying and deadly virus, which killed an estimated 300 million people in the 20th century, had been vanquished.

This monumental public health achievement brought routine smallpox vaccinations to an end. And that, in turn, opened the door to monkeypox, a less lethal relative of the virus. Believed to have originated in rodents on the African continent, monkeypox first appeared in humans in 1970 in the Democratic Republic of Congo.

In October 2001, at a dinner at Oceanaire in Washington, DC, the late legendary disease detective D.A. Henderson, who helped lead the global campaign to eradicate smallpox, treated his tablemates to a grim prediction. Given Africa’s massive population of people under 40 who’d never been vaccinated against smallpox, “monkeypox is going to become a big problem in the next 20 years,” Henderson said, according to Osterholm, who attended the dinner.

In 2003 the US government began to prepare in earnest for a possible resurgence of smallpox. On the eve of Operation Iraqi Freedom, the fear that Saddam Hussein might have weaponized the virus led to the development of medical countermeasures and a push to vaccinate US health care workers. With that preparation came a plentiful stockpile of vaccines.

Then, in 2017, an astute physician in southern Nigeria, Dr. Dimie Ogoina, treated an 11-year-old boy who had unusual lesions all over his body and diagnosed a rare malady: monkeypox. Experts believe it was the start of the outbreak that is now sweeping the world.

Almost three years into the COVID-19 pandemic, one might expect the US to respond to infectious disease outbreaks with well-oiled efficiency. But the opposite seems to be true. Federal funding, state and local staffing, and even federal oversight have all been depleted by the grueling SARS-CoV-2 marathon. “Public health systems are really fragile right now,” said Osterholm. “We’ve lost so many employees. We have so much backlogged work that needs to be done.”

There is a sense, as well, that federal agencies simply failed to see what was coming. One week after the first US case was diagnosed, in a Boston resident who’d recently returned from Canada, the Department of Health & Human Services (HHS) made a fateful miscalculation, giving Bavarian Nordic permission to deliver 215,000 doses of US-owned vaccine to European countries instead of requiring that they be delivered to the US. As one former senior HHS official said of Secretary Becerra: “That guy is on life support. What the hell is he doing?”

“There is clearly a role for White House leadership in a situation like this, but where is HHS?” asked Bruce Gellin, chief of global public health strategy for the Rockefeller Foundation’s Pandemic Prevention Institute. “Does the White House run a war? The Defense Department runs a war. At what point does it get shifted back to be managed by the public health agencies?”

According to an HHS spokesperson, “Aggressively responding to the monkeypox outbreak is a critical priority for HHS. Within days of the first U.S. case, we activated a multi-pronged response.” The spokesperson told Vanity Fair that the federal government expects to make 6.9 million doses of the vaccine available by the middle of next year, and said that Secretary Becerra is “actively engaged in the monkeypox response, meeting routinely with Administration officials, state and city health officials, and others to mobilize a nationwide response.”

Also surprising was Biden’s decision to put a FEMA regional administrator in charge of the White House monkeypox response, said several former federal officials. Though Fenton is a FEMA superstar with ample experience responding to tornadoes and hurricanes, it would have been more logical for the top person to come from within the HHS family of agencies, though a division director from the Centers for Disease Control and Prevention (CDC) was assigned as Fenton’s deputy. The choice “reflects the fact that CDC can’t operate its way out of a paper bag,” said the former HHS official. (The CDC did not respond to several emails seeking comment.)

Things are not much better at the FDA. Since 2019, 11 of the 14 inspectors in Team Biologics, the elite unit that inspects vaccine-manufacturing plants, have left amid plunging morale, Vanity Fair has learned. (One of the two inspectors who reviewed the Bavarian Nordic plant hailed from the unit, according to FDA records.) The team’s managers frequently override inspectors’ on-site judgments, and many new hires are far less experienced than those they’ve replaced, according to one current FDA employee and one person who used to work there.

An FDA spokesperson acknowledged that Team Biologics, like other divisions, “has seen attrition over the last few years.” The agency is nonetheless “proud” that “inspections and investigations” of vaccine manufacturers have continued throughout the pandemic, said the spokesperson, adding that “as the complexity of inspections increases, so too does the level of review that a supervisor may provide to best support the investigator.”

The brittleness of the nation’s public health apparatus has turned the monkeypox response into an avoidable scramble. Facing an estimated three months to get liquid vaccines into vials, transport them into the US, and distribute them to state health departments, federal health officials have been forced to improvise on the fly.

On August 9, they greenlighted a new method of injection—between layers of skin—that uses one fifth of the standard amount of vaccine per dose. On Monday, the HHS secretary announced that the switch, from subcutaneous to intradermal injection, will allow the government to significantly increase the number of doses it’s allocating to states right away. And last week Bavarian Nordic announced that it was testing expired doses at the request of the US government to determine if some might still be usable.

Those are positive steps, but they may have come too late. Scientists at the Yale University and Brown University schools of public health recently found that it might have been possible to quell the outbreak by vaccinating as few as 329,000 high-risk men in the outbreak’s early days.

“It’s tragic,” said the former senior HHS official. “You had the president saying in May that it was a real concern. You’d think that someone would keep their eye on the ball to take the simplest of preparatory action.”","['unforced', 'hunger', 'hobbled', 'games', 'errors', 'contest', 'americas', 'monkeypox', 'response', 'health', 'federal', 'vaccine', 'fda', 'smallpox', 'public', 'hhs', 'bavarian', 'nordic', 'doses', 'virus', 'plant', 'agency', 'state', 'outbreak', 'officials', 'disease', 'york', 'white', 'vanity', 'vaccines', 'team', 'spokesperson', 'secretary', 'plan', 'million']"
2395571324,"South Florida Sun-Sentinel","First pediatric case of monkeypox confirmed in Florida","https://www.sun-sentinel.com/health/os-ne-health-monkeypox-florida-child-20220816-xhfuo3xn6vhnthgimgv7f5k65m-story.html#ed=rss_www.sun-sentinel.com/arcio/rss/category/news/","AP

This image provided by the National Institute of Allergy and Infectious Diseases (NIAID) shows a colorized transmission electron micrograph of monkeypox particles (red) found within an infected cell (blue), cultured in the laboratory that was captured and color-enhanced at the NIAID Integrated Research Facility (IRF) in Fort Detrick, Md. On Friday, Aug. 12, 2022.

Lynne Sladky/AP

FILE - A sign for monkeypox vaccinations is shown at a vaccination site, Wednesday, Aug. 10, 2022, in Miami Beach, Fla. British health officials say the monkeypox outbreak across the country ""shows signs of slowing"" but that it's still too soon to know if the decline will be maintained. In a statement on Monday, Aug. 15 the Health Security Agency said authorities are reporting about 29 new monkeypox infections every day, compared to about 52 cases a day during the last week in June (AP Photo/Lynne Sladky, file)

Florida’s first pediatric case of monkeypox has been confirmed in Martin County but a state official said Tuesday that the Florida Department of Health is not concerned about the virus spreading among school-aged children, even as students returned to classes this week.

The child who was infected is between 0-4 years old, according to the Florida Department of Health’s reportable disease frequency report. No other information as to the child’s identity is available in the report.

This is the seventh U.S. child to have been confirmed to test positive for the virus. As of Monday, eight cases have been reported in the state among 15- to 19-year-olds and 1,317 cases of monkeypox overall. In Orange County, 82 cases have been detected.

Dr. Ulyee Choe, director of the Florida Department of Health in Pinellas County, declined to give specifics about the pediatric case during a Tuesday update on the state’s monkeypox response. He said, nationally, most cases in children are due to household transmission.

“We’ll continue to monitor but we just, especially the K through 12, we don’t believe it to be at this time a big driver for this outbreak,” he said.

Monkeypox can infect anyone. It spreads through direct skin-to-skin contact with an infected person’s rash or bodily fluids, or indirectly through uncleaned surfaces that their rash has touched, the Centers for Disease Control and Prevention says.

It can cause flu-like symptoms and rashes that look like blisters. It’s rarely fatal, the CDC says.

Monkeypox germs can be killed through hand sanitizer or disinfectants. The CDC also recommends learning what the rash looks like and checking for it even in hard-to-see places like the mouth, throat or genitals. The CDC also recommends avoiding contact with people with rashes.

To check eligibility for the monkeypox vaccine appointment, visit orange.floridahealth.gov.

As of Tuesday, Orange’s online vaccine eligibility screening questionnaire allows only gay or bisexual men to make appointments.

The criteria come in part because the vaccine used for monkeypox in the U.S., Jynneos, is in limited supply after the Biden Administration adopted a “wait and see” approach and failed to order enough doses in time, the New York Times reported.

The Florida Department of Health is adopting a new vaccination method that recently received Emergency Use Authorization by the FDA. In this method, one-fifth of the vaccine is given intradermally — between layers of the skin — rather than a full dose given subcutaneously or under the skin.

People will still need two doses, 28 days apart.

The dosing strategy is based on a 2015 study of 524 subjects. The small sample size has come under criticism by some epidemiologists.

Choe on Tuesday said this method has already proved effective for other vaccines, such as the rabies vaccine. He added this method showed a comparable antibody response to a vaccine given under the skin.

“It’s not a completely unique concept,” he said.

ccatherman@orlandosentinel.com; @CECatherman Twitter","['monkeypox', 'florida', 'pediatric', 'confirmed', 'case', 'vaccine', 'health', 'cases', 'method', 'department', 'rash', 'infected', 'county', 'cdc', 'aug', 'virus', 'vaccination', 'state', 'shows', 'response', 'recommends', 'outbreak', 'niaid', 'eligibility', 'doses', 'disease', 'day', 'contact', 'children', 'child', '15', '12', 'york', 'weekthe', 'week']"
2398367035,"RedState","CDC Recommends Wearing Masks to Avoid Monkeypox, Ignoring an Important Factor","https://redstate.com/jeffc/2022/08/19/cdc-recommends-wearing-masks-to-avoid-monkeypox-ignoring-an-important-factor-n614778","Just in case you needed yet another reason not to take the Centers for Disease Control and Prevention (CDC) seriously, this story should suffice. The agency released a study on Friday recommending that people wear face masks, among other measures, to avoid catching monkeypox.



The problem? The precautions the CDC suggested do not line up with what the data shows about the spread of the illness.

This week’s Morbidity and Mortality Weekly Report (MMWR) contained research on the spread of the monkeypox virus through contaminated surfaces. The study centered on two patients who lived together and had contracted the virus.

“To assess the presence and degree of surface contamination of household objects contacted by monkeypox patients, [Utah Department of Health and Human Services (UDHHS)] swabbed objects in the home of the patients,” the report explained. “The patients identified high-contact objects and surfaces for sampling; the patients also described cleaning and disinfection activities performed within the home during their illness and locations within the home where they spent substantial amounts of time while ill.”

The study examined 30 different samples from the home and found that 21 of the surfaces showed positive real-time polymerase chain reaction (PCR) results. However, none showed the presence of a live virus.

Still, this did not prevent the CDC from trying to convince us to mask up and take other steps because monkeypox could be spread through surfaces. The researchers wrote:

“Monkeypox virus primarily spreads through close, personal, often skin-to-skin contact with the rash, scabs, lesions, body fluids, or respiratory secretions of a person with monkeypox; transmission via contaminated objects or surfaces (i.e., fomites) is also possible. Persons living in or visiting the home of someone with monkeypox should follow appropriate precautions against indirect exposure and transmission by wearing a well-fitting mask, avoiding touching possibly contaminated surfaces, maintaining appropriate hand hygiene, avoiding sharing eating utensils, clothing, bedding, or towels, and following home disinfection recommendations.”



However, other studies have clearly shown that those who become infected with the virus are predominantly men who have sexual relations with other men. In fact, the New England Journal of Medicine published a study showing that 98 percent of those infected were gay or bisexual men. Only two percent of cases did not fit into this category.

These findings suggest that masking only protects the wrong part of the body. Perhaps people should be focusing their attention a bit lower? Nevertheless, the CDC still thought it would take a shot at promoting masking again, even though it’s about as effective as filling up a pool with an eyedropper. At this point, it might be appropriate to wonder if we can ever trust the CDC again.","['recommends', 'masks', 'important', 'ignoring', 'factor', 'avoid', 'monkeypox', 'cdc', 'wearing', 'surfaces', 'patients', 'study', 'objects', 'virus', 'spread', 'men', 'contaminated', 'transmission', 'showed', 'report', 'presence', 'precautions', 'masking', 'mask', 'infected', 'disinfection', 'body', 'avoiding', 'wrotemonkeypox', 'wrong', 'wellfitting', 'weeks', 'weekly', 'wear', 'visiting']"
2400144338,"Marketwatch",": Polio and monkeypox demonstrate a ‘heightened focus’ on viruses","http://www.marketwatch.com/news/story.asp?guid=%7B20C06575-04D4-B545-7112-A63EA7A316D0%7D&siteid=rss&rss=1","“There is heightened focus on these types of outbreaks and diseases,” said Chris Meekins, a healthcare policy analyst at Raymond James. “Where we have been historically, it’s just the attention is greater.”

There are several factors that help explain some of the activity we are seeing. Research suggests that climate change and shifting land-use patterns could create a higher risk of viruses jumping from animals to humans. Some people are hesitant to get themselves and their children vaccinated. And it’s become clear that public-health bodies have to rethink the way they approach outbreaks.

Just last week, Dr. Rochelle Walensky, director of the Centers for Disease Control and Prevention, called for a reorganization to the public-health agency.

“It is time for CDC to change,” she told employees, according to the New York Times.

For now, however, the focus is on encouraging vaccination, whenever possible.

Though some people are increasingly hesitant to get vaccinated, the pandemic has also slowed utilization of medical services, and that includes childhood immunizations. A study published last year in JAMA Pediatrics found the rate of infants, children, and teens in the U.S. who were up-to-date on their vaccinations was lower in the fall of 2020, compared with 2019. By the end of 2020, the World Health Organization issued a call to push forward with measles and polio campaigns worldwide despite the pandemic.

“This is a wake-up call,” said Dr. Peter Salk, president of the Jonas Salk Legacy Foundation and the son of Jonas Salk, the developer of the polio vaccine, before noting: “I don’t think that people have to start to wave red flags and run urgently to this place or that place.”

That said, Salk recommends boosters for people who are at high risk of a polio infection. (This is the same as the CDC’s recommendation.)

Polio is in New York.

New York health officials last month reported a case of polio in an unvaccinated resident of Rockland County, which is north of the Bronx borough of New York City.

They also said that poliovirus, which causes paralytic polio, has been detected in the wastewater in New York City. It’s also been detected in the wastewater in Rockland and Orange counties, both of which have polio vaccination rates among 2-year-olds that are far below the state average of 78.9%. The state data excludes New York City as of Aug. 1. Orange County has a rate of 58.7%, while Rockland County has a 60.3% rate.

Dr. Mary Bassett, the state health commissioner, has described the wastewater surveillance data as “alarming, but not surprising.”

Polio vaccines, which have been around since the 1950s, are included in the childhood immunization schedule. However, only 86% of New York City children between the ages of 6 months old and 5 years old have received all three doses of the polio vaccine.

“The problem you face and why polio and other diseases like that are probably going to become a little more prevalent is you really have had this politicization of vaccines, this politicization of public health activities, to the point that there is a group of the population that’s just like, we’re not going to listen to that anymore,” Meekins said.

Monkeypox is now a public health emergency in the U.S.

Within months of the first warnings out of Europe, more than 14,000 people in the U.S. have been diagnosed with the poxvirus, which was first detected in 1970 and has been endemic in parts of Africa, as of Thursday. About 40,000 people worldwide have tested positive, and 12 have died.

Unlike SARS-CoV-2, however, the U.S. already has vaccine and treatment options for this virus. There are two shots: Bavarian Nordic’s BAVA, +0.89% Jynneos, and Emergent BioSolutions’ EBS, -2.14% smallpox vaccine, ACAM2000. Antivirals that treat smallpox like Siga Technologies’ SIGA, +3.50% Tpoxx and Chimerix’s CMRX, Tembexa are expected to be effective against monkeypox.

Though Wall Street analysts say they don’t expect monkeypox to become a health concern for all Americans, the outbreak has raised further questions about how the U.S. responds to virus threats going forward.

“How will public health apply the lessons from COVID to shape a more effective response to monkeypox and future public health crises?” Cowen analysts wrote in a note to investors last week.","['viruses', 'heightened', 'demonstrate', 'polio', 'monkeypox', 'focus', 'health', 'york', 'salk', 'public', 'wastewater', 'vaccine', 'state', 'rockland', 'detected', 'county', 'city', 'children', 'worldwide', 'week', 'virus', 'vaccines', 'vaccination', 'vaccinated', 'smallpox', 'siga', 'risk', 'rate', 'publichealth', 'politicization', 'orange', 'months', 'meekins', 'jonas', 'hesitant']"
2403282268,"ABC News","3 children under 17 in Georgia test positive for monkeypox: Officials","https://abcnews.go.com/Health/children-georgia-test-positive-monkeypox-officials/story?id=88821100","Three children in Georgia have now tested positive for monkeypox, newly updated state data has revealed.

The Georgia Department of Health did not immediately respond to ABC News' request for comment on these cases.

Newton County School System, which went back to school in early August, confirmed to ABC News that at least one child at Mansfield Elementary in Mansfield, Georgia, has tested positive for the virus, and one student at Flint Hill Elementary in Oxford, Georgia, is currently undergoing testing.

It is unclear if these cases are at all connected. The schools are located approximately 13 miles apart. Additional information on how the students may have contracted or been exposed to the virus is unavailable at this time, due to privacy concerns, according to school officials.

The school district has notified parents, officials said, and parents of students considered to be close contacts will receive separate communications instructing them on next steps.

""NCSS facilities employees will thoroughly clean and disinfect classrooms and other areas at both schools this afternoon to ensure ongoing safe and healthy learning and work environments for students and staff. Both schools will be open tomorrow,"" the school district wrote in a statement on Tuesday.

Across the state of Georgia, at least 15 children, ages 17 years and younger, have received their first monkeypox vaccine dose, state data shows.

Separately, in Texas, officials confirmed that a previously confirmed monkeypox case had actually turned out to be a false positive.

Across the country, at least 13 children have now tested positive for monkeypox. Nine states and jurisdictions have reported pediatric monkeypox cases.","['test', 'monkeypox', 'georgia', 'positive', 'children', 'officials', 'school', 'tested', 'students', 'state', 'schools', 'confirmed', 'virus', 'parents', 'mansfield', 'elementary', 'district', 'data', 'cases', 'abc', '13', 'younger', 'wrote', 'work', 'vaccine', 'updated', 'undergoing', 'unclear', 'unavailable', 'turned', 'tuesdayacross', 'tomorrow', 'texas', 'testingit', 'system']"
2405890204,"radaronline.com","All A Hoax! Los Angeles Man Who Visited McDonald's While Infected With Monkeypox Reveals It Was A Prank","https://radaronline.com/p/man-infected-monkeypox-visit-mcdonalds-reveals-hoax/","The Los Angeles-based artist who went viral on TikTok for paying a drive-thru visit to McDonald's while infected with monkeypox has revealed the entire thing was a hoax.

Duane Cali took to social media on Saturday, August 27, with a time lapse video showing a makeup artist creating the wild look and assuring fans nobody was ever in any danger.

Article continues below advertisement

Cali explained the viral video was a part of a marketing scheme for his latest music, calling it a ""promo gone wrong."" Throughout the clip, he could be seen picking off the prosthetic pieces meant to simulate monkeypox.

""YALL have nothing to worry about. I was tranna tell y’all this in my other videos but y’all wasn’t hearing me lol y’all was only seeing me,"" he captioned the new TikTok video that already has over 200 comments. ""Don’t believe everything you hear, don’t trust everything you see. But see all and hear all. Discernment is key.""

Article continues below advertisement

MORE ON:

OMG!

Travis Kelce Says He'd Kiss Taylor Swift and Marry Katy Perry in Resurfaced 'FMK' Clip

It's Over! 'RHOA' Porsha Williams Files for Divorce from Hubby Simon Guobadia After Just 15 Months of Marriage

WATCH: President Joe Biden Calls Alexei Navalny's Widow Yulia the Wrong Name After Surprise Meeting — 'Yolanda's Gonna Fight'

He stated he has ""unique and unconventional marketing methods"" and often tries to come up with an interesting scheme based on the themes in the song he's about to release.

""This time the song was called 'Choose Yourself' so I was trying to market it in a way where it displays a person choosing themselves regardless of how other people feel about it,"" he continued. ""Unfortunately, it didn't translate that way and people just ended up getting mad at me.""

Article continues below advertisement

Later in the clip, he shared footage of another time when he he marketed his music with fake parking tickets he would put on people's cars, recalling that the people involved were initially upset, but quickly got the prank and grew to like him.

Cali noted that while his followers weren't upset with him because they understand his out-of-the-box marketing style, the TikTok video went viral and unfortunately, gave a wide scope of people the wrong idea.

Although the ""Choose Yourself"" singer cleared things up regarding the viral TikTok, it's unclear if he actually gained any new fans. One user wrote, ""This is the definition of doing too much,"" in response to Cali's explanation, while another added, ""All this and we still don’t know who you are.""



DAILY. BREAKING. CELEBRITY NEWS. ALL FREE.","['visited', 'reveals', 'prank', 'monkeypox', 'mcdonalds', 'man', 'los', 'infected', 'hoax', 'angeles', 'viral', 'video', 'tiktok', 'yall', 'wrong', 'marketing', 'dont', 'continues', 'upset', 'song', 'scheme', 'music', 'hear', 'fans', 'clip', 'choose', 'artist', 'yulia', 'yolandas', 'wrote', 'worry', 'williams', 'wild', 'widow', 'wide']"
2407433414,"USA Today","Texas officials investigating if monkeypox played role in death of immunocompromised adult","https://feeds.feedblitz.com/~/708584390/0/usatoday-newstopstories~Texas-officials-investigating-if-monkeypox-played-role-in-death-of-immunocompromised-adult/","Texas health officials announced Tuesday that they were investigating whether monkeypox played a role in the death of an immunocompromised adult. If confirmed, it would be the first death from the virus in the United States.

Monkeypox deaths are relatively rare, and the vast majority of those diagnosed with the virus have recovered. Fifteen people have died worldwide from monkeypox, according to the Centers for Disease Control and Prevention.

Health officials in Harris County, Texas, announced Monday that the person with a presumptive case of monkeypox had ""various severe illnesses."" Health officials were investigating how monkeypox may have contributed to the person's death. The patient was an adult who was severely immunocompromised, the Texas Department of State Health Services said.

“We are sharing this information to err on the side of transparency and to avoid potential misinformation about this case,” said Harris County Judge Lina Hidalgo.

The person died in the hospital, and autopsy results were expected in the next few weeks. The patient's identity was not released. The Harris County Public Health Department is partnering with the CDC, it said.

The White House held a briefing Tuesday afternoon on the federal response to the outbreak and addressed the case in Texas.

""Additional investigation is needed to know what role monkeypox may or may not have played in their death. So we'll be reporting that out as soon as we have more information,"" said Jennifer McQuiston, the CDC's monkeypox response incident manager.

Addressing myths about monkeypox:A look at symptoms, treatment and other common questions

There are 18,101 confirmed cases of monkeypox in the country, and 93% of cases are occurring among men who reported recent sexual contact with men, according to the CDC. Early data has also shown Black and Hispanic people are disproportionately contracting the virus.

“Monkeypox is a serious disease, particularly for those with weakened immune systems,” said Dr. John Hellerstedt, Department of State Health Services commissioner. “We continue to urge people to seek treatment if they have been exposed to monkeypox or have symptoms consistent with the disease.”

Symptoms of monkeypox include fever, chills, swollen lymph nodes and rashes or lesions, according to the CDC. Public health officials are recommending vaccination for people who have been exposed to monkeypox and people who may be more likely to contract the virus.","['monkeypox', 'officials', 'death', 'texas', 'role', 'played', 'investigating', 'immunocompromised', 'adult', 'health', 'virus', 'harris', 'department', 'county', 'cdc', 'case', 'treatment', 'symptoms', 'state', 'services', 'response', 'public', 'person', 'men', 'information', 'exposed', 'disease', 'died', 'confirmed', 'cases', 'announced', 'worldwide', 'white', 'weeks', 'weakened']"
2408721783,"FactCheck","Post Makes Baseless Allegations About Public Health Response to Monkeypox Outbreak","https://www.factcheck.org/2022/08/scicheck-post-makes-baseless-allegations-about-public-health-response-to-monkeypox-outbreak/","This article is available in both English and Español

SciCheck Digest

A post published in English and Spanish repeats the debunked idea that the current monkeypox outbreak might have resulted from a virus that was created in a lab. The post also baselessly alleges that the World Health Organization’s decision to declare the outbreak a public health emergency was due to financial incentives.

Full Story

On July 23, the World Health Organization declared the monkeypox outbreak a public health emergency of international concern, or PHEIC. The decision was made by the organization’s director-general, Dr. Tedros Adhanom Ghebreyesus, after the emergency committee could not come to a consensus on the matter.

With many countries facing a growing outbreak, Tedros overruled his advisers, who had voted nine to six in favor of not declaring a PHEIC. Many public health experts cheered the decision.

But a post from Dr. Joseph Mercola, a longtime anti-vaccine activist who has been labeled one of the top spreaders of COVID-19 misinformation, claims without evidence that the PHEIC declaration was financially motivated — and part of a plot to “justify continued tyranny” following the COVID-19 pandemic.

“Ever since the first European cases of monkeypox were confirmed in early May 2022, many suspected smallpox or monkeypox would become the next global pandemic to justify continued tyranny and the World Economic Forum’s Great Reset,” the post published in English and Spanish reads.

Drawing a parallel to unsupported theories about the origins of COVID-19, the post also falsely suggests that monkeypox virus was “made” at a lab in China — a claim we recently debunked — and gives a distorted view of the monkeypox vaccines.

What makes Mercola’s text particularly confusing is that he intertwines accurate and false information throughout the post, often contradicting himself — making it hard for readers to discern what is true and what is not.

Financial Interest Claims

As we said, Mercola’s post suggests, without evidence, that the WHO director-general’s decision to declare the outbreak a public health emergency was based on financial interests.

“COVID-19 has arguably been the greatest profit maker for Big Pharma of all time, and monkeypox is undoubtedly viewed as a similar future profit maker,” the post reads, proposing that health authorities are using the outbreak to incite fear and promote the use of vaccines for the benefit of the pharmaceutical industry.

“As COVID fatigue is setting in and people are increasingly resisting the shots, monkeypox allows for a brand-new cycle of fear porn to be spun, and for new experimental vaccines to be rolled out. This, I fear, is why Ghebreyesus unilaterally decided to declare monkeypox a global health emergency,” he continues.

It is true, as Mercola points out, that the WHO advisory panel was split on the decision, with nine members against the declaration and six for it. The panel was “unable to reach consensus regarding advice” to the director-general on whether the outbreak “should or should not” be determined a public health emergency of international concern, according to WHO’s statements on the meeting.

A PHEIC is defined as “an extraordinary event which is determined to constitute a public health risk to other States through the international spread of disease and to potentially require a coordinated international response.” To enable such a response, a PHEIC grants the WHO’s director-general the power to issue temporary recommendations to member countries.

In June, the WHO’s emergency committee had declined to label monkeypox a public health emergency, but had agreed to reconsider if, among other things, there is an increase in the number of cases, “both among and beyond” men who have sex with men. The decision was criticized by many experts concerned by the urgency of the outbreak. A PHEIC declaration can make an international response easier and faster, increase funding streams and accelerate the development of vaccines or other therapies needed.

Following the panel’s second meeting on July 23, which lasted seven hours, Tedros made the final decision.

“I have decided that the global monkeypox outbreak represents a public health emergency of international concern,” he said.

Tedros argued that since the last time the panel had met, cases had continued to grow across the world, including five deaths. He also said the advice of the emergency committee was one of five elements he was required to consider before making the decision. The other four, he said, are: information provided by countries; the three criteria for declaring a PHEIC; scientific principles, evidence and other relevant information; and the risk to human health, international spread and the potential for interference with international traffic.

“WHO’s assessment is that the risk of monkeypox is moderate globally and in all regions, except in the European region where we assess the risk as high,” he said. “There is also a clear risk of further international spread, although the risk of interference with international traffic remains low for the moment. So in short, we have an outbreak that has spread around the world rapidly, through new modes of transmission, about which we understand too little, and which meets the criteria in the International Health Regulations.”

There is no evidence that it was “financially motivated,” as Mercola suggests.

According to documentation of the committee’s meeting, those not in favor of the PHEIC determination argued that the declaration could, among other things, increase the “stigma, marginalization and discrimination” against LGBTI+ communities, and the demand for already limited vaccines.

Lab-Made Claims

As we’ve explained, monkeypox is a rare disease caused by the monkeypox virus, a member of the orthopoxvirus genus in the poxvirus family.

The monkeypox virus is transmitted to humans from animals in areas in which the virus is endemic, such as the tropical rainforest areas of central and west Africa. The first human case was recorded in 1970. Once a person becomes infected, they can spread the virus to other people via close contact, including intimate contact.

The characteristics of the current monkeypox outbreak, first detected in May in the U.K., are unprecedented. This is the first time the disease is spreading in such large numbers across the world. As of Aug. 29, there were more than 48,500 cases of monkeypox in 99 countries, according to the Centers for Disease Control and Prevention, with more than 18,000 people infected in the U.S. The outbreak also differs from previous ones in that most of the cases, but not all, are occurring among men who have sex with men.

But none of that means that the monkeypox virus was engineered in a lab, as Mercola falsely suggests at one point in his post.

“The monkeypox virus was created at the Wuhan Institute of Virology,” reads a subhead in the post in Spanish. The subhead in the English version is slightly less specific: “Monkeypox Virus Made by Wuhan Institute of Virology.”

He goes on to say, “And, as with COVID, there’s evidence that we may not be dealing with something that arose accidentally and naturally.”

That’s not accurate. There is no evidence that either SARS-CoV-2, the virus that causes COVID-19, or the monkeypox virus was intentionally engineered, as the post misleadingly suggests. (Nor is there evidence that either virus came from a lab accidentally without engineering.)

Mercola then moves on to discuss a video posted by John Campbell, a retired nurse educator in the U.K., about a study in which scientists from the Wuhan Institute of Virology used a method known as transformation-associated recombination to create a portion of the monkeypox viral genome that could be used in a diagnostic test for monkeypox.

As we’ve written, there is no connection between the current monkeypox outbreak and the WIV study. Researchers did not create a full monkeypox virus genome — they only assembled a fragment of it, which isn’t enough to produce a functional virus. Plus, the monkeypox viral sequence they used is different from the virus now circulating. (For more, see SciCheck’s “Posts Distort Chinese Research Creating Fragment of Monkeypox Viral Genome.”)

Mercola acknowledges part of this in his post. He says, for example: “[T]hey did not create a full-length genome in this study. The genome fragment they used was only one-third of the full genome of the monkeypox virus.” But earlier, he misleadingly says that the scientists “basically built a new genome.”

Vaccine Claims

Mercola’s post also could leave readers with a distorted view of the monkeypox vaccines and how they are being deployed to combat the outbreak.

For example, he says “there is no specific monkeypox vaccine.” It’s true that the two vaccines that may be used against monkeypox in the U.S. — Jynneos and ACAM2000 — are also used against smallpox.

But the Jynneos vaccine, which is the preferred one for its safety profile, was specifically approved by the Food and Drug Administration for the prevention of monkeypox in 2019. Mercola’s description could leave the false impression that there was no FDA-approved vaccine for monkeypox.

Contrary to the post’s claim that it’s “unclear which of the two vaccines is currently being administered,” thus far the ACAM2000 vaccine has not been used. That’s because it has more side effects and can be dangerous for pregnant people and for those with certain skin conditions or weakened immune systems — such as those with HIV, which reportedly includes about a third of the people infected during this outbreak. And because ACAM2000 uses live, replicating vaccinia virus (a less severe orthopox virus), its recipients can pass the vaccine virus to others. Jynneos does not have that problem, as it contains a nonreplicating modified vaccinia virus.

Mercola also argues that monkeypox vaccination is unwise and predicated on too little data, saying, for example, that there’s “no telling whether the vaccine will have any benefit at all.”

He’s right that there isn’t a lot of data on how well — or how long — the Jynneos vaccine will work.

Data from a study conducted in the late 1980s in the Democratic Republic of the Congo suggests that the precursor of the ACAM2000 smallpox vaccine was 85% effective in preventing monkeypox. There are no randomized controlled trials studying efficacy of Jynneos against monkeypox in humans, but there are data from a smallpox trial showing that the vaccine produces neutralizing antibodies in people that are comparable to those produced in response to the ACAM2000 vaccine.

The FDA approved Jynneos based on that evidence, along with animal data showing that the vaccine protected nonhuman primates infected with monkeypox virus.

Still, there is enough evidence for scientists to be confident that the vaccine will have some benefit.

Dr. Boghuma Titanji, an infectious disease specialist at Emory University, told NPR, that she had no doubt that Jynneos would provide some protection, even if it’s uncertain how much.

When she gives someone the vaccine, she said, she’s upfront about those limitations.

“I tell them, ‘We do know that you’re going to get some protection from this vaccine. Some protection is better than no protection. We also do know that the vaccine can reduce the severity of the disease if you do get infected. But we don’t know for a fact that you would be completely protected from getting monkeypox,'” she said.

It is also important to mention that currently the CDC is not recommending mass vaccination. The two-dose vaccine is only available for those with a known or presumed exposure to monkeypox, and those at high risk of exposure. The vaccine provides the highest protection two weeks after the second dose.

On Aug. 17, Dr. Rosamund Lewis, WHO’s technical lead for monkeypox, said that although there are no direct clinical efficacy studies in the context of the current outbreak, the WHO is starting to see results from some observational studies. They do show some protection, but also some breakthrough cases.

“We are not expecting 100% efficacy for these vaccines for the prevention of monkeypox,” said Lewis during a telebriefing. “We don’t know the exact information. What we are seeing are breakthrough cases which are not really surprises, but it reminds us that vaccine is not a silver bullet.”

","['response', 'makes', 'baseless', 'allegations', 'monkeypox', 'health', 'outbreak', 'public', 'post', 'vaccine', 'aug', 'virus', 'emergency', 'international', 'disease', '2022', 'world', 'updated', 'prevention', 'jynneos', 'jul', 'vaccines', 'evidence', 'control', 'centers', 'risk', 'pheic', 'acam2000', 'organization', 'jun', 'global', 'genome', 'smallpox', 'protection', 'food']"
2409642350,"Daily Caller","The Media Has Utterly Failed To Inform Americans About The Real Risk Of Monkeypox","https://dailycaller.com/2022/09/01/monkeypox-poll-cdc-airborne-spread-transmission-death/","A new poll reveals that tens of millions of Americans have a fundamental misunderstanding of the risks associated with monkeypox and how it spreads.

Americans have a similar level of concern about monkeypox as they do COVID-19, according to the new poll from Innerbody Research shared with the Daily Caller, and are taking some similar actions to avoid transmission. But the virus is less contagious than COVID-19, less deadly, and has spread almost exclusively among gay and bisexual men.

The survey found that 39% of Americans believe monkeypox is “exclusively” an STD. While the overwhelming majority of cases have occurred in gay and bisexual men and are linked to sexual transmission, sexual contact is not the only way it has spread in some cases. Emerging evidence does indicate that the virus is primarily transmitted sexually and scientists are debating whether or not to classify it as an STD formally.

Perhaps better evidence that the public is misinformed is that the poll found 34% of respondents said they are avoiding shared, enclosed spaces due to monkeypox. Monkeypox is nor an airborne virus, so there’s no reason to believe avoid enclosed spaces would protect someone against infection, unlike COVID-19.

More than half of Americans said they plan to get the monkeypox vaccine. But supply is incredibly limited, and the Biden administration is directing that supply almost exclusively to gay and bisexual men and people who work at sex clubs or other high-risk environments, a group that doesn’t remotely approach half the population.

One-quarter of Americans said they are more afraid of catching monkeypox than COVID-19, even though it is less contagious and less dangerous. Twenty-three percent said they were equally concerned about both.

The poll sampled 1,000 Americans, 70% of whom were straight and about half women. (RELATED: CDC Applauds Gay Men For Being Less Promiscuous To Avoid Monkeypox)

Major media outlets in the U.S. have repeatedly failed to clarify that monkeypox spreads almost exclusively through sex between gay men and that it isn’t airborne. CNN, for instance, ran a segment emphasizing the fact that the virus isn’t technically an STD, at least as of now. The segment also suggested that stigma against the LGBT community is the real threat.

The New York Times ran two pieces with misleading content about the virus. One suggested that kids should wear masks to protect themselves from monkeypox at school. The paper also called into question the Centers for Disease Control and Prevention (CDC) dismissing the risk of airborne transmission of the virus. The Huffington Post similarly muddied the waters on the airborne question.","['utterly', 'risk', 'real', 'media', 'inform', 'failed', 'monkeypox', 'americans', 'virus', 'gay', 'poll', 'men', 'exclusively', 'airborne', 'transmission', 'std', 'half', 'covid19', 'bisexual', 'avoid', 'supply', 'suggested', 'spread', 'spaces', 'similar', 'shared', 'sexual', 'sex', 'segment', 'ran', 'question', 'protect', 'isnt', 'evidence', 'enclosed']"
2410574717,"AOL News","How monkeypox spoiled gay men's plans for an invincible summer","https://www.nbcnews.com/nbc-out/out-health-and-wellness/monkeypox-spoiled-gay-mens-plans-invincible-summer-rcna45326","Queer men across the U.S. talked to NBC News about the dates they never went on, the sex they never had and the gatherings they avoided due to the viral outbreak.

For many gay and bisexual men, the sprawling and chaotic monkeypox outbreak has upended a summer that was supposed to be a well-earned opportunity — following the peak of the Covid crisis — to finally have some fun and revel with their gay brothers without the threat of viral infection hanging over them.

Soon after Memorial Day, however, these men, as well as transgender individuals and other queer people — GBTQ for short, because lesbians’ monkeypox risk is remote — were met head-on with harrowing reports about monkeypox’s often devastating and disfiguring effects on the body. Next came anger and frustration over what queer activists characterize as the Biden administration’s fumbling initial response to the outbreak.

Lost amid the frantic media and public health reports about monkeypox epidemiology, the delayed vaccine deliveries and the squabbling over how best to communicate about the virus are the millions of GBTQ people whose happiness, well-being and connection to one another have in many cases been considerably compromised by the mere threat of monkeypox infection.

“Life has sort of halted,” said Guillermo Rojas, 29, a Mexican citizen and public administration graduate student in New York City. “This was supposed to be the great summer that everything went back and opened.”

Dr. Alex Keuroghlian, a psychiatrist at the LGBTQ-health-focused Fenway Institute in Boston, said the outbreak has “been extremely distressing for community members and is also triggering in that it harkens back to the early days of the AIDS epidemic. It has a chilling effect on people’s sense of community, cohesion and belonging.”

Fortunately, there has been at most one U.S. monkeypox death in the U.S. — a potential case in a severely immunocompromised person in Texas is under investigation — even as the national case count has swelled to 19,465 diagnoses. And after a slow start, the federal government has now doled out approximately 800,000 vaccine vials, with a heady supply arriving in short order.

But provided how the virus, which gives rise to unsightly lesions that in some cases cause excruciating pain, is overwhelmingly spreading during sex between men, the outbreak has cast a long shadow over the gay community.

Over 100 gay, bisexual, transgender and queer people responded to an NBC News online survey seeking to learn about how monkeypox has affected their lives. What this diverse cross-section of the community most had in common were missed opportunities. They wrote about sex they never had, dates they never went on and gatherings with friends they avoided.

All that avoidance, the respondents made evident, was enmeshed in a cat’s cradle of fear — of contagion, of pain and suffering, of lonely and potentially financially ruinous weeks of isolation at home should they contract the virus.

They spoke of a summer they had hoped would prove invincible but that for them has turned out to be anything but.

A decade of sexual liberation, interrupted

Over the past 10 years, the introduction of PrEP, the HIV prevention pill, and the emergence of landmark studies proving that successfully treating HIV blocks transmission of the virus have cultivated a resurgent sexual liberation among many GBTQ people. Long-standing anxieties about HIV have eased, and hookup apps have made meeting sexual partners as convenient as procuring takeout — hence the term “ordering in.” As a result, people like Rojas have felt free to explore and revel in sex in a way queer people haven’t since the AIDS epidemic brought to a crashing close the sexual freedoms gay men enjoyed during the 1970s.

Then, in 2020, a new viral plague kept all of society cooped up and longing for freedom.

“Post-Covid,” said Rojas, recalling how he experienced the free-spirited bacchanalia into which monkeypox arrived in New York City this spring, “everybody went crazy, and there were sex parties all over town.”

Monkeypox swiftly pushed the contemporary safer-sex playbook out the window. Queer people have been left scrambling for answers about how to protect themselves and have expressed bewilderment as they’ve struggled to process mixed messaging from public health leaders and journalists about what poses a substantial risk of infection.

Rojas was one of the first U.S. residents to receive the prized monkeypox vaccine, in late June. But even with the benefit of his first jab of the two-dose vaccine, he has still sharply curtailed what he had hoped would be a long-awaited libertine summer.

“I’ve stopped going to sex parties,” he said, given that public health authorities identified such gatherings of men as major monkeypox risk factors. “I also stopped having sex with people who live off their OnlyFans. I additionally stopped cruising at the gym, I did not continue to go to Fire Island, and I stopped attending orgies.”

Evidence suggests a recent tidal shift in sexual behaviors in responses to monkeypox. According to the American Men’s Internet Survey, which conducted an online poll in early August of 824 gay, bisexual and other men who have sex with men, 48% reported reducing their number of sexual partners because of the outbreak, while 50% reduced hook-ups and 49% reduced partners met on hookup apps or at sex venues.

“It’s just a small, temporary break until everybody gets the vaccine,” said Rojas, who remained so concerned about living in the nation’s monkeypox epicenter that he decamped to his family’s home in Mexico City for the summer.

Fighting over — and for — sexual freedom

Not everyone in the queer community has been on the same page regarding monkeypox precautions. Just as battles over mask mandates and school closures have turned neighbor against neighbor during the Covid pandemic, fierce internecine conflicts have arisen among GBTQ people this summer about the best ways to respond to and communicate about monkeypox.

Michael Weinstein, the president of the Los Angeles-based AIDS Healthcare Foundation, dusted off his outspoken antipathy toward PrEP and published a scathing rebuke of the sexual liberties the HIV-prevention pill has facilitated in an op-ed titled “Monkeypox Reckoning” in the Los Angeles Blade on Monday. Notorious for an unapologetically strident, moralizing and fear-based approach to HIV-prevention communication, one that is far out of step with that of the vast majority of the public health community, Weinstein decried “a wholesale abandonment of safer sex promotion in favor of PrEP.”

“There has always been a sex radical group that has defined gay liberation as absolute sexual freedom,” Weinstein wrote, blaming monkeypox on those freedoms.

For another man named Michael, who like some people interviewed preferred to go only by his first name to shield his privacy, protecting himself against monkeypox by sacrificing the very sexual freedoms that Weinstein castigates has come, he said, at a great cost.

“I am not changing my behavior with an attitude of cheerful, take-one-for-the-team compliance,” said Michael, 42, who works in education in Philadelphia. “Instead, I find the situation fearful, miserable and diminishing. I am experiencing this outbreak as a serious setback to something that is very important to me, namely sexual freedom.

“Sex,” he continued, “isn’t just a frivolous pastime. For many of us, sex has serious meaning, sex is one of the things that makes life worth living.”

After more than two years of Covid restrictions, the arrival on U.S. shores of yet another major virus has also dealt a blow to the already strained mental health of many queer people, said LaRon Nelson, an associate professor of nursing and public health at Yale University.

“The fear of contracting monkeypox and the concern about access to the vaccine have led people to isolate or continue to isolate,” Nelson said. “That chronic exposure to this type of stress also comes at the expense of their psychological well-being.”

J.J. Ryan, a bisexual trans man assigned female at birth, spent the height of the Covid pandemic transitioning.

“I felt like I was just surviving before. I wasn’t really living,” Ryan, 34, said of his pre-transition life. “So I was really excited to get out and live my life — for this to finally be my ‘hot boy summer.’” Instead, he said, he has sadly “sharply reduced” his sexual exploration.

Fears of resurgent discrimination

With so many broken social, romantic, familial and sexual connections lying in pieces around them, many of the respondents to NBC News’ survey said they further dreaded that the monkeypox outbreak would fuel discrimination, hate and even violence toward LGBTQ people.

There is evidence — including a recent attack in Washington, D.C. — that such fears are beginning to manifest.

“My greatest worry in all of this is the turning of the clock back to less and less acceptance society-wise,” said Ryan, who is a Ph.D. student and a policy researcher at a nonprofit research organization in Washington.

John Pachankis, a psychologist at the Yale School of Public Health, noted how for the past two decades, queer advocacy organizations have pushed “a narrative that gay people are just like everyone else” in a successful effort to secure many civil rights protections. He spoke to the conflict that members of this community now face when the particulars of gay sex lie at the heart of the monkeypox outbreak and, as during the AIDS crisis, have become fodder for intense public debate.

“In the context of the real threat of those rights’ being taken away,” Pachankis said, referring to the recent rising tide of anti-LGBTQ sentiment and policies in the U.S., “the last thing that you want to do is disconfirm that narrative — even if the picture is a little more nuanced, even if gay people do live distinct lives from straight people, even if they express their sexuality more creatively, some might say more authentically.”

Brian Minalga, 36, who is gender nonbinary and works in the HIV field in Seattle, said: “There’s this idea that there are good people with good behaviors having the good type of sex. It’s moralistic and puritanical.”

Recapitulating racial disparities

For queer people of color, the outbreak has brought an unwelcome recapitulation of the racial health disparities that have characterized both the HIV and the Covid epidemics in the U.S.

“We saw monkeypox start with more affluent white gay men, and then eventually it seeped into more diverse networks, and that includes men of color,” said Gregorio Millett, the director of public policy at amfAR, The Foundation for AIDS Research.

The Centers for Disease Control and Prevention and various state and local health departments have reported that monkeypox is indeed already disproportionately affecting Blacks and Latinos. And yet outsize shares of the vaccines have tended to go to whites — thanks, health advocates say, to structural factors that favor access to more privileged members of society.

Watching such patterns play out “is painful,” said Carlos E. Rodríguez-Díaz, an associate professor at the Milken Institute School of Public Health at George Washington University, “because it’s a reminder of the presence of systemic racism.”

Matthew Rose, 36, a health equity advocate in Washington, D.C., spoke to the myriad ways he and his Black gay peers have been dehumanized over time. He said he feared that monkeypox, the very name of which evokes a racist trope, will only worsen matters.

“For Black gay men, the last thing you need is to add a whole other discussion where you become this Black vector of disease,” he said.

Three viruses, one sense of fear

For some GBTQ people, fears of contagion instilled during the height of the Covid pandemic have primed further anxieties about monkeypox. The rueful history of the early AIDS epidemic serves as yet another backdrop.

“I decided several weeks ago that intimate contact isn’t worth the risk until I am fully vaccinated and the infection rate is under control,” said Steven Dwyer, 68, who is retired and based out of Baltimore and has been living with HIV since the mid-1980s. “As a long-term AIDS survivor, I learned it’s better to get informed about disease outbreaks that could affect me.”

The plight of Jason, a Los Angeles-area screenwriter in his late 20s, is a particularly profound example of the way crippling anxieties about infectious disease can be all-consuming. Jason has lived with obsessive compulsive disorder since childhood. It causes him intense dread of contagion and contamination, as well as various compulsions in response to such thoughts and stimuli. Fear of Covid left him largely housebound. Now the monkeypox outbreak has magnified those fears just as he was starting to feel more comfortable with venturing outside.

Jason lives with his boyfriend, and they’re monogamous, so contracting monkeypox sexually isn’t a concern. But suggestions that casual contact or contaminated surfaces can transmit monkeypox have left him reluctant to push his luck with his OCD. Consequently, for Jason, it’s as if those cloistered first few months of the Covid pandemic never ended.

“I am probably one of the only people I know that still doesn’t really go out much,” he said.

Many other GBTQ people said monkeypox has led them to question going to crowded spaces, such as concerts, bars and clubs — enjoyable outings and chances to connect with fellow queer people after having lived through the lonely and dull height of Covid.

Jason has been agonizing over whether to attend an upcoming concert of a performer he loves, something he has been looking forward to for years since it got delayed because of the pandemic. And in a recent interview, Dwyer, who travels constantly, expressed concern about contracting monkeypox from hotel linens.

Worries about monkeypox transmission even led to the cancellation of a major concert at the Southern Decadence celebration in New Orleans, which takes place over Labor Day weekend — even though it was to have been held outdoors.

Ryan said that when he visited his family in Philadelphia before he got his first monkeypox vaccination, his mother was hesitant to hug him for fear of the virus. That only aggravated his own worries about perhaps unknowingly passing monkeypox to his young niece and nephew.

Such hesitance from family members, said Ben Rosen, a psychotherapist at Harlem United in New York, parallels the cold shoulder many gay men got during the early AIDS crisis, “where people are being told, ‘Oh maybe you shouldn’t come visit.’”

Recent research suggests, however, that anxieties about monkeypox transmission in public settings and other relatively casual scenarios are most likely misplaced or at least grossly overblown. According to research papers and reports from global health authorities, cases of nonsexual transmission are uncommon to rare.

Last week, Dwyer concluded that bed sheets don’t actually pose a substantial risk.

On an Aug. 19 call with reporters, Dr. Demetre Daskalakis, the deputy for the White House’s monkeypox response, said he believes attending crowded concerts is generally a low-risk activity. Merely brushing by someone, he said, is likely to be “low or no risk.”

Christopher Vasquez, 39, the director of communications at the National Center for Lesbian Rights in San Francisco, said: “I think we need to be very careful about overreacting and shutting down events. Especially after two-plus years of the LGBTQ community feeling the effects of loneliness and depression because of Covid.”

The great work begins

Praising the myriad ways queer activists have fought for a better response to monkeypox, including faster and broader access to vaccines, Keuroghlian of the Fenway Institute said, “The silver lining is to see the amazing ability of our community to organize with solidarity and to articulate their needs.”

There are signs such efforts are bearing fruit.

Recent reports suggest transmission slowdowns in New York, Chicago and San Francisco — likely the result, experts theorize, of changes in sexual behavior, increased vaccination and possibly immunity from past infection.

With the challenging summer coming to a close, Guillermo Rojas is freshly back in New York for the fall semester of his graduate studies at Columbia University. Sitting in Manhattan’s Lincoln Center on a humid late-summer afternoon just after a cloudburst, he expressed optimism over the future of the outbreak.

“As people start getting vaccinated and the second vaccine starts kicking in for most people, things should get back to normal,” he said.

He got his own second shot on Wednesday.

Editor’s note: NBC News would like to hear from people who have recovered from monkeypox infection. If you have, please fill out this confidential online survey, and we may contact you for an interview.

Follow NBC Out on Twitter, Facebook & Instagram.","['spoiled', 'plans', 'mens', 'invincible', 'monkeypox', 'gay', 'summer', 'sex', 'sexual', 'health', 'queer', 'men', 'public', 'outbreak', 'covid', 'community', 'aids', 'vaccine', 'hiv', 'gbtq', 'york', 'virus', 'transmission', 'rojas', 'pandemic', 'nbc', 'weinstein', 'survey', 'stopped', 'risk', 'response', 'reports', 'recent', 'members', 'fear']"
2410682237,"Reason.com","Monkeypox Starts To Recede as Men at Risk Change Sexual Behavior","https://reason.com/2022/09/02/monkeypox-starts-to-recede-as-men-at-risk-change-sexual-behavior/","The lesson here: Public health messaging needs to be clear and specific. Oh, and federal bureaucracy sucks, as usual.

(Jill Connelly/ZUMAPRESS/Newscom)

New monkeypox cases in the United States and Europe are starting to decline as we head into September.

NBC News looked over the data from the Centers for Disease Control and Prevention (CDC) and calculated a 40 percent decline in new cases since early August. Cases are also falling in countries like Germany and the Netherlands.

The eventual (and slow-walked) arrival of monkeypox vaccines did probably make a dent in the spread. More than 350,000 doses of the vaccine have been administered. As a reminder, though, the U.S. had more than 1 million doses of a vaccine available in storage in Denmark, but both bureaucratic red tape and indecisiveness on the part of the Department of Health and Humans Services kept them from being deployed quickly enough to stop monkeypox from spreading across the country.

Instead, NBC News notes, gay and bisexual men, once it became clear that sex was the primary source of the disease's spread, pulled back on risky behavior. Research from the CDC found a 50 percent drop in anonymous or random sex among these men, and 20 percent of the men they polled had gotten at least one dose of the monkeypox vaccine.

All of this is evidence that blunt clarity with Americans about how monkeypox is spread was vitally important. It's true that monkeypox is itself not a sexually transmitted disease. It can be spread through saliva and physical contact with the rashes of somebody infected, regardless of where the rashes are on their body. But the strain of monkeypox that spread out of Africa and across Europe and eventually the world turned out to behave like a sexually transmitted disease not unlike herpes. And so, the messaging by health officials that ""anybody"" could get monkeypox was very misguided and should have been abandoned once it became clear that the vast majority of Americans were not actually at risk.

The current data from the Department of Public Health for Los Angeles County, for example, show that all the early demographic factors are holding steady as cases there start to decline. As of last week, 98 percent of monkeypox infections were among men. Only nine women in the entire county reported infections. Of the infected men, only three percent claim to be heterosexual. Everybody else was either gay or bisexual or declined to say.

The handwringing over how and whether to target gay and bisexual men with specific warnings against careless random sexual encounters was entirely misguided. The data shows that when these men understood the risks, they changed their behavior. NBC News published a story that borders on the comical about how gay men canceled all their sexy party plans for the summer, suggesting that this has been somehow stressful or traumatic. It's temporary, guys. We survived COVID. And this is actually less dangerous.

That NBC story also continues to perpetuate unjustified concerns that monkeypox will lead to fear-based discrimination against gay men similar to the worst days of the AIDS crisis. That fear has been misplaced. There has not been one monkeypox-related backlash that's even worthy of note, and it's silly to keep giving voice to these fears even as the spread starts to recede.

The lesson here is that people should take responsibility for reducing their risk of viral infection whenever possible, not just because it's the moral and mature thing to do, but because we simply cannot expect competent responses from federal agencies when a crisis rears its head.","['starts', 'sexual', 'risk', 'recede', 'change', 'monkeypox', 'men', 'behavior', 'spread', 'gay', 'health', 'cases', 'nbc', 'disease', 'decline', 'data', 'clear', 'bisexual', 'vaccine', 'transmitted', 'specific', 'sexually', 'sex', 'rashes', 'random', 'public', 'misguided', 'messaging', 'lesson', 'infections', 'infected', 'head', 'federal', 'europe', 'early']"
2410894442,"UPI","Declining monkeypox cases shows virus ‘can be eliminated,’ WHO boss says","https://www.upi.com/Top_News/World-News/2022/09/02/declining-monkeypox-cases-shows-virus-can-be-eliminated-who-says/2051662171644/","Sept. 2 (UPI) -- A recent decline in monkeypox cases in North America and Europe shows that the current outbreak of the virus ""can be eliminated"" in some parts of the world, officials with the World Health Organization said Friday.

Director-General Tedros Adhanom Ghebreyesus said during a speech in Geneva, Switzerland, that few people outside of Africa had heard of monkeypox until earlier this year but that it ""has become a household word"" in just a few months.



""It's encouraging to see that in some countries in Europe and North America we now see a sustained decline in cases, demonstrating the effectiveness of public health interventions and community engagement to track infections and prevent transmission,"" Ghebreyesus said.

""These signs confirm what we have said consistently since the beginning: that with the right measures, this is an outbreak that can be stopped.""

Ghebreyesus added that the virus could be eliminated in regions that do not have animal-to-human transmission.

""But it won't just happen. To stop the outbreak and eliminate this virus, we need, first of all, the evidence that it's possible, which we are now beginning to see,"" Ghebreyesus said.

""But we also need political will and commitment; and the implementation of public health measures in the communities that need them most. And for those measures to be effective, community engagement is essential.""



Data from the Centers for Disease Control and Prevention shows that 53,027 cases have been reported worldwide, with 19,962 in the United States, mostly among gay men.

There have been 16 deaths from monkeypox reported around the world but none have been confirmed in the U.S., the CDC data shows.

Health officials in Texas said Tuesday they are investigating the death of a person who was diagnosed with monkeypox and if the virus played a role in their death.

The number of new cases in the United States has been dropping since 870 were reported on Aug. 22, the most in a single day.

However, the number of cases globally in the latest emergency of monkeypox has passed the total amount that had been reported since the virus was first identified in 1958, Ghebreyesus noted.

""Although mortality is thankfully very low, many of those infected report severe pain that sometimes requires hospitalization to manage,"" Ghebreyesus said.","['declining', 'boss', 'virus', 'monkeypox', 'cases', 'shows', 'eliminated', 'ghebreyesus', 'reported', 'world', 'outbreak', 'measures', 'health', 'united', 'states', 'public', 'officials', 'number', 'north', 'europe', 'engagement', 'decline', 'community', 'beginning', 'america', 'worldwide', 'word', 'wont', 'upi', 'transmissionbut', 'transmission', 'track', 'total', 'thankfully', 'texas']"
2410903769,"HonululuAdvertiser","Hawaii Health Department reports two more monkeypox cases, bringing state total to 25","https://www.staradvertiser.com/2022/09/02/breaking-news/hawaii-health-department-reports-two-more-monkeypox-cases-bringing-state-total-to-25/","The Hawaii Department of Health today reported two additional cases of monkeypox, bringing the total reported in the state since early June to 25.

DOH said it has identified an additional case in an Oahu resident with a history of travel outside of the state, and another in a Hawaii island resident whose case remains under investigation. These additional two cases come just a few days after an additional Oahu case was identified on Tuesday.

The tally now includes 18 on Oahu, including a nonresident, three on Hawaii island, two on Maui, and two non-residents on Kauai.

DOH said it continues to conduct contact tracing and follow-up with all reported cases.

Additionally, the Jynneos vaccine for monkeypox is available statewide to eligible residents.

All vaccination sites are primarily offering intradermal vaccination, which is administered under the skin instead of into the muscle tissue, according to DOH. The department says this technique provides the same, high level of protection from monkeypox virus while allowing more people in Hawaii to be protected.

There are about 1,270 vials of Jynneos available in Hawaii, according to DOH, and each vial can offer four to five doses. More than 2,000 doses have been administered.

The Jynneos vaccine is a two-dose series administered at least 28 days apart. DOH is taking appointments for second doses.

Vaccination eligibility for Hawaii residents includes:

>> Close contact in the last 14 days with a person with known or suspected monkeypox infection;

>> Gay, bisexual, and other men who have sex with men and transgender individuals who have multiple or anonymous sex partners;

>> Persons with severe immune compromise (e.g., advanced HIV infection, active cancer treatment, high-dose steroids) or certain skin conditions, such as eczema; AND who have a household member or sex partner at high risk for monkeypox.

>> People in certain occupational risk groups.

Appointments for the Jynneos vaccines can be scheduled via DOH at 808-586-4462 or at health.hawaii.gov/docd/mpxvax.

Other providers of the Jynneos vaccines include:

>> Malama I Ke Ola on Maui at 808-871-7772

>> Waianae Coast Comprehensive Health Center on Oahu (Waianae and Kapolei) at 808-427-0442

>> Hawaii Health & Harm Reduction Center (Honolulu) at 808-521-2437

>> Kaiser Permanente on Oahu (Mapunapuna) at 808-432-2000, prompt 1

>> Hamakua-Kohala Health (Hawaii island) at 808-930-2751

>> Malama Pono Health Services (Kauai) at 808-246-9577","['total', 'reports', 'bringing', '25', 'hawaii', 'monkeypox', 'health', 'state', 'department', 'cases', 'oahu', 'jynneos', 'doh', 'additional', 'sex', 'reported', 'island', 'days', 'case', 'waianae', 'vaccines', 'vaccine', 'vaccination', 'skin', 'risk', 'resident', 'men', 'maui', 'malama', 'infection', 'includes', 'identified', 'high', 'doses', 'contact']"
2413635714,"Politico","There's a lot we don't know about the monkeypox vaccine","https://www.politico.com/newsletters/politico-pulse/2022/09/06/theres-a-lot-we-dont-know-about-the-monkeypox-vaccine-00054838","Driving the Day

THE BIG MONKEYPOX GAMBLE — Hundreds of thousands of Americans have received the Jynneos monkeypox vaccine since the U.S. outbreak started in May, but there’s a long list of things we still don’t know about how it will work, Krista reports.

What we do know: Bavarian Nordic, the vaccine’s Danish manufacturer, ran clinical trials that showed Jynneos was safe and produced the same immune response as an older smallpox shot in humans. It also showed, in animals, that the vaccine was effective in fighting monkeypox.

That was good enough for the FDA, which approved the drug for both viruses in 2019. Public health officials, doctors and researchers are confident the vaccine is safe and that a two-dose course will protect people from severe illness.

Here’s what we don’t know: A lot. A few key open questions researchers are trying to answer: Does the vaccine protect against infection, will it stop transmission, how long will the protection it offers last and will the federal strategy of administering fractional doses to stretch the nation’s vaccine supply work as well as officials hope?

A rock and a hard place: This is not a particularly comfortable place for the Biden administration, given the last two-plus years of the pandemic. Health experts widely agree that federal health officials have done the right thing by rolling out a little-known vaccine to at-risk communities as an unprecedented outbreak widened.

But people will want to know how well they’re protected in both the short and long term, particularly if the virus isn’t stamped out quickly and continues to circulate in the U.S.

The CDC and the National Institute of Allergy and Infectious Diseases are setting up studies now to answer these questions. Keeping the public informed about what it knows — and doesn’t know — will be critical to avoid driving the wedge deeper between public health officials and the public.

WELCOME TO TUESDAY PULSE — Welcome back to work. We at Pulse hope you enjoyed Labor Day as much as these New Yorkers did in 1887. Keep that news and those tips coming at [email protected] and [email protected].

At the White House

$27 BILLION, PLEASE — The Biden administration is asking Congress for another $26.9 billion to combat Covid-19 and monkeypox, POLITICO’s Kelly Hooper and Krista report, as part of a short-term continuing resolution to keep the government open past the end of the 2022 fiscal year.

The breakdown: The White House seeks $22.4 billion for the domestic fight against Covid-19, $3.9 billion for domestic efforts to fight monkeypox and $600 million to combat the global monkeypox outbreak.

Why now: Administration officials said Friday that passing the funding request would give Congress additional time to decide on longer-term funding for fiscal year 2023.

But: Getting Democrats and Republicans in Congress to agree on even a short-term stopgap spending bill could prove difficult, especially if it includes certain energy-permitting provisions. If the two parties can agree on a short-term bill, a second funding clash for the remainder of fiscal year 2023 could arise in Congress’ post-election lame-duck session.

At the Agencies

VA TO OFFER ABORTION CARE — The Department of Veterans Affairs said on Friday it plans to offer abortion counseling and some abortions for pregnant veterans and VA beneficiaries, POLITICO’s Ben Leonard reports.

The VA submitted an interim final rule that would enable it to provide abortions when a veteran’s or beneficiary’s life or health is in peril or in cases of rape or incest. It would also cover dependents under the agency’s Civilian Health and Medical Program.

The context: The move comes after 25 senators in the Democratic caucus pushed the agency to make the regulatory changes. As it stands, Congress’ Hyde Amendment restricts federal funding of abortions for active military members, and a 1992 law prohibits abortion care for military veterans or retirees.

Business Notes

CVS AND SIGNIFY HAVE A DEAL — CVS Health is set to buy Signify Health for $30.50 a share, or about $8 billion, the companies announced on Monday.

“Signify Health will play a critical role in advancing our health care services strategy and gives us a platform to accelerate our growth in value-based care,” CVS Health President and CEO Karen S. Lynch said in a statement. “This acquisition will enhance our connection to consumers in the home and enables providers to better address patient needs as we execute our vision to redefine the health care experience.”

Kyle Armbrester will continue to lead Signify Health as part of CVS.

PRIVATE-EQUITY OWNED PRACTICES CHARGING MORE — A new study found that dermatology, gastroenterology and ophthalmology medical practices purchased by private equity often charged more and saw more patients more often compared with practices not acquired by private equity, Daniel reports.

The authors — from Johns Hopkins University, Harvard University and Oregon Health & Science University — compared nearly 600 private equity-controlled practices with almost 2,900 others.

Though no significant changes in patient risk were reported, more visits and higher prices followed acquisitions, the study found.

For instance, private equity-controlled practices charged an average of 20 percent more per claim and increased the amount per claim allowed by payers like insurance by 11 percent in the months after acquisition. They saw about 26 percent more unique patients compared with the control group, and existing patient visits lasting longer than 30 minutes increased by about 9 percent.

Global Health

TRUSS AND THE TROUBLED NHS: As the new British Prime Minister, Liz Truss will face the near-impossible task of turning around the National Health Service, Ashleigh Furlong writes in POLITICO’s Morning Health Care Europe.

Britain’s national health care system is inundated, with a severe staffing shortage that’s left one in eight people currently waiting for some kind of care and dangerously long wait times for patients seeking emergency services.

What Truss wants for health: While Truss hasn’t published her plan, POLITICO’s Noah Keate has collated the new Conservative Party leader’s every pledge or promise she made during the leadership campaign. When it comes to health and social care, the pickings are pretty sparse. Perhaps the biggest change she could bring is the reversal of an increase in national insurance, which was made to fund extra cash for health and social care. Instead, Truss said she would secure this increase from general taxation.

Playing to the gallery: Instead of focusing on specific funding policies, the campaign to replace Boris Johnson as PM was dominated by debates on more headline-grabbing health issues, such as mask mandates and transgender debates. Truss pledged not to implement mask mandates or lockdowns. And, on the topic of under-18s making a medical gender transition, Truss said she doesn’t believe they should “be able to make irreversible decisions about their own bodies that they might come to regret later.”

In Congress

MEDICAL MARIJUANA FOR VETS STALLS IN CONGRESS — Military veterans have become key advocates for the expansion of cannabis legalization and access, particularly persuasive among otherwise conservative federal lawmakers and state legislators, reports POLITICO’s Natalie Fertig.

But their effort hasn’t yet led to legislative success on the issue in Washington. Various bills that seek to protect veterans who use cannabis and expand research on medical marijuana’s impact on veterans’ health have stalled despite broad bipartisan support.

The SAFE Banking Act, which shields financial institutions that provide services to the cannabis industry, is perhaps the last vehicle to include protections for veterans who consume cannabis. There’s a chance that additional provisions might be added to SAFE Banking in the fall in a deal to get some smaller cannabis-related legislation through both chambers before this Congress concludes.

Names in the News

Arielle Kane will be the director of Medicaid initiatives at Families USA. She’s been the director of health care policy at the Progressive Policy Institute for the past four years.

","['lot', 'dont', 'vaccine', 'monkeypox', 'health', 'care', 'veterans', 'congress', 'truss', 'practices', 'politicos', 'officials', 'funding', 'billion', 'safe', 'private', 'national', 'medical', 'long', 'federal', 'cannabis', 'work', 'university', 'signify', 'shortterm', 'public', 'protect', 'patients', 'patient', 'military', 'fiscal', 'covid19', 'compared', 'agree', 'administration']"
2416414539,"Conversation","Monkeypox may cause neurological damage, including inflammation of the brain – new study","https://theconversation.com/monkeypox-may-cause-neurological-damage-including-inflammation-of-the-brain-new-study-190039","Monkeypox’s effect on the skin – the disfiguring rashes – and the flu-like symptoms have been well described, but few have investigated the neurological and psychiatric problems the virus might cause.

There are historic reports of neurological complications in people infected with the related smallpox virus and in people vaccinated against smallpox, which contains the related vaccinia virus. So my colleagues and I wanted to know whether monkeypox causes similar problems.

We looked at all the evidence from before the current monkeypox pandemic of neurological or psychiatric problems in people with a monkeypox infection. The results are published in the journal eClinicalMedicine.

A small but noticeable proportion of people (2% to 3%) with monkeypox became very unwell and developed serious neurological problems, including seizure and encephalitis (inflammation of the brain that can cause long-term disability). We also found that confusion occurred in a similar number of people. It’s important to note, though, that these figures are based on a few studies with few participants.

Besides the severe and rare brain problems, we found evidence of a broader group of people with monkeypox who had more common neurological symptoms including headache, muscle ache and fatigue. From looking at the studies, it was unclear how severe these symptoms were and how long they lasted. It was also unclear how many people with monkeypox had psychiatric problems - such as anxiety and depression - as few studies looked into it. Of those that did, low mood was frequently reported.

We don’t know what factors are driving these neuropsychiatric problems in people with monkeypox. We would want to know whether the strain of monkeypox virus and the severity of infection affects these problems. However, we were unable to look into this properly because it was not consistently reported in studies.

Although we found that people with monkeypox infection can have neuropsychiatric symptoms, the studies in our paper cannot say with any certainty that it’s the virus causing these problems. Future research exploring this will need to follow up people with no neuropsychiatric conditions before becoming infected with monkeypox.

If it is the virus that is causing these problems, the biological processes underlying it are unclear and could involve the virus directly entering the nervous system, a reaction by the immune system or something else entirely. It’s also possible that the stigma people experience from monkeypox infection and the effect of disfiguring skin rashes could contribute to psychological distress such as low mood.

Our research focused on the evidence before the current monkeypox pandemic. Most of the data was from west Africa and in people hospitalised with an infection, whereas the current pandemic has predominantly affected North America and western Europe. It is unclear to what degree the symptoms of previous outbreaks will mirror what we are seeing now.

Backed by other recent studies

Important research has come out since we finished our paper. A study in the New England Journal of Medicine included over 500 people with monkeypox from 16 countries in the current outbreak. Although no cases of encephalitis or seizure were reported, headache and fatigue were found in more than a quarter of people infected with monkeypox and low mood in up to one in ten people.

However, there have been two recently reported cases of monkeypox-confirmed encephalitis in Spain. Further surveillance is needed to determine the true extent of more serious problems like encephalitis and seizure.

The monkeypox outbreak remains a global concern and ongoing public health measures, including improving access to vaccination, are needed.

Although monkeypox mainly causes flu-like symptoms and skin problems, our latest study – and subsequent studies – show that neuropsychiatric symptoms are not uncommon. We are not expecting a tide of serious brain problems, but complications such as encephalitis and seizure may occur in a small proportion of people. We need more research to find out if these symptoms persist over time and whether they’re caused by monkeypox.","['inflammation', 'damage', 'monkeypox', 'neurological', 'including', 'brain', 'study', 'problems', 'symptoms', 'virus', 'studies', 'infection', 'encephalitis', 'unclear', 'research', 'neuropsychiatric', 'current', 'skin', 'seizure', 'reported', 'psychiatric', 'pandemic', 'low', 'infected', 'evidence', 'system', 'smallpox', 'small', 'similar', 'severe', 'related', 'rashes', 'proportion', 'paper', 'outbreak']"
2419233543,"Washington Post","Inside a city’s struggle to vaccinate gay Black men for monkeypox","https://www.washingtonpost.com/health/2022/09/12/monkeypox-vaccine-black-gay-men/?utm_source=rss&utm_medium=referral&utm_campaign=wp_health","CHARLOTTE — Johnny Wilson strode through the throng clogging the city streets for Pride weekend toward his next target: a young man wearing a plastic crown and rainbow drawstring bag, walking alone. The 31-year-old county health worker was on a mission to get fellow gay Black men vaccinated against monkeypox.

He leaned in to make his pitch over the hip-hop beats blasting from a nearby drag performance.

“You can get it today. It’s free,” said Wilson, dressed in an “Ask me about MPX vaccine” T-shirt, his rainbow-striped briefs peeking above sagging white jeans.

The summer outbreak of the rare virus exposed how infectious diseases often exact a disproportionate toll on Black men who have sex with men, particularly in the South, and the struggles of the health-care system to provide them equitable protection. The disparities are especially wide in North Carolina, where Black people make up 67 percent of monkeypox cases but only 27 percent of the vaccinated.



North Carolina officials are trying to close that gap by bringing vaccines directly to those who need them most — offering shots after Sunday services at a church with a predominantly gay Black congregation and at historically Black colleges and universities, in addition to the August Pride festivities.

Wilson listened closely as Avery Brister, a 28-year-old data analyst visiting from Wisconsin, aggressively peppered him with questions, his voice rising with every emphatic point. How is a vaccine that is in short supply back home so readily available here? Does a government that has historically mistreated Black and LGBTQ people have his best interest at heart? Why is he being singled out?

Post Reports podcast: Vaccinating against monkeypox — at the club

“We are so limited in what we have, we want to make sure we get vaccines to the right people,” Wilson explained. “I don’t just approach anybody.”

Brister acknowledged he would benefit from the vaccine against a disease that can cause painful, unsightly lesions and spreads through close contact, especially sex. But he’s deeply suspicious of government. And Wilson represents the government.

Wilson, in many ways, is the perfect messenger. He has spent nearly a decade in public health trying to help Black men get tested and treated for HIV.

As a teenager struggling to accept his sexuality, Wilson had tested positive for HIV when he was 13 and practiced for a lifetime of ingesting daily pills by swallowing M&Ms at the hospital. He stopped undergoing treatment in the aftermath of a turbulent relationship in his early 20s, before group therapy hosted by the AIDS organization RAIN helped him resume care. He landed a job at RAIN, rising from a case manager attending every medical appointment with other Black gay men with HIV to its director of outreach.

At RAIN, Wilson spent weekend nights outside clubs offering free HIV testing and built relationships with party promoters to promote public health.

Monkeypox is rousing old fears - and ways gay men care for each other

So when Wilson started a new job at the Mecklenburg County Health Department in June, as the first monkeypox cases were being detected, he suggested offering vaccines — not just information — outside nightclubs catering to Black gay men.

“We have to go to the community,” Wilson said. “We cannot wait for the community to call and make appointments.”



Taboos around homosexuality among some African Americans can complicate efforts for targeted outreach on monkeypox prevention, activists say. Vaccine eligibility screening questions asking if people have had multiple male sexual partners could dissuade Black men from getting shots.

Those who do want vaccinations tend to have a harder time securing transportation and time off work — due to structural racial inequities — to get the two shots required for full protection, offered weeks apart at limited locations during the day.

Nationally, only 11 percent of Americans vaccinated against monkeypox are Black, but they make up 38 percent of new cases — the highest of any racial demographic, according to early September data from the Centers for Disease Control and Prevention.

Black men who have sex with men are at higher risk of contracting monkeypox, experts say — not because they are more promiscuous, but because they tend to have smaller sexual networks, making it easier for the virus to spread.

The Biden administration recently announced it would make 50,000 vaccine doses available for local governments with plans focused on reaching communities of color.

Charlotte’s Pride festivities, the first in two years to celebrate gay life since the coronavirus pandemic had brought large public gatherings to a standstill, presented an opportunity to directly bring vaccines to Black attendees. The federal government had provided the county 2,000 doses for the weekend as part of a pilot program to expand vaccination at large LGBTQ events.

But as Wilson would soon discover, the challenge was not access alone. It was also breaking down resistance.

The line to get into The Scorpio snaked through the parking lot at 11 p.m. on a Saturday. As partygoers waited to get into one of Charlotte’s most popular gay clubs, Wilson worked the crowd.

“Your skin is too beautiful to be having bumps on it,” he would say, appealing to vanity while describing monkeypox’s telltale lesions.

Steps away, spotlights shone on the virtually deserted makeshift vaccination clinic staffed by more than a dozen of Wilson’s colleagues.

While they managed to persuade some Black men to get their shots, Wilson also faced a barrage of rejections.

“I’m not ready yet,” one told him.

“I’m not scared. I just want more information first,” said another, after initially agreeing to — then backing out from — getting a shot.

“Any herb can clear that up,” another man insisted.



An introvert who would rather stay home and shoot aliens on video games than party late into the night, Wilson nevertheless decided to spend Pride weekend at the clubs, relentlessly pitching partyers to get vaccinated. He patiently tried to debunk paranoia about the government intruding on gay, Black spaces and show that he genuinely had their best interests at heart. He understands the distrust many Black Americans feel about the medical establishment; his grandmother would always wait until the last minute, when pain was unbearable, to see a doctor, and was not forthcoming when asked personal questions like whether she smoked.

Early Biden covid vaccine campaign ran into resistance in Black communities

The previous night, Wilson and his colleagues had persuaded just 23 people to get shots. They had enough doses for 150.

Facing another slow night, his supervisor came to him with a request: take the message inside the club.

At midnight, Wilson entered The Scorpio and stood in the center of the dance floor, beneath rainbow flags hoisted onto Corinthian columns.

Microphone in hand, Wilson drew roars from the crowd with a profane salute to Pride. He launched into an equally profane push to get vaccinated, emphasizing the vaccine’s safety.

“If anybody is asking questions like, ‘Where does this vaccine come from?,’ it’s been here,” Wilson shouted. “We want to make sure everyone’s safe, so go outside.”

His former boss at RAIN who had helped him navigate his HIV diagnosis as a teenager grabbed the mic, promising free reentry and a $25 gift card to anyone who took a break from the party to get a shot.

No one moved toward the exit and the health department tables awaiting outside.

Wilson pondered what went wrong. Maybe people were leery of nurses and needles stationed at a nightclub. Perhaps the bright lights and exposed tables were just too much. Maybe they should have offered a chance to book a vaccine appointment during the day, instead.

Wilson persuaded just one more person standing in line to get a shot before his colleagues began packing up the unused needles and vials of vaccine.

At the Pride parade the next day, a shirtless man in rainbow suspenders and a bow-tie — one of 40 Black people who ultimately received vaccinations at The Scorpio — greeted Wilson with a hug of gratitude. “Not dead,” the man quipped.

Wilson savored the small victory. He was tired, having worked past 1 a.m. two nights in a row. He stopped at an intersection, taking in the passing parade floats. He waved at the grand marshal, the founder of RAIN. Blew kisses toward a float carrying teenagers representing a LGBTQ nonprofit that he had once worked with. Ran into the street to embrace his former dance teacher marching alongside the flag twirlers.

Then he got back to work.



By the end of the weekend, the county health department vaccinated 540 people — far below the 2,000 doses available. But the outreach helped to narrow the racial gap: Black people made up 40 percent of the newly vaccinated; Whites accounted for 46 percent.

Even in the rejections, Wilson chose to see success. He learned from years of HIV outreach that simply planting a seed is a win. Every engagement was an opportunity. Some promised to get their shots, just not on the night they planned to drink and dance. Those with remaining doubts had received scientifically sound answers to questions about the vaccine’s history and effect. Wilson hoped they’d be more inclined to get vaccinated at their next chance.

In some cases, his persistence paid off.

When Brister, the Pride attendee visiting from Wisconsin, accused Wilson of being predatory for targeting Black men at a festival that drew tens of thousands from around the country, the health worker calmly assured the young man that he was merely trying to find the people who need protection the most. Wilson knew Brister was testing him, and he intended to pass the challenge by remaining cool, confident in his sharing of facts. Even if Brister struggled to find the second shot of the two-dose regimen back home, some protection would be better than none, Wilson told him.

Your monkeypox questions answered

After 15 minutes, Brister relented. “Let’s go,” he said.

The clinic was a mile away. Wilson worried Brister would lose interest if he had to venture that far alone.

So Wilson began walking alongside him. A half-block later, they spotted a Lime scooter parked on the sidewalk. Wilson activated the scooter with his phone and motioned for Brister to hop on.

Brister clung to Wilson’s back as they zoomed away from the festival, on the way, at last, to get his shot.","['vaccinate', 'struggle', 'inside', 'citys', 'black', 'men', 'gay', 'monkeypox', 'wilson', 'vaccine', 'vaccinated', 'pride', 'brister', 'vaccines', 'questions', 'health', 'weekend', 'shots', 'rain', 'man', 'hiv', 'protection', 'night', 'doses', 'county', 'cases', 'worked', 'shot', 'sex', 'scorpio', 'rainbow', 'racial', 'public', 'party', 'outreach']"
2419704461,"AOL News","Monkeypox death confirmed by L.A. County health officials","https://www.aol.com/news/monkeypox-death-confirmed-la-county-010010417-122526486.html","LOS ANGELES (AP) — A Los Angeles County resident with a compromised immune system has died from monkeypox, local health officials announced Monday. It's believed to be the first U.S. fatality from the disease.

The Los Angeles County Department of Public Health announced the cause of death, and a spokesperson said it was confirmed by an autopsy. The patient was severely immunocompromised and had been hospitalized. No other information on the person was released.

The Centers for Disease Control and Prevention tracks cases and has not confirmed any U.S. deaths from the disease. LA County officials say they worked with the CDC on their case.

A CDC spokesperson confirmed the cooperation but did not immediately respond when asked if this was the first U.S. death.

Texas public health officials on Aug. 30 reported the death of a person who had been diagnosed with monkeypox. The person was severely immunocompromised and their case is under investigation to determine what role monkeypox may have played in their death.

Monkeypox is spread through close skin-to-skin contact and prolonged exposure to respiratory droplets. It can cause a rash, fever, body aches and chills. Relatively few people require hospitalizations and only a handful of deaths worldwide have been directly linked to the disease.

The CDC recommends the monkeypox vaccine for people who are a close contact of someone who has disease; people who know a sexual partner was diagnosed in the past two weeks; and gay or bisexual men who had multiple sexual partners in the last two weeks in an area with known virus spread. Shots are also recommended for health care workers at high risk of exposure.

The United States has the most cases globally, with 21,985 confirmed, according to the CDC. California has recorded the most cases nationally, with more than 4,300. Black people and Latinos have been disproportionately infected.","['la', 'monkeypox', 'health', 'confirmed', 'officials', 'county', 'death', 'cdc', 'person', 'los', 'disease', 'cases', 'angeles', 'weeks', 'spread', 'spokesperson', 'sexual', 'severely', 'public', 'immunocompromised', 'diseasethe', 'diagnosed', 'deaths', 'contact', 'close', 'announced', 'worldwide', 'workers', 'worked', 'virus', 'vaccine', 'united', 'tracks', 'system', 'states']"
2419756677,"Forbes","Monkeypox: Los Angeles Confirms First Death From Disease But U.S. Cases Continue To Drop","https://www.forbes.com/sites/madelinehalpert/2022/09/13/monkeypox-los-angeles-confirms-first-death-from-disease-but-us-cases-continue-to-drop/","Topline

A Los Angeles resident who was severely immunocompromised has died of monkeypox after being hospitalized, local officials said Monday, marking the first confirmed death due to the disease, though fatalities remain rare and cases in the U.S. continue to fall.

Key Facts

The news follows the death of another patient in Texas, also severely immunocompromised and diagnosed with monkeypox, though officials said the patient had several illnesses and have yet to determine the cause of death.

The Los Angeles case comes as new monkeypox infections in the city have begun to slow, with only 32 new cases reported the week ending September 10, compared to 141 the week before, according to the Los Angeles County Public Health Department.

Other cities with major outbreaks have also reported a drop in new cases, including New York City and San Francisco, due to increased availability of vaccines and behavior changes among men who have sex with men, who have been disproportionately affected by the outbreak.

Tangent

Several universities have reported cases of monkeypox since students have returned to campus. Some colleges have emphasized that the risk posed by monkeypox is different than that of Covid-19, as monkeypox is only spread through close contact with an infected person or contaminated materials. Schools are taking a number of steps to prepare, they told Forbes last month, including by coordinating with local and federal health authorities and providing training from the Centers for Disease Control and Prevention for student health services workers.

Key Background

Some 18 deaths have been reported in the ongoing monkeypox outbreak, including eight in countries that have not historically experienced outbreaks, according to the CDC. At least ten deaths have been reported in Africa this year as well, where the virus is endemic in certain regions, though smaller outbreaks across the continent have not received much international attention in the past. Case fatality rates for monkeypox in recent years are between 3% to 6%, according to the World Health Organization, and symptoms typically resolve after two to four weeks. The U.S. is also trying to ramp up the availability of the antiviral Tpoxx to help treat the disease. Both the U.S. and the WHO have declared monkeypox a public health emergency to help streamline resources, while the U.S. has approved a new vaccination strategy to stretch supplies of the Jynneos vaccine, the only shot specifically approved by the Food and Drug Administration to protect against monkeypox. With more vaccines available in the U.S. and in Europe, the initial epicenter of the outbreak, monkeypox cases have begun to decline globally in recent weeks, though dozens of lower-income countries also experiencing outbreaks have struggled to access adequate supply of vaccines, according to the New York Times.

","['drop', 'continue', 'confirms', 'monkeypox', 'cases', 'los', 'angeles', 'disease', 'death', 'reported', 'outbreaks', 'health', 'vaccines', 'including', 'colleges', 'york', 'weeks', 'week', 'students', 'spread', 'severely', 'recent', 'public', 'patient', 'outbreak', 'officials', 'men', 'local', 'infections', 'immunocompromised', 'deaths', 'county', 'countries', 'confirmed', 'city']"
2420250513,"livescience.com","1st confirmed monkeypox fatality reported in the US","https://www.livescience.com/potential-first-monkeypox-death-usa/","A Los Angeles County resident with a severely weakened immune system has died of monkeypox, the Los Angeles Department of Public Health reported Monday (Sept. 12). The U.S. Centers for Disease Control and Prevention (CDC) also assessed the case and confirmed that the death was due to a monkeypox infection, according to the health department.

""The resident was severely immunocompromised and had been hospitalized,"" the health department statement reads. In general, immunocompromised people face a greater risk of developing severe monkeypox infections than the general public, as do children younger than age 8, people with a history of eczema and people who are pregnant or breastfeeding, Live Science previously reported.

""To protect confidentiality and privacy, additional information on this case will not be made public,"" the statement continues. ""Persons severely immunocompromised who suspect they have monkeypox are encouraged to seek medical care and treatment early and remain under the care of a provider during their illness.""

The death of the L.A. resident may mark the first confirmed U.S. monkeypox fatality during the ongoing outbreak. In late August, the Texas Department of State Health Services reported a similar case of a severely immunocompromised person dying after being diagnosed with monkeypox; however, at the time, officials were still investigating what role monkeypox played in that death. And as of Sept. 12, officials still hadn't announced whether that fatality was caused by monkeypox, the Los Angeles Times reported.

Related: Should everyone get a monkeypox vaccine?

As of Monday, nearly 58,000 cases of monkeypox had been reported worldwide, and about 57,500 of those cases had occurred in locations where monkeypox has not historically spread, according to the CDC. The U.S. alone has reported nearly 22,000 cases, with 4,300 of those cases occurring in California, the agency reported.

At least 18 people have died of monkeypox, globally: eight in places where monkeypox does not typically circulate and 10 in places where it does. (It's unclear whether this death toll has been updated to reflect the death of the L.A. resident, although as of Tuesday (Sept. 13), the fatality had not yet been noted on the CDC's main monkeypox landing page.)

","['confirmed', '1st', 'monkeypox', 'reported', 'fatality', 'death', 'clade', 'case', 'viruses', 'severely', 'resident', 'immunocompromised', 'health', 'died', 'cases', 'sept', 'science', 'public', 'outbreak', 'los', 'live', 'inflammation', 'department', 'cdc', 'angeles', 'typically', 'statement', 'stat', 'sepsis', 'pulmonary', 'previously', 'places', 'officials', 'la', 'infections']"
2420070070,"Time","Meet the Pharmacist Responsible for Giving Half of His County’s Monkeypox Vaccine","https://time.com/6208357/monkeypox-vaccine-gay-bars-california-pharmacy/","Clint Hopkins and his husband, Joel Hockman, own Pucci’s Pharmacy in Sacramento, but you might not always find them there. Since the monkeypox outbreak began in the U.S., the pair and their team of health professionals are just as likely to be at a bar, private party, or their local LGBTQ center administering monkeypox vaccines.

“We’re in a bit of a unique situation, because we’re LGBT and part of the community that is at highest risk,” says Hockman, COO of Pucci’s. “We’re aware of social events that are going on through our social network, so we reached out and said, ‘Hey, we know you’re going to get together—let us come and vaccinate everybody while they’re there.”

The vaccine to prevent monkeypox, called Jynneos, can protect people from getting infected before they are exposed to the virus. The latest outbreak has spread quickly among people in LGBTQ communities in the U.S. and several countries, after people were potentially exposed at large gatherings. But vaccines don’t always reach this high-risk group because of stigma. Some people are concerned about being identified as LGBTQ, while others prefer not to reveal their sexual orientation to employers, friends, or family, which could happen if they were seen at a testing site or in a line at a public health clinic to receive a monkeypox vaccine. Hopkins and his team are trying to eliminate these barriers. After procuring doses from the Sacramento public health department, they started offering monkeypox vaccines not only at their pharmacy, but also at popular LGBTQ bars in the area and at a weekly social gathering of at the home of friends; at the first such get-together, 75 people got vaccinated. “We gave doses to people who otherwise might not have come in for vaccination,” says Hopkins.

That’s where Rick Russell got his first dose in July. “It was pretty awesome and pretty amazing,” says Russell, a retired Navy firefighter and recruiter, who is now an analyst with the California Military Department. “They gave 75 vaccinations to individuals who otherwise had no other way or means of idea about how to get vaccinated. What they are doing for the community here in Sacramento—there’s nobody else who has ever done anything like that.”

Word of their pop-up monkeypox vaccine clinics has spread all the way to neighboring Nevada, and people are making the two-hour drive to Sacramento to get vaccinated. “Nobody has looked out for the community like they have, and they’re doing it just because they’re a part of our community,” Russell says.

Read More: What It Really Feels Like To Have Monkeypox

Pucci’s Pharmacy has a legacy of serving the underserved in its community. In 2016, Hopkins and Hockman purchased the business from Tom Nelson, who was one of the few pharmacists in the area filling prescriptions for new anti-HIV medications during the AIDS epidemic in the 1980s, which became life-changing therapies for people living with HIV. Hopkins and Hockman have long offered HIV testing at the pharmacy and prescribe PrEP, which can protect people from getting infected or seriously ill from HIV, for people who are at high risk of exposure to the virus.

When COVID-19 hit, Hopkins reached out to the county health department and offered to help with mass vaccination campaigns. And when the first monkeypox cases began to appear, the county reached out to him to help administer the doses. “We said, ‘Absolutely, this is our community,’” says Hopkins. “Not only is it our local community in Sacramento that we’re helping, but as LGBT owners, it’s our broader community that the virus was affecting the most. It was very important for us to get out ahead of it.”

The duo’s nomadic vaccination clinics have grown so popular that they consume their days, nights, and weekends. At a recent clinic at the Sacramento LGBTQ Center on one Saturday in August, Hopkins’ team vaccinated 309 people. So far, his team has administered more than half of the monkeypox vaccine doses allotted to Sacramento County.

While Hopkins and Hockman were reimbursed for administered COVID-19 vaccines and therapies, however, that source of financial support does not exist for the monkeypox shots, they say. Unlike with COVID-19 shots, the government is not reimbursing for the monkeypox vaccine, which requires two doses. The few insurers that do cover the shots only pay $19 per dose, which does not cover the cost of the staff and equipment required to administer them, Hopkins says. “That’s less than half the amount that was paid for COVID-19 vaccines, and there is no fund for uninsured patients.” He also points out that because of the stigma surrounding monkeypox, some people don’t want to provide their health insurance information because they don’t want their employer, family, or significant other to find out they got the monkeypox vaccine. That means that in some cases, they are providing the vaccines for free. “We need a fund to pay for those patients to be vaccinated in order to protect them,” he says. Hopkins says he still has not been reimbursed for any of the monkeypox vaccines he has administered.

For now, “we’re doing this for charity,” says Hopkins. “But in a lot of other communities, they don’t have a pharmacy like ours that’s owned by LGBT owners who are concerned about taking care of their community.”","['responsible', 'pharmacist', 'meet', 'half', 'giving', 'countys', 'monkeypox', 'vaccine', 'hopkins', 'community', 'vaccines', 'sacramento', 'vaccinated', 'pharmacy', 'lgbtq', 'hockman', 'health', 'doses', 'team', 'dont', 'covid19', 'vaccination', 'theyre', 'social', 'shots', 'russell', 'reached', 'protect', 'lgbt', 'hiv', 'department', 'virus', 'therapies', 'testing', 'stigma']"
2420871294,"CNBC","U.S. monkeypox outbreak is slowing, CDC official says","https://www.cnbc.com/2022/09/14/us-monkeypox-outbreak-is-slowing-cdc-official-says-.html","Monkeypox continues to spread across the U.S., but the pace of new cases has slowed over the last several weeks, Dr. Rochelle Walensky, director of the Centers for Disease Control and Prevention, told lawmakers Wednesday.

While the virus is still spreading at a rapid clip in certain regions of the U.S., the growth of new monkeypox cases across the country and globally has been abating in recent weeks, she testified before the Senate Committee on Health, Education, Labor and Pensions on Wednesday.

""We approach this news with cautious optimism,"" she said at a hearing.

The U.S. is working to contain the largest monkeypox outbreak in the world, with more than 22,600 cases across all 50 states, Washington D.C. and Puerto Rico, according to data from the CDC.

The disease is rarely fatal, but causes painful lesions resembling pimples or blisters. There has been one confirmed death in the U.S. as a result of the disease, according to Walensky.

The Jynneos vaccine, manufactured by Danish biotech company Bavarian Nordic, is the only approved monkeypox vaccine in the U.S. Two doses are administered 28 days apart, and CDC officials say it's crucial for people at risk to receive the second shot. It takes two weeks after the second dose for the immune system to reach its peak response.

People who have monkeypox should stay at home until the rash has healed and a new layer of skin has formed, keep a safe distance from other people, and refrain from sharing any objects or materials with others, according to CDC guidance.","['slowing', 'outbreak', 'director', 'monkeypox', 'cdc', 'weeks', 'disease', 'cases', 'vaccine', 'world', 'working', 'wednesdaywhile', 'wednesdaywe', 'washington', 'walenskythe', 'walensky', 'virus', 'told', 'testified', 'takes', 'system', 'stay', 'states', 'spreading', 'spread', 'slowed', 'skin', 'shot', 'sharing', 'senate', 'safe', 'rochelle', 'risk', 'rico', 'result']"
2421948897,"Time","Why Infectious Disease Outbreaks Are Becoming So Common","https://time.com/6211430/infectious-disease-outbreaks-polio-covid-19/","SARS-CoV-2. Monkeypox. Polio. Marburg. These viruses are no longer familiar just to public-health experts, but household names around the world, thanks to their recent incursions into human populations. People have always confronted pathogens of all sorts, but the attacks are becoming more commonplace, and more intense, than they ever have before.

“We are going through an era of epidemics and pandemics, and they are going to be more complex and more frequent,” says Jeremy Farrar, director of Wellcome, a global health charitable foundation that addresses health challenges. “We tend to see each [outbreak] in its own right, as an individual episode. But the truth is that they are almost all a symptom of underlying drivers, all of which are part of 21st-century life.”

The world has seen polio outbreaks before, for instance, as well as monkeypox clusters and cases of Marburg, a cousin of the deadly Ebola virus. We’ve even seen earlier versions of SARS-CoV-2 in the coronavirus outbreaks of 2002 and 2012. So why are these outbreaks piling up, seemingly all of sudden, and at the same time?

The explanation lies in a gathering perfect storm of factors that taps into nearly every way we live our contemporary lives—from the ubiquity of worldwide travel to humans’ deeper encroachment into previously untouched natural habitats and the modernization that has led to climate change, urbanization, and overcrowding. Even the instantaneous and unfiltered way we communicate on social media is contributing, since misinformation is often shared, believed, and elevated to the same degree as trustworthy messages. Then there is the mercurial and increasingly unstable balance of geopolitics driving millions from their homes and into refugee camps and migrant housing, which are fertile grounds for infectious diseases to spread.

Simply put, the multitude of infectious diseases facing the world today is “just the evolution of microbes and humans coming to a collision course,” says Michael Osterholm, director of the Center for Infectious Disease Research and Policy at the University of Minnesota.

Read More: A Hotter World Means More Disease Outbreaks in Our Future

That interface is occurring more frequently as people creep closer to nature. Coronaviruses, for example, live in bats, while influenza viruses inhabit bird populations; both viruses spread wherever the animals roam, which increasingly involves regions where they come into contact with people.

Deforestation, climate change, and urbanization make such interactions more likely. In the case of Ebola, say experts, the largest outbreak of the disease in West Africa in 2014 was likely amplified by the fact that urbanization had concentrated more people into densely packed cities than had been the case when the virus was first reported in people in the 1970s. “In the 1990s and 2000s, Ebola hadn’t changed; what changed was that Ebola had been a rural-village disease that had affected isolated villages, but hadn’t reached big urban centers,” says Osterholm. Urbanization and overcrowding in large cities where sanitation and social distancing aren’t always practiced mean that viruses and bacteria find it easier to seek new hosts.

Improvements in travel have also come with urbanization. And air travel doesn’t just transport people; it also brings whatever viruses and bacteria they may be harboring to other parts of the world in a matter of hours. The recent monkeypox outbreak, which spread to 94 countries in three months, is one example. The virus, which is endemic in Central and Western Africa, hitched rides on people from that region to festivals around the world, and then landed in countries where cases are rarely reported. “If monkeypox had happened 100 years ago, the world would hardly have seen any real global challenge, because transportation was so slow and incomplete that it wouldn’t have spread the way modern air travel can make happen,” says Osterholm.

There may be another powerful force at work making such confrontations between people and pathogens more significant and even more deadly. Viruses and other microbes aren’t individual agents of disease, but exist as a dynamic and ever-evolving community. Every encounter with a human is a chance for pathogens like viruses to become fitter and more adept at infecting and causing disease in people. That’s likely the case with coronaviruses; SARS and MERS, for example, caused infections with high fatality rates but were not transmitted very effectively from person to person. The next-generation virus SARS-CoV-2, however, finally found a way to spread easily from one human host to another.

Something similar may be occurring with monkeypox. U.S. scientists, working with their counterparts in Nigeria, where the virus is endemic, began seeing changes in the virus several years ago. “They were seeing that the virus was more efficient at transmitting disease from human to human,” says Dr. Raj Panjabi, senior director for global security and biodefense at the White House National Security Council. “That’s an alarm bell. It signals that maybe the transmission changed because the virus adapted better to [live] among us.” Farrar notes that with each previous monkeypox outbreak in Africa, the chain of contagion—one person infecting another—has gradually gotten longer, “and the infections last longer,” he says. “Instead of one or two people infected, it’s now five to six people, then 10 to 12 people.”

Osterholm says all of these converging factors puts the world in a perilous place. “Any one of these on their own is a problem for public health,” he says. “Add them all together, and you get a crisis.”

Do humans have a chance? “I think we are at the most vulnerable we have ever been in my professional career,” says Farrar. He sees the biggest threat to people’s ability to stave off major pandemics coming from our inability to cooperate, share public-health information, and mount an effective defense against infectious diseases. “Putting aside biodiversity, land use, protection of habitats, and social media, the biggest challenge is geopolitics,” he says, citing the aggressions in Eastern Europe, East-West tensions and the inequity of health resources and health infrastructure between developed and developing countries. “Unless we resolve geopolitical issues, then I’m afraid that we won’t have sight of what is emerging from China, Europe, Africa, the Americas, and Southeast Asia. We’ve got to get back to understanding that the world is very small, and we are interconnected.”

Read More: The Virus Hunters Trying to Prepare For the Next Pandemic

He is optimistic that COVID-19 and the other ongoing outbreaks may have finally awakened a global awareness of this need for collaboration. The World Bank recently mobilized a $10 billion annual fund dedicated to helping countries in the developing world improve their surveillance methods for detecting and—most importantly—sharing information about unusual cases of infectious diseases that could represent new public-health threats. The funds will bolster these countries’ networks of community health workers and lab-testing capabilities, as well as their access to tests, vaccines, and treatments. Farrar notes that global contributions to the fund, including from China, are hopeful signs that “maybe this is one way to bring the world back together again” around the challenge of pandemic preparedness.

But developed countries need to lead by example. The U.S. is making some strides; President Biden revived the Directorate for Global Health Security and Biodefense, which Panjabi heads, after it was dissolved during the Trump Administration. Biden has proposed a record $88-billion investment in preparing the country against the next pandemic threat, spread over five years, that would prioritize investment in testing, vaccine, and treatment research, as well as in monitoring for new diseases and building up supplies of personal protective equipment and trained health care workers who could be deployed during a public-health emergency. “There has never been that much money requested for pandemic preparedness and global health security ever,” says Panjabi.

Securing that money will be an enormous challenge. But such investment is ultimately the most cost-effective way to combat public-health threats, before cases of a new disease turn into clusters—then outbreaks, epidemics, and pandemics. “The more we do to strengthen national public-health institutes—not just in the U.S. but around the world—the more prepared we will be,” says Panjabi. “These investments build towards the ambitious goals, such as developing effective vaccines and therapeutics within 100 days of identifying a threat, producing sufficient quantities to vaccinate the United States population within 130 days, and supporting surge production to rapidly meet global needs.”

Responding quickly and effectively will have to become routine if we are to weather the onslaught of outbreaks sure to head our way. “Microbial evolution is alive and well,” says Osterholm. “We are fighting an enemy that is growing and changing every day to accommodate as the world changes.”","['common', 'disease', 'outbreaks', 'infectious', 'world', 'virus', 'health', 'global', 'viruses', 'publichealth', 'monkeypox', 'countries', 'urbanization', 'spread', 'human', 'diseases', 'travel', 'security', 'outbreak', 'farrar', 'ebola', 'challenge', 'cases', 'africa', 'threat', 'social', 'sarscov2', 'person', 'pathogens', 'panjabi', 'pandemics', 'pandemic', 'osterholm', 'longer', 'live']"
2421958446,"wired","Monkeypox Cases in the US Are Falling. No One Knows Why","https://www.wired.com/story/monkeypox-cases-in-the-us-are-falling-no-one-knows-why/","Many people changed their behavior, the vaccines might be helping, and the virus might someday burn itself out—but there’s not enough data to know.

The explosive US monkeypox epidemic, now four months old, appears to be slowing down—although new cases, and serious complications, are still arising. The Centers for Disease Control and Prevention announced this week that two men in Colorado and Washington, DC, developed grave neurological problems that left them using walkers. Health authorities in California say a man there died as a result of monkeypox infection, and Texas experts are evaluating the death of a man in that state as well.

With 22,774 cases, the US has racked up almost two-fifths of the world’s total. Nevertheless, a recent CDC assessment says the epidemic’s “rate of growth is slowing.” In July, it took only eight days for the US case count to double; it takes approximately 25 days for the same to happen now. That the epidemic may be slowing is unquestionably good news. But there’s a catch: No one is quite sure why.

The drop in cases is almost certainly due in part to people changing their behavior. In a recent survey of gay and bisexual men, who are at most risk of infection, half said they had reduced their number of partners or types of sexual encounters. It may also be due to protection from the monkeypox vaccine, though that effort has rolled out slowly and a recent preprint (which is not yet peer-reviewed) questions the vaccine’s effectiveness. Or the decline could simply be due to the virus burning itself out as it exhausts the number of people likely to be exposed to it—a remote possibility, but one that researchers have to consider.

Discovering which scenario is correct is important because that knowledge could help predict what happens next. Behavior change regarding sex—using barrier methods, abstaining—is difficult to sustain long-term, because pleasure is a powerful motivator. For evidence, look at how we’ve never stopped syphilis from circulating despite centuries of trying. (Or, for that matter, never stopped unwanted pregnancies from occurring.) Because behavior change can lapse, protection via vaccines would likely be more durable—but only if they are successfully administered to the people who most need them, and only if they create lasting immunity. Not understanding the reasons for the decline makes it difficult to determine where the most effort, and the most money, should be spent: in campaigns for vaccination, for behavior change, or both.

Researchers say it’s far too early to know. “We’re always trying to make these calls very, very early in the game,” says Anne Rimoin, an epidemiologist and professor at the UCLA Fielding School of Public Health. “But the truth is, there’s still a lot that has to play out before we can make that kind of assessment. We’re in the to-be-determined phase.”

Part of the problem is that, despite these months of global emergency response, monkeypox remains an under-researched disease. Though it was endemic in several African countries for years before it broke worldwide in May, few researchers in rich countries considered it a priority. Until now, most epidemiological knowledge was gathered in rural communities where the main route of infection was from animals to humans, not from person to person. “The big problem with monkeypox is that all the data we have are from central and western Africa,” says Andrew Lover, an epidemiologist and assistant professor at the University of Massachusetts Amherst School of Public Health and Health Sciences. “We just really have no idea of what monkeypox looks like in a dense urban environment.”

Add to that: There’s little past experience with the vaccine, known as Jynneos in the US, being used against this disease. It was only approved by the US Food and Drug Administration in 2019, primarily for the prevention of smallpox in case that virus—eradicated from circulation by an earlier vaccine, but retained in two labs—was ever used as a biological weapon. Jynneos underwent human safety studies but was never tested for efficacy against monkeypox in people; those estimates are based on animal work. It has never been available commercially in the US, but was instead held in the National Strategic Stockpile as a safer alternative to that older smallpox vaccine, which can cause dangerous reactions in people with damaged immune systems. It was released to health departments only on the rare occasions when an infected traveler accidentally carried the virus into the US.

As a result, “we have no estimate of vaccine efficacy, given the modes of transmission that we are dealing with, which are very different than the modes of transmission that we traditionally see,” Rimoin says.

Now, of course, Jynneos is being administered everywhere, but it’s too early to draw conclusions about how much immunity those shots are creating. The vaccination campaign has been uneven: At first, there was so much demand in big coastal cities that men lined up for hours, online appointment dashboards filled up in minutes, and to stretch supplies, clinics held back on the second doses that lock in immunity. In response, the White House proposed a dose-splitting strategy that increased availability, though at the cost of requiring a different injection technique that some health care workers were unfamiliar with. Now, clinics in cities that were swamped by the first wave, such as New York, are posting thousands of new appointments regularly and are able to give second doses.

In some areas, in fact, there may be an oversupply. “Our demand has gone down significantly,” says Philip Huang, a physician and director of the Dallas County, Texas Health and Human Services Department. “We have empty appointments every day. We’re giving second doses.”

Health departments based their appointment offerings and vaccine allocation requests on their sense of how many men who have sex with men live in their communities, so those open appointments suggest that everyone who is eligible for protection may not be receiving it. They may not know they are at risk, they may fear the stigma of stepping forward, or they may not be aware the vaccine is available because overworked health departments do not have the time or personnel to craft precise messages to hard-to-reach groups. “We are still in an active public health emergency, a pandemic response, and our health department staffs are tired,” says Lori Tremmel Freeman, CEO of the National Association of County and City Health Officials.

And in a White House briefing this morning, federal health officials acknowledged those departments are strapped for cash to create their campaigns, in some cases moving money from HIV and STD programs to pay for vaccination workers and push out education. “Our local jurisdictions have received no resources specific for monkeypox,” CDC director Rochelle Walensky said. “It speaks to the need for supplemental funds.”

From here, a few different things could happen. People could accept the vaccine and either abstain from sex and skin-to-skin contact or practice safe sex rigorously, cases continue to decline, and the virus runs out of hosts. In another, vaccination doesn’t reach everyone who needs it or isn’t efficacious enough to protect them, and people miss sex and skin contact enough to let their protective behaviors slip. Then case numbers rise again as monkeypox settles in to being a sex-adjacent infection, as common—and potentially as dangerous—as gonorrhea or syphilis can be.

There’s a third scenario, though, and some researchers eyeing the downward trend in cases worry that it might already be happening. In this one, monkeypox appears to vanish but actually sticks around. It moves into groups in which it is less detectable—women, for instance, in whom lesions might be internal and thus harder to see—or it finds a new host in animals. Overall, it percolates at low enough levels to sustain itself. And then it bursts out again.

Andrew Noymer, an epidemiologist, demographer, and associate professor at the University of California, Irvine, describes this as “hyper-low endemicity.” This happened with smallpox, he points out. Accounts from before eradication describe what looks like a seasonal pattern, but even in the low months, transmission did not actually stop. It happens with influenza, which appears to vanish during warm weather as the case burden swaps from one hemisphere to the other. But work over decades has shown that some infections do occur in summer months.

It’s possible, Noymer argues, that this could happen for monkeypox as well. “Instead of hundreds of cases a day, nationwide, there could be a handful of cases a day,” he says. “Very low levels of disease can just go unnoticed. Monkeypox could just percolate through the same networks, causing mild cases until it starts becoming less mild again.”

The problem, as almost all researchers agree right now, is that it’s too soon to tell. There is not enough history to predict monkeypox’s trajectory, and not enough data to model its behavior with precision. The immediate future becomes a gamble, in which we bet that we can improve our knowledge and containment before the virus reveals what it’s capable of.","['reason', 'falling', 'monkeypox', 'cases', 'health', 'vaccine', 'behavior', 'virus', 'men', 'vaccination', 'sex', 'researchers', 'infection', 'disease', 'departments', 'case', 'vaccines', 'transmission', 'smallpox', 'slowing', 'response', 'recent', 'public', 'protection', 'professor', 'problem', 'months', 'low', 'knowledge', 'jynneos', 'immunity', 'happen', 'epidemiologist', 'early', 'decline']"
2422163424,"theroot.com","Here Are The Lies--and the Truths--You Must Know About Monkeypox","https://www.theroot.com/whitehouse-here-are-the-lies-and-truths-you-must-know-1849535255","Just when we thought the COVID pandemic was behind us, people are beginning to worry about monkeypox as cases continue to rise across the United States.

White House COVID-19 Response Coordinator and dean of Brown University’s School of Public Health, Dr. Ashish Jha, spoke some truths at The Root Institute, regarding where we are as a country with the monkeypox virus.

Monkeypox is Not a New Virus

Although monkeypox has only been on our radar for a few months, scientists have known about it for over 60 years. And according to Dr. Jha, the virus does not spread easily. Monkeypox is spread through sexual activity, not from casual skin-to-skin contact. Scientists have not seen the virus spread through hugs, sharing food and drinks, or being in close proximity with an infected person, he said.

There Have Been Monkeypox Outbreaks in the US Before

Since scientists have been aware of the monkeypox virus, there have been other smaller outbreaks in the United States. However, this outbreak is getting more attention because cases have appeared around the world. “The virus has been largely endemic to a few countries, but it has not been endemic here,” said Dr. Jha. “The key is to get ahead of it now so that it does not start infecting larger groups of people.”

Monkeypox is Not the Next COVID

According to Dr. Jha, monkeypox is not a full-blown pandemic like COVID because it is not widespread amongst the entire population. Currently, most cases have been concentrated in a specific community. “It’s largely 95 percent plus spreading among men who have sex with men, gay and bisexual men,” he said.

There are Tools to Stop the Spread

Unlike the COVID-19 vaccine which took over a year to be created and tested, a monkeypox vaccine is already available. There are also treatments and ways to get tested for the virus. But as Dr. Jha states, it is not necessary to get the monkeypox vaccine right now if you are not a gay or bisexual man having sex with other men.

People are Using the Virus to Spread Racism and Homophobia","['truthsyou', 'liesand', 'monkeypox', 'virus', 'jha', 'dr', 'spread', 'vaccine', 'scientists', 'men', 'cases', 'united', 'tested', 'states', 'sex', 'saidthere', 'pandemic', 'outbreaks', 'largely', 'gay', 'endemic', 'covid19', 'covid', 'bisexual', 'worry', 'world', 'widespread', 'ways', 'virusmonkeypox', 'virusalthough', 'universitys', 'truths', 'treatments', 'tools', 'thought']"
2424835821,"Fortune ","Chinese health official issues monkeypox guidance: no skin-to-skin contact with any foreigner","https://fortune.com/2022/09/19/what-is-china-monkeypox-guidance-no-skin-contact-foreigners/","China reported its first case of the infectious disease on Friday in Chongqing, a municipality in the southwestern part of the country. The patient has been isolated and the risk of an outbreak is low, the local health commission said in a statement on its website.

Despite the reassurance, an official at the Chinese Center for Disease Control and Prevention suggested extreme steps to dodge the virus responsible for an onslaught of infections worldwide since an outbreak was reported in Europe in May.

“To prevent possible monkeypox infection and as part of our healthy lifestyle, it is recommended that one, you do not have direct skin-to-skin contact with foreigners,” Wu Zunyou, chief epidemiologist at the CCDC, said on his official Weibo page on Saturday.

The Chinese patient is a 29-year-old salesman who engaged in male-to-male sex when he visited Berlin in September, the CCDC said in a separate report. He then traveled to Spain before returning to China.

When asked whether the warning is official government policy, Chinese Foreign Ministry spokeswoman Mao Ning said it was “not a diplomatic issue” at a Monday news briefing in Beijing. She added: “This is an issue related to public health.”

Not Racial

Monkeypox has been diagnosed in more than 52,000 people, mainly men, in 102 countries and led to at least 18 deaths since the start of the year, according to the World Health Organization. It is generally spread via close contact, such as touching a contaminated object or one of the skin lesions that are a symptom of the disease. There’s no evidence of a racial component.

“The last thing we need is further demonization of the few foreigners left here,” said a media professional posting in a WeChat group largely made up of members from abroad, who requested anonymity because he works for a government-affiliated organization. “It seems that during these times that people have regressed to tribalism.”

China’s zero tolerance approach to Covid, including restrictions that curbed international travel, may have limited its exposure to the burgeoning global outbreak. The implication that foreigners were responsible for spreading it, however, was offensive to many.

The announcement makes everyone feel angry, said a teacher from the UK in Shandong province, who asked not to be identified discussing sensitive issues. While racism happens everywhere, in most countries people know it’s wrong and they speak out about it, the teacher said. But in China, the drumbeat that foreigners are dangerous is continuous, they said, describing it as state-sponsored racism.

AIDS Comparison

Wu cited past transmission in justifying his remarks, saying the disease spread from Europe and North America to the Western Pacific, including Australia, Singapore, Japan and Thailand. Then Hong Kong and mainland China reported infections, he said.

“The spread of AIDS was like this, and the spread of monkeypox epidemics currently reported is similar,” Wu wrote.

The blog post also warned against direct contact with the skin of people who returned from abroad within three weeks. People should also disinfect or place a disposable cover on toilet seats if using them in public or hotel washroom facilities, he said.

“It’s necessary and very important to strengthen the monitoring and prevention of monkeypox epidemic at the social level,” Wu added.

–With assistance from Low De Wei and Dan Murtaugh.","['skintoskin', 'issues', 'guidance', 'foreigner', 'monkeypox', 'contact', 'chinese', 'health', 'spread', 'reported', 'foreigners', 'disease', 'wu', 'outbreak', 'china', 'teacher', 'skin', 'responsible', 'public', 'prevention', 'patient', 'organization', 'low', 'issue', 'infections', 'including', 'europe', 'direct', 'countries', 'ccdc', 'asked', 'abroad', 'zunyou', 'wrotethe', 'wrong']"
2425542058,"Guardian","‘Out of control’: rise in STDs, including 26% syphilis spike, sparks US alarm","https://www.theguardian.com/society/2022/sep/19/sexually-transmitted-disease-rise-syphilis-us","Sharply rising cases of some sexually transmitted diseases, including a 26% rise in new syphilis infections reported last year, are prompting US health officials to call for new prevention and treatment efforts.

“It is imperative that we … work to rebuild, innovate, and expand (STD) prevention in the US,” said Leandro Mena of the US Centers for Disease Control and Prevention in a speech on Monday at a medical conference on sexually transmitted diseases.

Infections rates for some STDs, including gonorrhea and syphilis, have been rising for years. Last year the rate of syphilis cases reached its highest since 1991 and the total number of cases hit its highest since 1948. HIV cases are also on the rise, up 16% last year.

An international outbreak of monkeypox has further highlighted the nation’s worsening problem with diseases spread mostly through sex.

David Harvey, executive director of the National Coalition of STD Directors, called the situation “out of control”.

Officials are working on new approaches to the problem, such as home-test kits for some STDs that will make it easier for people to learn they are infected and to take steps to prevent spreading it to others, Mena said.

Another expert said a core part of any effort must work to increase the use of condoms.

“It’s pretty simple. More sexually transmitted infections occur when people are having more unprotected sex,” said Mike Saag, an infectious disease expert at the University of Alabama at Birmingham.

Syphilis is a bacterial disease that surfaces as genital sores but can ultimately lead to severe symptoms and death if left untreated. New syphilis infections plummeted in the US starting in the 1940s when antibiotics became widely available. They fell to their lowest ever by 1998, when fewer than 7,000 new cases were reported nationwide. The CDC was so encouraged by the progress it launched a plan to eliminate syphilis in the US.

But, by 2002, cases began rising again, largely among gay and bisexual men, and they kept going. In late 2013, CDC ended its elimination campaign in the face of limited funding and escalating cases, which that year surpassed 17,000.

By 2020, cases had reached nearly 41,700 and they rose even further last year, to more than 52,000.

The rate of cases has been rising, too, hitting about 16 per 100,000 people last year. That’s the highest in three decades.

Rates are highest in men who have sex with men, and among Black and Latinos and Native Americans. While the rate for women is lower than it is for men, officials noted that it has been rising more dramatically, up about 50% last year.

That ties to another problem: the rise in congenital syphilis, in which infected moms pass the disease on to their babies, potentially leading to death of the child or health problems such as deafness and blindness. Annual congenital syphilis cases numbered only about 300 a decade ago; they surged to nearly 2,700 last year. Of last year’s tally, 211 were stillbirths or infant deaths, Mena said.

The increases in syphilis and other STDs may have several causes, experts say. Testing and prevention efforts have been hobbled by years of inadequate funding, and spread may have gotten worse – especially during the pandemic – as a result of delayed diagnosis and treatment. Drug and alcohol use may have contributed to risky sexual behavior. Condom use has been declining.

And there may have been a surge in sexual activity as people emerged from Covid-19 lockdowns. “People are feeling liberated,” Saag said.

The arrival of monkeypox added a large additional burden. CDC recently sent a letter to state and local health departments saying that their HIV and STD resources could be used to fight the monkeypox outbreak. But some experts say the government needs to provide more funding for STD work, not divert it.

Harvey’s group and some other public health organizations are pushing a proposal for more federal funding, including at least $500m for STD clinics.

Mena, who last year became director of the CDC’s division of STD prevention, called for reducing stigma, broadening screening and treatment services, and supporting the development and accessibility of at-home testing.

“I envision one day where getting tested [for STDs] can be as simple and as affordable as doing a home pregnancy test,” he said.","['spike', 'sparks', 'control', 'alarm', '26', 'syphilis', 'stds', 'rise', 'including', 'cases', 'std', 'rising', 'prevention', 'men', 'highest', 'health', 'funding', 'disease', 'work', 'treatment', 'transmitted', 'sexually', 'rate', 'problem', 'monkeypox', 'mena', 'infections', 'cdc', 'spread', 'simple', 'sexual', 'sex', 'saidthe', 'saag', 'reported']"
2428570644,"Conversation","African newspapers can be anti-African too: what my research found","https://theconversation.com/african-newspapers-can-be-anti-african-too-what-my-research-found-190256","Following the recent outbreak of monkeypox in Europe and North America the international news media were accused of bias in their reporting. The accusation is that media outlets perpetuated negative stereotypes by, for example, portraying monkeypox as a disease that affects only African people, or people of African descent.

The accusations stem from editorial decisions to use stock images of Africans, people of African descent, or people living in Africa, when reporting an outbreak that predominantly affected countries in the global north.

The Foreign Press Association, Africa said these types of reports showed a “glaring lack of dignity afforded to black and brown-skinned victims of disease outbreaks.”

Numerous pieces of research have shown that western media misrepresent Africa when reporting on diseases, and portray the west as superior and Africa as inferior.

My findings, in a recently published paper, show that African publications can be just as guilty of this. I looked at media coverage of the 2014 Ebola outbreak as well as the COVID-19 2020 pandemic in two newspapers – the South African daily, the Sowetan and the Nigerian daily broadsheet, the Daily Trust. Both papers reported on both outbreaks.

I also reviewed literature that looked at news reports on diseases such as HIV and AIDS as well as cancer.

My research showed that the reporting misrepresented Africa, and portrayed Africans as inferior and dangerous. In doing this, they perpetuated an ideology of othering that emphasises the west as superior and Africa as inferior.

The analysis

I looked at the language used in these newspapers, as well as the volume of coverage by subject matter and by country. I considered close to 200 news reports on the 2014 Ebola outbreak and the 2020 coronavirus outbreak published by the Daily Trust and the Sowetan. They are among the most widely read and distributed in their respective countries.

I chose to focus on two 31-day periods: 1 August 2014 to 31 August 2014 for Ebola and 23 March 2020 to 23 April 2020 for the COVID-19 pandemic. These periods were chosen because they marked significant developments in the Ebola and coronavirus outbreaks. My focus was on how language and images were used.

I quantified the coverage: first in terms of continents and then on a country-by-country basis.

Figure 1 shows the number of news reports on the 2014 Ebola and 2020 coronavirus outbreaks at continental level. Figure 2 breaks this down further and shows which countries received the most coverage in the publications and period considered.

When it came to the 2020 coronavirus outbreak, three of the four most reported on countries were western countries – America, Italy and England. All had very high rates of infection and death. The fourth most mentioned country was China, where the outbreak originated.

While this could have been expected, the contrast with Africa is marked because individual countries weren’t mentioned even though the continent overall received a great deal of coverage. The conclusion is that for these publications, developments in individual African countries were not prioritised to the same degree as developments in individual western states.

Next I analysed the headlines and the body of the articles to understand how words were used. The framework I used, known as the ideological square, is rooted in a view of language-use as something that advances ideology, particularly in how it includes and esteems through references to “us” and excludes or disparages through reference to “them”.

This “us vs them” perspective is commonly known as othering or otherness.

Language that alludes to “us” is associated with favourable properties, while language that alludes to “them” is associated with negative properties.

I found examples of this in news reports on specific individuals who were infected or died due to either of these two viruses. The tendency was to emphasise the humanity and positive traits of affected western individuals while either anonymising or writing negatively about African individuals. This was particularly evident in news reports on Ebola.

Take the reporting on the first European Ebola victim as reported in The Daily Trust.

The first European infected by a strain of Ebola that has killed more than 932 people in West Africa, Spanish priest Miguel Pajares, was stable in Madrid.

The infected person is named, and the report goes as far as to tell us he is a priest, a role that carries positive connotations.

But reporting on the first Ebola victim in Nigeria used words like “importer” and “suspect”.

My research showed other differences too. For example, when it came to the coronavirus, the fact that African countries kept deaths and infections to a minimum was de-emphasised. Instead, the emphasis was on the donations western countries were making to African countries.

When it came to the economic impact of the coronavirus outbreak, the reports emphasised pessimistic forecasts on how African countries would be affected.

Finally, when it came to domestic developments in different countries, the emphasis was on what was going right in western countries and what was going wrong in African countries. An example was that there were no news reports on the public outcry against government lockdown in western nations. But there were several about African countries.

Insights

The outbreak of a disease, whether local or global, is not merely a public health matter. It is also a health communication issue, as people need information to help them respond. Established information sources, such as newspapers, become critical in shaping how the public understands and responds to the crisis.

But media sources play another role too – they frame how issues are seen. My research confirmed that the coverage perpetuated the “us versus them” ideology. The articles reflected negative self-representation of the African continent and positive other-representation of western countries in the same way as western newspapers often do.","['antiafrican', 'african', 'research', 'newspapers', 'countries', 'western', 'outbreak', 'reports', 'ebola', 'africa', 'reporting', 'coverage', 'coronavirus', '2020', 'media', 'daily', 'developments', 'west', 'showed', 'reported', 'publications', 'public', 'positive', 'perpetuated', 'negative', 'looked', 'language', 'infected', 'individuals', 'individual', 'ideology', 'disease', 'words', 'victim', 'trust']"
2429110937,"pilotonline.com","Officials express optimism that monkeypox can be eliminated in the US","https://www.pilotonline.com/nation-world/ct-aud-nw-nyt-monkeypox-virus-20220923-uor2dssivfewrk4vzdfkiyfslu-story.html#ed=rss_www.pilotonline.com/arcio/rss/","With monkeypox cases on the decline nationally, federal health officials expressed optimism on Thursday that the virus could be eliminated in the United States, though they cautioned that unless it was wiped out globally, Americans would remain at risk.

“Our goal is to eradicate; that’s what we’re working toward,” Dr. Demetre Daskalakis, the deputy coordinator of the White House monkeypox response team, said during a visit to a monkeypox vaccination clinic in Washington. He added, “The prediction is, we’re going to get very close.”

Daskalakis was joined by President Joe Biden’s health secretary, Xavier Becerra, and the response team’s coordinator, Robert J. Fenton Jr., who echoed his optimism. The visit to the clinic was intended to spotlight efforts by the District of Columbia to close the racial gap in vaccination against monkeypox — a major goal of the Biden administration.

“The president said from the very beginning, ‘Get on top of this, and then stay ahead of it,'” Becerra told reporters. “And we can’t say we really stayed ahead of it if we’re leaving certain communities behind.”

Daskalakis, an infectious disease expert who previously ran the division of HIV prevention at the Centers for Disease Control and Prevention, was brought onto the monkeypox response team by Biden last month.

On Thursday, Daskalakis did not give a timeline for ending the outbreak in the United States, saying only that he was looking into his “midterm crystal ball.” But he said he expected that, over time, cases would drop to a trickle and infections would emerge only sporadically, enabling health officials to isolate and vaccinate the close contacts of those infected — and end the outbreak in the process.

That strategy, known as ring vaccination, was used in the global campaign to stamp out smallpox, which was declared eradicated in 1980.

But there is a major difference between monkeypox and smallpox: Smallpox occurs only in humans, while monkeypox also occurs in animals. The existence of an “animal reservoir” means there will always be the risk of spread to humans, said Dr. Michael T. Osterholm, an infectious disease expert at the University of Minnesota.

“Eradication is a very sacred word in public health; to eradicate means it is gone permanently, and the only virus we have done that with so far is smallpox,” Osterholm said.

He said a better word was “elimination,” and a better comparison would be measles. “We’ve had a major measles elimination program in this country and have greatly reduced the occurrence of measles, but the challenge today remains the introduction of the virus from individuals around the world,” Osterholm said.

The first U.S. cases in the current monkeypox outbreak emerged in May. The disease, which in the United States has occurred primarily in men who have sex with men, is characterized by fever, muscle aches, chills and lesions. It is rarely fatal in wealthy countries like the United States, but it can cause excruciating pain. The current outbreak is unusually large; the last big monkeypox outbreak in the United States occurred in 2003, when 47 confirmed and probable cases were reported in six states.

In the current outbreak, the United States accounts for more than one-third of the roughly 65,000 cases reported worldwide; as of Thursday, the CDC had reported nearly 25,000 cases in the country. An average of about 200 cases per day are still being reported in the United States, though that figure is down significantly from the height of the outbreak in August.

The decline is a relief to Biden administration officials, who came under sharp criticism for their response — and especially a shortage of the vaccine — in the early days of the outbreak. Critics, including many gay rights activists, said the administration failed to move aggressively to order vaccine doses and distribute them before many gay men were infected during Pride celebrations in June.

One of those activists, James Krellenstein, a founder of PrEP4All, an advocacy group, said Daskalakis’ comments were premature. He said a shortage of federal funds to research monkeypox, and a lack of answers to basic questions, made it too soon to predict an end to the outbreak.

“This is the first time that we really have seen a large outbreak of monkeypox with sustained human-to-human transmission, and there remain many scientific unknowns,” Krellenstein said, adding in a reference to President George W. Bush, “Let’s not get into ‘mission accomplished’ landing on an aircraft carrier territory here.”

The vaccine shortage led to sharp racial disparities that the administration is now trying to address. Dr. Wafaa El-Sadr, a professor of epidemiology and medicine at Columbia University’s Mailman School of Public Health, said she shared Daskalakis’ optimism that the outbreak could be brought under control, but only with intense efforts to reach underserved populations.

“The risk,” she said, “is that you have these populations that are hard to reach, often the poor and people of racial and ethnic minorities who are less aware, have less access. They tend to sometimes fall behind, as we are seeing, in terms of vaccination.”

c.2022 The New York Times Company","['express', 'eliminated', 'monkeypox', 'optimism', 'officials', 'outbreak', 'united', 'states', 'cases', 'health', 'smallpox', 'response', 'reported', 'disease', 'daskalakis', 'virus', 'vaccine', 'vaccination', 'shortage', 'racial', 'president', 'osterholm', 'men', 'measles', 'major', 'dr', 'current', 'biden', 'administration', 'word', 'visit', 'team', 'sharp', 'risk', 'remain']"
2433900336,"NPR","White House 'cautiously optimistic' on monkeypox","https://www.npr.org/2022/09/28/1125747301/white-house-cautiously-optimistic-on-monkeypox","ARI SHAPIRO, HOST:

Here's a good news story about a disease that was spreading fast through the summer. Not COVID-19, monkeypox. A few months ago, the U.S. was reporting more than 400 cases a day on average. Infections have been dropping pretty steadily over the last few weeks and are now less than half where they were at the peak. Dr. Demetre Daskalakis is deputy coordinator for the White House National Monkeypox Response. Welcome to ALL THINGS CONSIDERED.

DEMETRE DASKALAKIS: Hi, Ari. Thank you so much for having me.

SHAPIRO: Let's take stock of where things stand at this moment. Over the last four months, the U.S. has reported more monkeypox cases than any other country - 25,000 according to the CDC. And the numbers have been dropping steadily, but we are still seeing an average of about 200 cases a day. So on a scale of worried to optimistic to running a victory lap, where are you right now?

DASKALAKIS: I am cautiously optimistic - nowhere near a victory lap. You know, infections tend to be really smart, as do outbreaks. So we're going to watch really carefully. But let's give it a 6 out of 10, right now.

SHAPIRO: Six out of 10. OK, that's good. It seems like there are at least three main factors here. There is the nature of the disease, there are individual behaviors and there's the policy response. So let's take them one at a time. First, the nature of the disease. When you compare the arc of this to COVID-19, how much of the difference is because of the way each disease is transmitted?

DASKALAKIS: I think the first thing to say is that this is definitely not COVID-19. The vast majority of transmission is occurring through close intimate contact, often related to sexual activity. Also, it started in a population of gay, bisexual, other men who have sex with men, and the majority of cases continue to be in that group. Its mechanism of transmission and also where it lives in a population is a lot different.

SHAPIRO: And how much of the decrease in cases do you attribute to behavior changes? A vaccine became available early in the summer. New data suggests it's been working pretty well. There were long lines to get access to it. Do you think high-risk populations, men who have sex with men, made choices in the last few months that changed the course of this disease?

DASKALAKIS: I not only think that they did, we have data to back it up. So looking at an MMWR that was released from the CDC in September...

SHAPIRO: Sorry, what's an MMWR?

DASKALAKIS: Sorry, it's a Morbidity and Mortality Weekly Report.

SHAPIRO: OK.

DASKALAKIS: MMWR. It's one of the ways that CDC disseminates some of their data and information. So in this report, a survey was done of about 800 men who have sex with men. And what they found was that there was a 50% reduction for several behaviors that could be associated with monkeypox. And it was in response to the monkeypox outbreak. So fewer one-time partners, less use of social networking sites or sex venues. Behavior - definitely a part of this. Biology - also a part of it.

SHAPIRO: As cases have dropped, they have not been dropping equally. A large proportion of new cases these days are detected in Black and Latino men. How do you plan to close this disparity?

DASKALAKIS: So I think it's really - our strategy has equity that has its cornerstone throughout it. I'll note that when you look at our treatment demographics, the disparity is significantly less. So individuals who've accessed TPOXX - the vast majority are Black and Latino. So really, we're focusing our equity efforts on vaccine and identifying strategies to actually improve vaccine uptake among Black and Latino individuals. Today, we also announced something that's really important, which is also expanding vaccine availability by increasing the folks who could qualify and by also getting rid of some of the risk assessments that have been hampering some people who aren't willing to say, hey, I have multiple sex partners, and I am a man who has sex with men.

SHAPIRO: So currently, in order to get the vaccine, people have to say, more or less, I have a lot of sex partners, which might not be something that everybody is comfortable saying, particularly when it comes to same-sex partners.

DASKALAKIS: Totally. And so this is, I think, an example of what sounds like a biological intervention, which is really a stigma intervention.

SHAPIRO: Some lawmakers have said that the Biden administration's response was flat-footed. This was Republican Senator Richard Burr of North Carolina at a Senate hearing earlier this month.

(SOUNDBITE OF ARCHIVED RECORDING)

RICHARD BURR: For the next one, we've got to respond a hell of a lot faster than we did for COVID, and we've got to do much better than we did on monkeypox.

SHAPIRO: What do you say to that?

DASKALAKIS: I'll tell you that this has been a story of pivots. So, you know, when we first started and we looked at the monkeypox playbook, what you do is what they call ring vaccination. So you find someone with monkeypox, find out who their contacts were and then give them vaccine. Soon thereafter, it was clear that that's not going to work in this population and wasn't going to work with the way that this outbreak of monkeypox was transmitting, which is unprecedented. And so there was a pivot.

You know, really it's about responding to the epidemiology and changing the course of the response. I always say there's no such thing as an emergency response that's fast enough. But the lessons learned from COVID here actually mattered. And we were able to move things really quickly and were able to pivot fairly nimbly, given the changes that we saw with the outbreak as we move forward.

SHAPIRO: You know, so often with COVID, we saw cases beginning to drop, and then people would take off their masks and go party and cases would climb back up again. Do you worry that something similar might happen now as people get a sense of false complacency around monkeypox?

DASKALAKIS: Yeah, so I'm absolutely worried about that, which is one of the reasons that I gave us a 6 out of 10 in terms of where we are because I think we - as we are working to increase the immune force field that we're creating with vaccination, I think the messaging is still really important to make sure that people know we're not out of the woods and that if we want to see this outbreak end, we really need to sort of use all the tools in the toolkit - behavior, testing, vaccines, all of those until we get to a point where we have really good coverage of vaccine - two shots, not one - to make sure that people are protected as best as possible.

SHAPIRO: Dr. Demetre Daskalakis is the White House National Monkeypox Response Deputy Coordinator. Thanks so much.

DASKALAKIS: Thank you, Ari.

Copyright © 2022 NPR. All rights reserved. Visit our website terms of use and permissions pages at www.npr.org for further information.

NPR transcripts are created on a rush deadline by an NPR contractor. This text may not be in its final form and may be updated or revised in the future. Accuracy and availability may vary. The authoritative record of NPR’s programming is the audio record.","['optimistic', 'house', 'cautiously', 'monkeypox', 'white', 'cases', 'vaccine', 'sex', 'response', 'men', 'outbreak', 'disease', 'things', 'population', 'partners', 'months', 'majority', 'lot', 'lets', 'latino', 'good', 'dropping', 'data', 'daskalakis', 'covid19', 'covid', 'cdc', 'black', 'behavior', 'worried', 'working', 'work', 'weve', 'victory', 'vast']"
2434516968,"Politico","Early data suggests monkeypox vaccine may be working, CDC says","https://www.politico.com/newsletters/politico-pulse/2022/09/29/early-data-suggests-monkeypox-vaccine-may-be-working-cdc-says-00059359","With Alice Miranda Ollstein and Marcia Brown

WALENSKY: CAUTIOUS OPTIMISM MONKEYPOX VACCINE WORKS — Early data analyzed by the CDC shows that unvaccinated people at risk for monkeypox were 14 times more likely to be infected than individuals who received a first dose of Jynneos’ vaccine designed to prevent smallpox, Krista reports.

“There have been limited data on how well the Jynneos vaccine performs against monkeypox in real-world conditions,” CDC Director Rochelle Walensky said during a briefing on Wednesday. “These new data provide us with a level of cautious optimism that the vaccine is working as intended.”

But the early data has limitations. While it shows that people with one vaccine dose were infected at a lower rate than unvaccinated people, it doesn’t reflect how individuals’ behavioral changes — or other factors like testing, age or underlying health conditions — might have played into that outcome.

Multiple clinical trials and studies are underway to better understand the effectiveness of various vaccine administration routes, as well as antiviral Tpoxx against monkeypox. It’s unclear whether those efforts will be impacted by Congress’ refusal so far to provide the $4.5 billion the White House says it needs to fund its monkeypox response.

Despite their new optimism about the protection one dose offers, officials emphasized on Wednesday that laboratory evidence still suggests people are best protected from the virus after a second vaccine dose and encouraged all eligible people to complete the full regimen.

“This just tells us to keep on trucking forward because we need that second dose in arms,” said Demetre Daskalakis, deputy coordinator of the White House monkeypox response.

It’s Thursday. Welcome back to Pulse — Our thoughts are with those impacted by Hurricane Ian. Send tips and feedback to [email protected], [email protected] and [email protected].

Want more Pulse? Today in our Pulse Check podcast, Ruth Reader talks with Alice Miranda Ollstein about how abortion bans can complicate your prescriptions. Plus, Ruth discusses the White House’s ambitious plan to end hunger in the country by 2030. Listen to today’s Pulse Check podcast.

In Congress

HOUSE E&C GOP PRESS CDC, NIH FOR BIOSAFETY BRIEFING — Top House Republicans asked the CDC and NIH on Wednesday to brief their staff on biosafety practices by researchers studying viruses that could pose a threat to humans and animals. The letter, addressed to Walensky and acting NIH Director Lawrence Tabak, is the latest preview of the oversight priorities for the GOP if they retake the House.

“Even if it is not connected to the origins of the pandemic, the risks are apparent and biosafety practices need to be strengthened as our oversight examines the risks and benefits of virus-hunting research to prevent pandemics,” House Energy and Commerce ranking member Cathy McMorris Rodgers (R-Wash.), health subcommittee ranking member Brett Guthrie (R-Ky.) and oversight subcommittee ranking member Morgan Griffith (R-Va.).

FIRST IN PULSE: DEMS WARN OF POTENTIAL BRAIDWOOD IMPACTS — A new report from House Education and Labor Committee Democrats released this morning highlights the potential impact of the Braidwood v. Becerra federal district court decision that could restrict insurance coverage of preventive health services like HIV prevention drugs and STD screenings.

The ruling’s impact and scope won’t be evident for weeks, if not longer, as the case winds through the courts. But the report underlines Democrats’ embrace of the ACA’s popular coverage requirements ahead of the midterm elections.

JEC: OPIOID EPIDEMIC COST U.S. ALMOST $1.5T IN 2020 — A new analysis from the Joint Economic Committee released Wednesday estimates the opioid epidemic cost the U.S. nearly $1.5 trillion in 2020, an increase of $487 billion from 2019.

“Opioid use increased during the pandemic, leading to the highest number of opioid-related deaths on record in the United States,” the new analysis states. “The data show 2020 and 2021 saw the highest numbers of fatal opioid overdoses ever reported, with 69,061 and 80,926 fatalities, respectively.”

NALOXONE TRAINING ON THE HILL — Reps. David Trone (D-Md.) and Ann McLane Kuster (D-N.H.), co-chairs of the Bipartisan Addiction and Mental Health Task Force, co-hosted a training session on the opioid antagonist, naloxone, for a few dozen congressional staffers on Wednesday, marking the end of National Recovery Month.

Trone and Kuster, citing family members’ battles with opioid addiction, spoke about the importance of making naloxone widely available at low or no cost. They also touted bipartisan mental health legislation, which contains several substance use–related measures, that the House overwhelmingly passed in June, which House members hope the Senate will take up after the midterms.

“This is the single most important thing that we can do right now to save American lives,” Rahul Gupta, director of the White House Office of National Drug Control Policy, told POLITICO on the event’s sidelines, adding it’s critical that naloxone is accessible and affordable. “Too often when you are suffering from an overdose, your ZIP code gets to define whether you live or die, and that should not be the case.”

Around the Agencies

CMS GREENLIGHTS MASSACHUSETTS, OREGON MEDICAID WAIVERS — The federal health department announced Wednesday it approved demonstration projects to “test coverage for evidenced-based nutritional assistance and medically tailored meals” in the Medicaid program, POLITICO’s Ruth Reader reports.

The programs — announced alongside a slate of other policy initiatives at a White House conference on hunger, nutrition and health — are part of the government’s effort to end hunger in the U.S. by 2030.

FDA WEIGHS UPDATING ‘HEALTHY’ LABEL FOR FOOD — The FDA unveiled a new proposed rule on Wednesday that will update the criteria for which foods can be labeled as “healthy,” Marcia reports.

The move to encourage greater consumption of vegetables, fruit and dairy is part of the FDA’s collaboration with the administration as policymakers work to implement the strategy laid out in yesterday’s White House conference. The agency also has plans to implement a new nutrition labeling system, ease access to nutrition information in online shopping and lower sodium content in the food supply.

IN THE STATES

PHARMACISTS TORN BETWEEN FEDERAL AND STATE ABORTION DRUG LAWS — Pharmacist and physician groups say that since the fall of Roe v. Wade this June, they’ve been trapped between state laws threatening prosecution if they dispense certain medications and federal warnings of legal consequences if they don’t.

So far, they’re following the states, Alice and Daniel report, and that’s leading to widespread delays in patients accessing drugs to treat everything from lupus to acne to a miscarriage.

What’s happening: Pharmacists in the roughly dozen states that have implemented abortion bans this year are taking extra steps to verify a patient’s diagnosis before filling a prescription for a drug that could be used to end a pregnancy or for another purpose. If they can’t, the patient is sometimes turned away.

The federal response: The Biden administration put out guidance in July warning pharmacists not to deny patients medications for abortion, birth control or other drugs they suspect could be used off-label to end a pregnancy — warning them that refusing to serve patients could put them in legal jeopardy and cost them their participation in Medicare, Medicaid and other federal programs.

Is it working? Depends who you ask.

The onus is on individuals to file an online report if they’ve been refused prescribed medication, and HHS declined to tell POLITICO whether they’ve received any reports and, if so, whether they investigated or took action.

While groups like the American Medical Association say the instances of patient denials would be far more rampant if the Biden guidance hadn’t been released, they acknowledge it hasn’t stopped them from proliferating.

In the Courts

HOSPITALS PRAISE 340B RULING — A federal judge ruled Wednesday that HHS must immediately cease reimbursement cuts for hospitals partaking in the 340B drug pricing program instead of waiting until 2023.

“[CMS] has the clear responsibility to restore the appropriate payments for 340B drugs immediately, and now a federal court has ordered it to do so without delay,” Maureen Testoni, CEO of trade group 340B Health, said in a statement. Wednesday’s ruling comes after a unanimous Supreme Court decision earlier this year that found the agency’s cut in reimbursement rates was unlawful.

","['working', 'suggests', 'early', 'vaccine', 'monkeypox', 'data', 'cdc', 'house', 'health', 'federal', 'white', 'pulse', 'opioid', 'end', 'dose', 'states', 'report', 'patients', 'drugs', 'drug', 'cost', 'abortion', '340b', 'theyve', 'ruth', 'released', 'reader', 'ranking', 'protected', 'politico', 'oversight', 'optimism', 'ollstein', 'nutrition', 'nih']"
2434685327,"cleveland.com","First death associated with monkeypox reported in Ohio: Weekly update","https://www.cleveland.com/news/2022/09/first-death-associated-with-monkeypox-reported-in-ohio-weekly-update.html","COLUMBUS, Ohio - An adult male has died with monkeypox, the first death associated with the virus in the state, the Ohio Department of Health announced Thursday.

The man, who was not identified, had other health conditions in addition to monkeypox, Ohio Department of Health spokesman Ken Gordon said.

In all, Ohio has had 276 confirmed monkeypox cases since the pandemic began in the state, around May 29. Ohio added 17 new cases this week.

Cuyahoga County continues to lead the state in monkeypox infections, with 140 total. Franklin County has the second most, with 44 cases, and Summit County is third, with 16.

Twenty-eight people, or just over 10% of the total number of people who have been sick with monkeypox, have been hospitalized.

Infections with the type of monkeypox spreading in the recent national outbreak are rarely fatal, Gordon said.

Most people with monkeypox recover fully within two to four weeks without the need for medical treatment, but people with weakened immune systems may be more likely to get seriously ill or die, he said.

“When we look globally, there have been deaths among people who have monkeypox. The vast majority have had comorbidities with severely weakened immune systems,” said Ohio Department of Health Director Dr. Bruce Vanderhoff in a prepared statement. “If you are at high risk for monkeypox, please follow the proper prevention measures and get vaccinated to protect yourself and your community. These measures are crucial to follow If you have comorbidities and/or a weakened immune system.”

In Ohio, 95.3% of the cases have occurred in men.

Monkeypox is spreading currently among men who are intimate or have sex with men. However, the Department of Health has cautioned that it will spread to all populations, and people need to take precautions to not get sick.

The illness is spread by close, personal, often skin-to-skin contact with someone who has monkeypox.

Monkeypox causes a rash that looks like acne or blisters. The rash will change and turn to scabs before healing. Some people also report getting flu-like symptoms, such as fever, headache, muscle aches, sore throat, cough, swollen lymph nodes, chills or exhaustion.","['weekly', 'update', 'reported', 'death', 'monkeypox', 'ohio', 'health', 'department', 'cases', 'weakened', 'state', 'immune', 'county', 'total', 'systems', 'spreading', 'spread', 'rash', 'men', 'measures', 'gordon', 'follow', 'comorbidities', 'weeks', 'weekcuyahoga', 'virus', 'vast', 'vanderhoff', 'vaccinated', 'type', 'turn', 'treatment', 'thursdaythe', 'throat', 'systemin']"
2435225044,"rttnews","Monkeypox Daily Cases Continue To Decline In US","https://www.rttnews.com/story.aspx?Id=3314586","White House Monkeypox Response Team says the number of reported daily cases in the United States continue to decline week over week nationally.

At a news conference, top administration officials provided latest updates on the current monkeypox outbreak and new preliminary data on how the JYNNEOS vaccine is performing against the disease.

Bob Fenton, the White House Monkeypox Response Coordinator, said, ""We continue making strong progress in our fight against the current monkeypox outbreak.""

""This progress is a result of our comprehensive effort to get shots into arms, bring vaccines directly to the impacted, and work closely with community groups and departments to help reduce risk behaviors.""

Cases are down and there is promising, real-world data on the effectiveness of vaccines, according to CDC director Dr. Rochelle Walensky.

As of September 27, more than 66,500 cases have been detected in 106 countries. In the United States, there have been more than 25,300 cases of monkeypox identified across all 50 states, the District of Columbia, and Puerto Rico.

Dr.Walensky said preliminary data from 32 states show that between July and September, those who were eligible and did not receive the monkeypox vaccine were about 14 times more likely to become infected than those who received the vaccine. For those vaccinated, protection was seen as early as two weeks after their first vaccine dose.

""New data provide us with a level of cautious optimism that the JYNNEOS vaccine performs against monkeypox as intended,"" she added.

The CDC chief strongly recommended that people receive two doses of JYNNEOS vaccine, spaced out 28 days apart, to ensure durable, lasting immune protection against monkeypox.

CDC has expanded the eligibility for vaccination by moving to pre-exposure prophylaxis, or ""PrEP.""

""By expanding eligibility and shifting to a PrEP strategy across the country, we are looking to ensure those who are at the highest risk for monkeypox receive the vaccine before exposure,"" Dr.Walensky told reporters.

For comments and feedback contact: editorial@rttnews.com","['decline', 'daily', 'monkeypox', 'cases', 'continue', 'vaccine', 'states', 'data', 'receive', 'jynneos', 'white', 'week', 'vaccines', 'united', 'risk', 'response', 'protection', 'progress', 'preliminary', 'house', 'ensure', 'eligibility', 'current', 'cdc', 'work', 'weeks', 'walenskyas', 'vaccination', 'vaccinated', 'updates', 'told', 'times', 'team', 'strongly', 'strong']"
2437984245,"HonululuAdvertiser","Hawaii reports 2 new monkeypox cases as tally grows to 39","https://www.staradvertiser.com/2022/10/03/breaking-news/hawaii-reports-2-new-monkeypox-cases-as-tally-grows-to-39/","The count of monkeypox cases in Hawaii is now 39, with the addition of two new cases reported, according to the state Department of Health.

It appears that the two additional cases were identified — one on Oahu and one on Hawaii island, based on DOH’s tally since the state’s first reported case in June.

That tally now includes 27 for Oahu, four for Hawaii island, three for Kauai County and two for Maui County. Three cases were identified in out-of-state residents.

The new cases are now reported on DOH’s dashboard online and listed by the county of diagnosis.

In the U.S., total monkeypox and orthopoxvirus cases were reported to be more than 26,000 today, with two deaths, according to the Centers for Disease Control and Prevention.

One of the deaths occurred on Sept. 12 in a Los Angeles County resident who was severely immunocompromised and had been hospitalized, according to the Los Angeles Department of Public Health.

Monkeypox has now been reported in all 50 states, the District of Columbia and Puerto Rico. The weekly average of new cases reported per day in the U.S., however, has trended down, from above 400 in early August to under 200 in late September, according to CDC’s U.S. case trends.

The symptoms of monkeypox include a severe rash, fever, headache, muscle aches, and swollen lymph nodes, along with exhaustion.

Those who contract monkeypox may experience all or only a few symptoms, with some only getting a rash, which may be located on or near the genitals or anus, or the hands, feet, chest, face, or mouth. The illness typically lasts two to four weeks.

CDC says monkeypox is spread through close, personal, often skin-to-skin contact including direct contact with rashes or the bedding or towels used by someone with monkeypox. Monkeypox can also be spread by respiratory secretions during prolonged, face-to-face contact.

Hawaii is offering the Jynneos vaccine for monkeypox — a two-dose series administered at least 28 days apart — to eligible residents statewide. More than 3,600 doses have been administered in Hawaii, so far, including more than 1,000-second doses. Appointments for second doses are encouraged.

Vaccination eligibility includes:

>> Those who have had close contact in the last 14 days with a person with known or suspected monkeypox infection;

>> Those who are gay, bisexual, and other men who have sex with men and transgender individuals who have multiple or casual sex partners (such as through dating apps).

>> Workers in certain occupational groups that conduct diagnostic testing or directly handle cultures with orthopoxviruses.

Vaccination sites are primarily offering intradermal vaccination to those 18 and older, which is administered into the outer layers of the skin, similar to a TB test, DOH said, which allows up to five doses per vial.

DOH says this federally approved technique provides the same, high level of protection from the monkeypox virus while allowing more people in Hawaii to be protected.

To make an appointment for the Jynneos vaccines, call DOH’s hotline at 808-586-4462 or visit health.hawaii.gov/docd/mpxvax. Parental consent is required for those under 18.

Other providers of the Jynneos vaccines include:

OAHU

>> Waianae Coast Comprehensive Health Center (Waianae and Kapolei) 808-427-0442

>> Hawaii Health & Harm Reduction Center (Honolulu) 808-521-2437

>> Kaiser Permanente on Oahu (Mapunapuna) 808-432-2000, prompt 1

MAUI

>> Malama I Ke Ola (Wailuku) 808-871-7772

KAUAI

>> Malama Pono Health Services 808-246-9577

HAWAII ISLAND

>> Hamakua-Kohala Health (Honokaa) 808-930-2751

>> Kumukahi Health + Wellness (Hilo and Kona) 808-731-3743

","['reports', 'grows', '39', 'monkeypox', 'cases', 'hawaii', 'tally', 'reported', 'health', 'doses', 'county', 'oahu', 'jynneos', 'island', 'dohs', 'contact', 'administered', 'web', 'waianae', 'vaccines', 'symptoms', 'states', 'spread', 'sex', 'rash', 'offering', 'men', 'malama', 'los', 'including', 'includes', 'identified', 'department', 'deaths', 'days']"
2438723562,"Hoy Chicago","As Chicago monkeypox cases drop, experts call for continued vigilance","https://www.chicagotribune.com/news/ct-chicago-monkeypox-fight-continues-20221004-5clr427pavawhasusic4e3mhgm-story.html#ed=rss_www.chicagotribune.com/arcio/rss/category/news/","John J. Kim / Chicago Tribune

Dr. Maya Green, chief medical officer for Howard Brown Health, left, gives a consultation to Bertrand Briere prior to his receiving a smallpox/monkeypox vaccine at the Cell Block Chicago club on Aug. 6, 2022.

Antonio Perez / Chicago Tribune

Dr. Maurice Brownlee administers a monkeypox vaccine to patient Joey Kiening, 41, at Northstar Medical Center in Chicago on July 18, 2022.

Antonio Perez / Chicago Tribune

Medical assistant Celina Sanchez administers a monkeypox vaccine to patient Adam Brooks, 32, at Northstar Medical Center in Chicago on July 18, 2022.

Armando L. Sanchez / Chicago Tribune

Letty Arreola gives Cory Hawkins, 35, a monkeypox vaccination at the Silver Room Block Party near Burnham Park on July 17, 2022, in Chicago.

John J. Kim / Chicago Tribune

Doses of smallpox/monkeypox vaccines are ready for measuring and administering at the Cell Block Chicago club on Aug. 6, 2022.

John J. Kim / Chicago Tribune

Tyrone Landingham, right, of Howard Brown Health, administers a smallpox/monkeypox vaccine to a woman, name not given, at the Cell Block Chicago club on Aug. 6, 2022.

John J. Kim / Chicago Tribune

Lauren McBlaine receives a smallpox/monkeypox vaccine from nurse practitioner Zyra Gordon-Smith, of Howard Brown Health, at the Cell Block Chicago club on Aug. 6, 2022.

Antonio Perez / Chicago Tribune

Vials of smallpox and monkeypox vaccine, at Northstar Medical Center in Chicago on July 18, 2022.

John J. Kim / Chicago Tribune

A worker displays a vial of smallpox/monkeypox vaccine at the Cell Block Chicago club on Aug. 6, 2022.

Armando L. Sanchez / Chicago Tribune

Letty Arreola prepares a monkeypox vaccine at the Silver Room Block Party on July 17, 2022, in Chicago.

Antonio Perez / Chicago Tribune

Dr. Maurice Brownlee, right, gives a fist-bump after administering a monkeypox vaccine to patient Jason Hendrix at Northstar Medical Center in Chicago on July 18, 2022.

John J. Kim / Chicago Tribune

Chris Algera, left, and Bertrand Briere are the first two people waiting to receive smallpox/monkeypox vaccines at the Cell Block Chicago club office space on Aug. 6, 2022.

Antonio Perez / Chicago Tribune

Dr. Maurice Brownlee administers a monkeypox vaccine to patient Jason Hendrix at Northstar Medical Center in Chicago on July 18, 2022.

John J. Kim / Chicago Tribune

Lauren McBlaine receives a smallpox/monkeypox vaccine from nurse practitioner Zyra Gordon-Smith, of Howard Brown Health, at the Cell Block Chicago club on Aug. 6, 2022.

John J. Kim / Chicago Tribune

Dozens of people wait in line to receive monkeypox vaccines at the Cell Block Chicago on Aug. 6, 2022.

The quick summer spread of the once rare monkeypox virus jolted Chicago health officials and community leaders into action. Fortunately, the illness’s case counts that rose fast have now fallen fast.

But even as the city’s weekly positive cases drop to numbers not seen since June, the officials responding to monkeypox agree: The virus’s spread isn’t over yet.

“We have to maintain vigilance,” said Dr. Sharon Welbel, Cook County Health’s director of hospital epidemiology and infection control and prevention.

The Chicago Public Health Department reported just 23 cases last week, down from a peak of 142 cases in the last week of July. Chicago’s encouraging numbers match national trends, Welbel said.

She credits the drop-off to the now-wide availability of an effective vaccine. Unvaccinated at-risk people are 14 times more likely to contract the virus than vaccinated people, according to a recent report shared by the CDC.

Behavioral changes among men who have sex with men — who continue to make up most of the local and national cases — have been another essential positive force, she said.

“The strength really comes from within,” she said.

But Welbel’s calendar still remains full of monkeypox-related calls. Even as numbers go down, she said, “the fight isn’t over.”

The decline in cases is a testament to people becoming more careful in their sexual behavior, said Massimo Pacilli, CDPH’s deputy commissioner of disease control. The virus spreads through close physical contact, and while it isn’t just transmitted through sex, sexual transmission has played an important role in its spread, he said.

An increase in vaccine stock has been another important factor in fighting monkeypox, also referred to as MPV.

“Having more vaccine and giving it where it could do the most good early was critical,” Pacilli said.

And yet, despite the encouragement, he thinks that the opportunity to “really control the outbreak” with the new lower transmission levels could be lost without more action.

“I do worry that as cases may be decreasing, there might be this false sense of being overly reassured,” Pacilli said. “I think MPV is really in our communities for some time to come.”

A priority now is vaccinating Black and Latino at-risk men, Pacilli said. The two groups make up a disproportionately high share of monkeypox cases and a disproportionately low share of vaccinations.

Black people make up 28% of cases, but only 13% of those who have gotten their first dose of the vaccine, CDPH data shows. Latino people account for 30% of cases, and only 18% of vaccinations.

The city continues to partner with community-based organizations to do vaccination and education work targeted toward Black and Latino people, Pacilli said.

The drops in case counts aren’t the complete story, said Christopher Balthazar, executive director of TaskForce Prevention and Community Services. The organization works with LGBTQ youth of color and has gotten more than 1,000 people their first doses, he said.

“There are still a lot of folks in our community who are not vaccinated, and they are vulnerable,” Balthazar said.

TaskForce has hosted weekly vaccination clinics throughout the virus’s spread, supported in part by the CDPH. Collaboration with the city, state and local hospitals has been a “tremendous success,” Balthazar said.

However, funding TaskForce’s monkeypox education and vaccination work remains a challenge, he added. The grants that pay for much of the organization’s projects have limited scopes that don’t allow use for monkeypox-focused efforts, so the response to the urgent, spreading virus has gone largely unfunded.

The vaccine was once scarce and offered in extremely limited availability. Access dramatically expanded as federal and local authorities secured more doses and launched a new injection method that allowed for five times as many shots to be given per vial.

As official guidance changed, fighting misinformation and confusion among already skeptical communities took hard work, Balthazar said. Funding is slowly becoming available now, but it’s been the biggest barrier so far.

“It slows down the response and the force of the response,” he said.

The Puerto Rican Cultural Center is hosting clinics that offer the monkeypox shot among a host of other vaccinations. The effort allows for people who might otherwise face hatred for being gay a discrete way to get protection from the virus, said public health initiatives director Ricardo Jiménez.

“When you go in there, nobody knows what you’re going to get,” Jiménez said.

The Cultural Center’s clinics are set up in busy areas in different communities. Organizers play music outside to bring in people and pass out information.

“That normalizes things. They say, ‘Oh, yeah, that’s the vaccine.’ They get used to it,” he said.

Nearly 80 people got vaccinated at one mid-August clinic, Jiménez said. Numbers at the clinics have dropped, but efforts to reach out to the still disproportionately infected Latino community must continue, he added.

“I don’t think this is over,” Jiménez said. “I don’t think we’re stabilized yet when you still have a certain population outnumber the others.”

He continues to meet with CDPH health officials and talks about monkeypox every Friday.

Eradicating monkeypox would require mass vaccination, said Dr. Daniel Berger, medical director at Northstar Healthcare Medical Center. That means vaccinating more Black and Latino people and those who have spurned the vaccine.

Berger’s LGBT-focused clinic receives patients from across Chicago because the clinic offers TPOXX, an antiviral being experimentally used to treat severe monkeypox cases. In recent weeks, the number of monkeypox patients coming in has waned.

“There are a little bit of outcroppings, sprinkles,” he said.

Berger credits the drop in cases to messaging that prompted initially slow to react health authorities to act faster. He hopes the new numbers mean the virus “will be over soon.”

That remains the focus of many fighting monkeypox, Cook County’s Welbel said.

“We need to reach out to people who we know are being disproportionately affected by this,” she said.

“The goal, of course, is to eradicate the outbreak.”

jsheridan@chicagotribune.com

Twitter @jakesheridan_","['vigilance', 'experts', 'drop', 'continued', 'chicago', 'monkeypox', 'cases', 'vaccine', 'block', 'health', 'medical', 'kim', 'j', 'cell', 'aug', 'smallpoxmonkeypox', 'club', 'center', 'virus', 'northstar', '2022john', '18', 'vaccination', 'saidthe', 'perez', 'pacilli', 'numbers', 'latino', 'tribunedr', 'spread', 'patient', 'howard', 'disproportionately', 'director', 'community']"
2440332627,"Washington Post","Monkeypox’s toll: Stories of agony, isolation and government incompetence","https://www.washingtonpost.com/health/2022/10/06/monkeypox-symptoms-testing-treatment/?utm_source=rss&utm_medium=referral&utm_campaign=wp_health","Nearly five months after a Massachusetts hospital detected the first U.S. monkeypox case, more than 26,000 Americans have been infected, the most in domestic and global history. No other country even comes close.

The outbreak has overwhelmingly affected men who have sex with men, upending gay life as people paused their sex lives and those who contracted the virus remained isolated for weeks, sometimes battling excruciating pain from lesions as they went to the bathroom. Monkeypox brought back painful memories of the HIV/AIDS epidemic that also disproportionately affected gay men.



The virus is rarely deadly and only a few fatalities have been reported in the United States. But TikTok and Instagram are flush with firsthand accounts of agony and loneliness.

The outbreak appears to be slowing, with the weekly case count declining, but experts worry the virus will remain an ever-present threat, especially among sexually active gay men.

Here are the stories of five men who contracted monkeypox, as told to reporter Fenit Nirappil.

Fighting to be tested: Joshua Wright, 31, New York City

I started freaking out after I saw the photos on the CDC website showing monkeypox lesions.

They looked just like the scab on my groin.

I frantically googled, “What is monkeypox?” and “How does monkeypox show up?” The headaches, the fatigue, the night sweats I thought were just exhaustion from Pride weekend — they were all warnings.

But getting a test was a nightmare.

I went to the urgent care clinic CityMD the next morning. The doctor told me they were only testing if you had two or more lesions. But she suspected it was monkeypox, took a swab anyway and told me she would follow up. She didn’t.

So I called the city’s department of health. They said go to an ER. And the one at Mount Sinai told me it was probably an ingrown hair, that they barely had any tests and couldn’t waste any.

I spent the Fourth of July weekend uneasy. One doctor thought it was monkeypox. Three didn’t.



Then on July 4, more pimplelike spots popped up around my body. Finally, the doctors at the ER agreed to test me.

The doctor who was leading the ER told me it was like the early days of covid all over again: Tests are hard to come by. People aren’t getting tested. We aren’t containing this.

The next day, I found out I was positive.

I ended up getting a $5,500 bill for both emergency room visits. Luckily I met my deductible, and my insurance covered most of it.

But it made me wonder: What’s the incentive for getting a test? It can be expensive. If you’re positive, you have to isolate for up to four weeks, maybe longer. I missed a booze cruise and seeing Hadestown on Broadway with the summer associates at my law firm. I had to skip two weeks in Fire Island with friends.

And I had to fight to even get a test.

Should I still be worried about monkeypox?

Struggling to treat lesions: Brian Thomas, 33, Baltimore

I could put the pieces together. What looked like two ingrown hairs on my butt were getting worse, and I felt like I had the flu. I already saw another health creator on TikTok talk about getting monkeypox.

Fortunately, my primary care doctor is an infectious diseases specialist at Johns Hopkins because I’m a person living with HIV. And I’m a travel nurse, so I know how to advocate for myself.

After I sent pictures of my lesions, I went to the back entrance of the clinic where Johns Hopkins staff in paper gowns and goggles ushered me inside, away from the lobby, to get tested. I got results back within 24 hours.

But even the great doctors at one of the best infectious diseases hospitals had no idea what to do with me now that I was positive. They had no suggestions other than keep the lesions covered, don’t itch them and isolate from others.

It was excruciating going to the bathroom. It felt like I had a vise on my colon for seven days. Imagine feeling like you have to go constantly but you can’t go.



Because I’m a nurse, I knew I could relieve the cramps with Ibuprofen, Tylenol and a heating pad.

I didn’t know anyone else going through monkeypox so I documented my experiences on Instagram and TikTok. One after another, guys were messaging me telling me about their butt lesions and having no idea what to do.

All I could do is tell them what helped me. Because we sure as hell weren’t getting guidance.

Monkeypox cases are down, but concern over intradermal vaccine lingers

Getting antivirals by luck: Gerald Febles, 25, New York City

By the time the city told me I had monkeypox, it was already too late. Lesions had spread all over my body, and I found help on my own.

It was my co-worker who told me Lenox Hill emergency room was doing testing.

I started posting TikToks about my experience because I had a hard time finding resources and wanted to help others.

Locals reporters interviewed me after seeing my TikToks. A man who saw a segment on the local NBC station reached out to me and told me his doctor might be running a trial at Columbia University testing an antiviral drug for monkeypox.

He connected me to his doctor and literally that same day, I got the TPoxx pills.

It was miraculous.



24 hours later, the pain and itching subsided.

Within three days, the lesions stopped growing.

By Day 5, they started to crust over.

And they were gone within a week and a half.

I was going back to Columbia University every week to do blood and urine tests until I got cleared.

But the most frustrating part of this whole ordeal is I waited 10 days for my test results. I was already in treatment by the time they arrived. No one from the city called and told me I could get pills.

How do you excuse that? When I had covid in 2020, they kept calling me to make sure I was staying home and offered free meals and help paying rent.

Now you have a new virus primarily affecting homosexual and bisexual men, and there’s no time and resources for us?

Inside a city’s struggle to vaccinate gay Black men for monkeypox

Forced apart from daughters: Kayden Coleman, 36, Houston

I somehow dodged covid all these years. But I thought, watch monkeypox be the thing that gets me.

I only have custody of my 8-year-old daughter, Azaelia, during the summer, when I have to cram in a year’s worth of in-person parenting time.

She gets to play with her 2-year-old sister, Jurnee, who lives with me. We were going to go to amusement parks and have spa days. I’ve chronicled my parenthood journey on social media since I went public with my story of giving birth as a transgender man.

My fears came true when I noticed bumps and swollen lymph nodes near my groin. I tested positive on August 7.

I asked the person who called from the doctor’s office what I should do to protect my daughters, and she literally had no answers. Like none. The health department couldn’t really tell me what to do either.

I don’t get it. Why isn’t there more urgency to protect kids? Everything I read says symptoms are worse for them. As kids, they weren’t eligible for vaccines either.

I dropped off Jurnee to stay with her other dad who lives just five minutes away. But I had to avoid sitting on the same couch as Azaelia, or even being in the same room. I walked around spraying a bottle of Lysol everywhere.

I told her I had monkeypox, and she probably saw my TikToks about it because she’s always on TikTok. But kids don’t really understand, you know?

I had to get really stern because she kept forgetting. There were times I said, “Listen, you have to stay out of my room.”

I told her to keep checking her body for any bumps. Once she took a nap in the middle of the day and told me she was tired, and internally, I’m freaking out. But I can’t tell her.



The scabs finally fell off, and a fresh layer of skin healed over them two weeks after I tested positive. That’s when I could stop isolating. The first thing Azaelia asked for was a hug.

We missed out on Six Flags and the private hip-hop dance lessons I had arranged for her.

But at least I got to take her to Urban Air to jump on trampolines with her sister, and we got manis before I took her back to her other dad’s place in New Jersey.

Struggle to protect gay, bisexual men from monkeypox exposes inequities

Economic toll of monkeypox: Andrew Thomas, 30, Los Angeles

America being how it is, I had to decide whether it was financially worth it to go to a hospital when I woke up in the middle of the night with a 105-degree fever, and a pain in my rear end so intense I couldn’t sit upright.

Taking an ambulance was absolutely out of the question. So I just drove myself at 4 a.m. and tried to lean over to the side.

I have insurance, but co-pays and medications not covered left with me with almost $2,000 in out-of-pocket expenses. I was the one who had to educate doctors about monkeypox even though California declared monkeypox an emergency.



I ran out of paid time off at my film post-production job because I was exposed to covid so many times and had to isolate. I asked if I could work from home, but my bosses wouldn’t let me. Nor would they provide other accommodations or give me any more paid leave. While I was out, they stopped chipping in the $300 they had been giving me every month for my insurance. It’s a small office, and I didn’t feel comfortable going back and having co-workers ask why I’m screaming on the toilet or why I was gone.

I asked the nurse from the county health department if the county could offer any financial assistance. Nope.

And we’re expected to stay home for weeks?

I don’t consider myself poor; I make decent money. But I’m trying to pay off credit card debt, and the interest rates are going up. Everything is more expensive.

I qualified for temporary disability to get $690 a week. But in a city like Los Angeles, that’s not enough.

I can barely pay rent. I haven’t been able to give my parents any money, and my father has Alzheimer’s.

My lesions are healed, but now I’m seeing a colorectal surgeon to deal with the damage left by monkeypox. I worry that my health insurance is going to say that’s not medically necessary. There’s a lot of pressure in the gay community to be attractive, and this virus has left me more self-conscious.



I just can’t believe all these guys on TikTok who are saying, “Oh, monkeypox is not that big of a deal because it won’t kill you.” This pain is agonizing; I passed out twice.

Yeah, you might not die from it. But your life can be ruined unless you’re rich.","['toll', 'monkeypoxs', 'isolation', 'incompetence', 'agony', 'monkeypox', 'told', 'lesions', 'im', 'men', 'gay', 'doctor', 'virus', 'tiktok', 'tested', 'health', 'days', 'weeks', 'test', 'positive', 'pain', 'insurance', 'dont', 'doctors', 'day', 'covid', 'asked', 'week', 'tiktoks', 'thought', 'tests', 'stay', 'started', 'room', 'protect']"
2443341657,"Daily Dot ","‘That’s a lawsuit for discrimination’: Five Below manager calls cops on customer after mistaking her skin condition for monkeypox","https://www.dailydot.com/irl/five-below-manager-customer-monkeypox/","Following the global panic surrounding government-mandated stay-at-home and social distancing orders in response to COVID-19, another contagious disease started popping up in headlines and on social media posts: monkeypox.

While scientists have known about the virus for decades and it hasn’t reached anywhere near the same levels of transmission as COVID-19 has, several harrowing images of its symptoms have reached millions of folks online, getting people seriously worried. This worry has unfortunately translated into serious misunderstandings and unfortunate social scenarios for those with skin conditions like eczema that are not contagious and have nothing to do with monkeypox or any other pox-like illness.

Now, a TikToker by the name of Seema (@seemasamkaran) is going viral after uploading footage of a verbal altercation they had with a manager at a Five Below retail location who purportedly refused to check out her items. The reason? Seema says the manager told her that she has “monkeypox and [she] need[s] to leave the building.” Seema indicates in a caption for one of the clips she uploaded about the incident that her keloid scars were confused by the manager as monkeypox.

@seemasamkaran @Five Below ♬ original sound – Seema

In the now-viral TikTok, Seema follows the manager, Tonya Potter, around the store, who tells the TikToker while she’s being recorded that she was mistaken and apologized for her error. The Five Below employee appears frustrated that the woman keeps following her around the store and recording her, even talking to another Five Below worker and expressing again that she said sorry for mistakenly thinking Seema had monkeypox.

Potter informs her co-worker that “she’s not cashing [Seema] out” despite what seems like the other Five Below employee attempting to simply let Seema purchase an item. The manager calls other customers to go ahead in line in front of Seema as her co-worker apologizes to Seema, stating that she “has to follow” the manager’s directives as the woman is the “shift leader” at that time.

As this is going on Potter attempts to call someone else, presumably her workplace superior to inform them of the situation, but no one is answering at that time.

In a follow-up video, Potter finally gets someone on the phone and explains the situation again, saying that because she thought Seema had monkeypox she had asked her to leave the store. When she realized she was wrong she apologized but says that Seema began “cussing” at her. Potter wanted to refuse her service because of her swearing.

@seemasamkaran part 2 @Five Below ♬ original sound – Seema

The woman on the other end of the phone call is on speakerphone and can be heard saying that Potter should call Mall Security or the local police department if she continues to refuse to leave or “is threatening” Potter. The manager thanks the woman on the other line and then proceeds to take out another phone to begin placing a call to the local police department and relays to them the situation again. When the officer on the other line begins to ask for a description of Seema, Potter describes her clothing and describes Seema as “Guyanese.”

Seema says that she isn’t Guyanese, to which Potter replies, “Yeah you are,” before giving more physical descriptions of the woman, calling her keloid scars “burns on her face.” She then adds, “she’s either Guyanese or Indian.” When Potter tells the officer on the phone that she told Seema she was “sorry” Seema said that this is untrue, that all the manager said was that she had monkeypox and she had to leave the store.

After that, Potter began looking up the phone number for mall security.

In a third video, Potter is recorded placing a call to mall security as her co-worker continues to cash out other customers ahead of her. She also showed off the keloid scars on her face, two of which were situated on the lower parts of her right and left jawline.

@seemasamkaran @Five Below ♬ original sound – Seema

TikTokers expressed their outrage over the incident, stating that Potter was in the wrong for blatantly assuming the woman had monkeypox, saying that if she was honestly concerned that a customer could have the skin condition then she could have handled it in a more mature fashion, maybe front-loading the ask in a politic way or inquiring into the nature of what the scars are. Others said that before assuming the keloid scars were monkeypox, she should’ve educated herself by searching up what monkeypox looks like in the first place, but the majority of folks believe she was just being ignorant or using her position of authority to bully and harass a customer.

Seema revealed in an update that she was contacted by a Five Below district manager who says that they not only saw her videos, but clips from other customers and people in the store pertaining to the situation. As a result, Potter was allegedly fired.

@seemasamkaran Replying to @laura_munoz81 update on five below #keloidwarrior #love #strong ♬ original sound – Seema

There have been instances of businesses “warning” their employees about monkeypox, telling them to keep an eye out for the disease, mainly airlines. There have even been flight attendants who claim to have caught the virus from passengers aboard their flights. As of this publishing, there are currently 26,577 confirmed cases of monkeypox in the United States.

The Daily Dot has reached out to Five Below via email and Seema via TikTok comment for more information.","['mistaking', 'lawsuit', 'discrimination', 'customer', 'cops', 'condition', 'calls', 'monkeypox', 'manager', 'skin', 'seema', 'potter', 'woman', 'scars', 'phone', 'store', 'sound', 'situation', 'original', 'leave', 'keloid', 'social', 'shes', 'reached', 'mall', 'line', 'customers', 'coworker', 'wrong', 'virus', 'video', 'update', 'told', 'tiktoker', 'tiktok']"
2447086068,"media.oregonlive.com","Health officials urge Oregonians to get new booster ahead of fall COVID surge","https://www.oregonlive.com/coronavirus/2022/10/health-officials-urge-oregonians-to-get-new-booster-ahead-of-fall-covid-surge.html","State health officials on Thursday urged Oregonians to get a shot of the new ‘bivalent’ coronavirus vaccine booster ahead of an expected wave of infections this fall and winter.

While the forecasted surge of cases and hospitalizations is unlikely to put as severe a strain on the state’s hospital system as past waves, the risk of infection, severe illness and death still exist. About 600 hospital beds could be occupied at the peak of the surge, which Oregon Health & Science University predicts will occur in December. The university is expected to publish an updated forecast this week.

Health officials say the new surge will be driven by waning immunity from past vaccinations and infections, and people gathering indoors as cold weather sets in. To help prepare for the increase in cases and hospitalizations, Oregon Health Authority epidemiologist Dr. Dean Sidelinger spoke at a news conference Thursday to ask people to get a shot of the new bivalent booster.

The booster is designed to target some of the newer and particularly infectious strains of the coronavirus. As of Thursday, it is approved for everyone in Oregon five and older, provided it’s been two months since they completed a full course of shots or since they got their last booster.

The booster was approved for those 12 and older in September. Since then, about 260,000 Oregonians have gotten a shot. About 2.6 million others are eligible but haven’t gotten one, state data show.

“I appreciate the uptick we’ve seen,” Sidelinger said of the quarter-million who have gotten boosted. “I wish it was higher.”

Sidelinger presented some good news regarding Oregon’s other virus outbreak — monkeypox. Spread of disease has slowed, he said, thanks in large part to decisions by those most susceptible to infection, including getting vaccinated against the virus.

As of Wednesday, Oregon has identified 230 monkeypox infections, including two among children.","['urge', 'fall', 'covid', 'ahead', 'surge', 'health', 'booster', 'oregonians', 'officials', 'oregon', 'shot', 'infections', 'university', 'state', 'sidelinger', 'severe', 'past', 'older', 'monkeypox', 'infection', 'including', 'hospitalizations', 'hospital', 'expected', 'coronavirus', 'cases', 'boosterthe', 'bivalent', 'approved', 'winterwhile', 'weve', 'weekhealth', 'weather', 'waves', 'wave']"
2449954374,"NPR","Monkeypox cases in the U.S. are way down — can the virus be eliminated?","https://www.npr.org/sections/health-shots/2022/10/17/1129234501/monkeypox-cases-in-the-u-s-are-way-down-can-the-virus-be-eliminated","Monkeypox cases in the U.S. are way down — can the virus be eliminated?

Just a few months ago, it looked like the U.S. had lost its chance to eliminate the spread of monkeypox – that is, stamp out the outbreak and get cases down to zero, except for new infections that come from abroad.

Experts worried it was just a matter of time before the virus started spreading more widely in the U.S., especially in settings like daycare centers and college dorms.

Now it's clear those concerns did not materialize. Some infectious disease experts are even raising the idea that the U.S. could eliminate the virus.

Monkeypox cases have declined since a peak in early August – from 440 cases a day, down to 60 – and they're the lowest they've been since June. The virus has continued to circulate almost entirely within gay and queer sexual networks. And vaccine supply is plentiful, even outstripping the current demand.

""Where we are now is the best case scenario, in terms of what can happen when you actually commit the tools you have to fight an outbreak,"" says Dr. Boghuma Titanji, an infectious disease specialist at Emory University.

So what changed the trajectory?

Health experts attribute the success to changes in behavior among those at high risk for monkeypox and quick uptake of vaccines. But a growing body of evidence suggests another factor is also helping slow down the outbreak: the virus can spread only under very particular circumstances.

Monkeypox not likely to spread through saliva and surfaces

Initially, there was a lot of concern that monkeypox could spread widely at daycares or in schools, but, overall, there has been very little spread among children.

Only about 0.2% of U.S. cases have been in kids under 16. And, so far, there's no evidence that a sick child or teacher has spread the virus to another person at a school or daycare center. (College campuses are a separate issue. Several campuses have reported cases among students, but none have reported large outbreaks, at this point).

With children, the concern stemmed from the understanding that the virus can spread through saliva – meaning it can spread when you're up close in somebody's face while talking or coughing. Monkeypox can also spread when a person touches objects and surfaces that were contaminated by someone with an infection. But in reality, it's quite rare to catch monkeypox in either of these ways.

Several studies have found that often there isn't very much virus in the upper respiratory tract. Instead, the highest levels of virus occur on sores found on the skin and inside the anus.

In one of those studies, researchers at Israel Institute of Biological Research measured the levels of virus in 44 monkeypox patients. They took samples from lesions on the patients' skin and swabs of their throats. They found that the skin lesions contained 17-times the infectious virus particles, on average, than the swabs from the throat.

Another study, published last month, obtained similar results, but these researchers went even further: they also analyzed levels of viral DNA in patients' blood, urine, semen, and swabs from the anus, in addition to samples taken from the skin and throat. Although high levels of monkeypox DNA occurred in a few people's throats and semen, those samples, on average, contained much less virus than the samples from the anus or lesions on the skin. Urine and blood contained the lowest level of virus.

Together with a few previous studies, these newer findings explain why monkeypox is spreading almost exclusively through contact during sex, especially anal and oral sex, during the current outbreak.

Even with sex, monkeypox only causes outbreaks in particular circumstances

But this research still doesn't explain why the disease hasn't spread widely in women who, after all, are having sex, too.

Since the beginning of the U.S. outbreak, the CDC data show that the vast majority of cases have remained in men. The rates of infection are also very high among transgender men and women. Meanwhile, only about 2% of cases have occurred in women.

Turns out, it takes more than just having sex to keep a monkeypox outbreak going.

In a study, published last month in the journal Science, researchers found that monkeypox spreads at very different rates in different groups of people – and that rate depends greatly on people's sexual activity. Researchers from Nagasaki University and London School of Hygiene & Tropical Medicine built a mathematical model of the global outbreak. Then they looked to see how the number of sexual partners alters the transmission of monkeypox in their network. Overall, monkeypox outbreaks were highly likely in only one particular type of sexual network: where a small number of people have a high number of sexual partners.

Outside of that, outbreaks of monkeypox are very rare. The study found chains of transmission nearly always stop on their own because the chance of a person spreading the virus to another person is low.

In the U.S. outbreak, monkeypox ""has really been contained in a core group of sexually active men who have sex with men, with multiple partners,"" says Dr. Jeffrey Klausner, a professor of medicine and public health at the University of Southern California who was not involved with the study. And within this group, some are at higher risk: ""It's not in those long-term monogamous relationships, or men who have an additional occasional partner every couple of months ...This is really [concentrated among] men who have multiple new partners every week.""

And as people within these active sexual networks acquire immunity to monkeypox – either by recovering from infections or getting vaccinated – the number of people who are suspectible to infection is falling.

Can monkeypox be eliminated in the U.S.?

Some say it may be possible to stop monkeypox transmission chains in the U.S. and bring cases down to nearly zero (at least, not counting the cases that will come from other parts of the world where the virus is still spreading).

""I think we can expect to see regional elimination, potentially national elimination, where we would not see a sustained number of cases,"" says Klausner, who points out that in some large cities, including San Francisco, Chicago and New York, only a few cases are being detected each day.

Still, new infections have not declined evenly across all cities, and the proportion of cases among men of color is rising.

In fact, CDC data show that monkeypox cases are down dramatically in white men, but nearly 70% of cases are now being detected in Black or Latino men. Health officials have acknowledged that these populations are getting vaccinated at lower rates than white men.

And not all experts are as optimistic about eliminating the virus domestically.

There are still key unknowns that could affect the trajectory of the outbreak, such as whether people without symptoms (or only mild symptoms) are spreading monkeypox unknowingly, and how well the vaccines work – both at preventing monkeypox infections and transmission. ""Do they offer 100%, 75% or 50% protection?"" Titanji says. ""And is that protection for the rest of your life? Or will you need subsequent vaccination to maintain a level of protection?""

These are open questions.

Then there's the virus itself and how it could change. Could it gain a foothold among animal populations in the U.S. or Europe and establish a permanent virus reservoir? Or could it mutate in ways that may increase its infectiousness to humans?

""These are factors that will potentially impact whether we are able to eliminate this virus and go back to where we were before,"" Titanji says, ""So the jury's still out.""

Still, monkeypox may not need to be completely eliminated in the U.S. for it to no longer be a national public health emergency. As cases decline in major cities, outbreaks may be more limited and localized.

If that happens, the challenge will be making sure it doesn't ""become another neglected, sexually transmissible infection, joining the ranks of gonorhea, chlamydia and syphilis,"" Titanji says. These are all preventable diseases, but they still cause long-term health problems for many people, particularly in historically marginalized communities.","['eliminated', 'monkeypox', 'virus', 'cases', 'spread', 'men', 'outbreak', 'sexual', 'sex', 'skin', 'outbreaks', 'number', 'transmission', 'titanji', 'study', 'spreading', 'samples', 'researchers', 'person', 'levels', 'infections', 'infection', 'high', 'health', 'contained', 'widely', 'swabs', 'studies', 'rates', 'patients', 'partners', 'lesions', 'infectious', 'experts', 'eliminate']"
2451296919,"Baltimore Sun","Baltimore, with the state’s most monkeypox cases, is opening new way to get vaccine","https://www.baltimoresun.com/health/bs-hs-baltimore-monkeypox-clinic-20221018-lmje5tp77nftjfpypj2omsglu4-story.html#ed=rss_www.baltimoresun.com/arcio/rss/category/latest/","Karl Merton Ferron/The Baltimore Sun

Adena Greenbaum with Baltimore City Health Dept talks with Sean Arroyo, vice president of operations with Nomi Health as Baltimore health officials plan opening a new monkeypox inoculation clinic at Nomi Health's Baltimore Street location.

Karl Merton Ferron/The Baltimore Sun

Sonia Clark, site lead, wears a protective face shield as Baltimore health officials plan opening a new monkeypox inoculation clinic at Nomi Health's Baltimore Street location.

Karl Merton Ferron/The Baltimore Sun

Nomi Health has a mobile clinic as Baltimore health officials plan opening a new monkeypox inoculation clinic on Baltimore Street, which aims to make the vaccine more easily accessible.

Karl Merton Ferron/The Baltimore Sun

Registered nurse Diona Harrington, operations manager of Nomi Baltimore holds the door for incoming Nomi Health personnel from out of town as Baltimore health officials plan opening a new monkeypox inoculation clinic at Nomi Health's Baltimore Street location, which aims to make the vaccine more easily accessible.

Karl Merton Ferron/The Baltimore Sun

This is the exterior of Nomi Health's Baltimore location as Baltimore health officials plan opening a new monkeypox inoculation clinic on Baltimore Street, which aims to make the vaccine more easily accessible.

Karl Merton Ferron/The Baltimore Sun

A registered nurse, Diona Harrington, shows Nomi's mobile health clinic.

Karl Merton Ferron/The Baltimore Sun

Workers prepare the intake area as Baltimore health officials plan opening a new monkeypox inoculation clinic at Nomi Health's Baltimore Street location, which aims to make the vaccine more easily accessible.

Karl Merton Ferron/The Baltimore Sun

Arinze Ifekauche is the Director of communications, Baltimore city health department as Baltimore health officials plan opening a new monkeypox inoculation clinic at Nomi Health's Baltimore Street location, which aims to make the vaccine more easily accessible.

Karl Merton Ferron/The Baltimore Sun

Allison Forms (left) and Bilikisu Osman listen as nurse practitioner Diona Harrington, operations manager for Nomi Baltimore reviews a monkey pox vaccine administration record form as Baltimore health officials plan opening a new monkeypox inoculation clinic at Nomi Health's Baltimore Street location.

Karl Merton Ferron/The Baltimore Sun

This is the waiting room of Nomi Health's Baltimore location.

The monkeypox outbreak has hit Baltimore the hardest of all Maryland jurisdictions, with about a third of the state’s cases, leaving some of the most vulnerable — uninsured and underinsured — unable to get the vaccine.

But with more supplies coming from federal sources, and a partnership with the Baltimore Health Department, Nomi Health will begin offering shots through a health clinic on the west side of downtown and a mobile van, the city health commissioner, Dr. Letitia Dzirasa, and other officials announced Tuesday.

“This will really increase our capacity,” said Adena Greenbaum, assistant Baltimore health commissioner for clinical services and HIV/STI prevention, on a clinic tour ahead of the announcement. “We will be able to go beyond the health department and other partners in the community.”

The increased availability of shots comes as the monkeypox virus outbreak appears to be on the wane in the United States. the U.S. Centers for Disease Control and Prevention reported last week an average of about 60 cases a day down from a high of 580 in early August. That may be due to some vaccinations and lifestyle adjustments by those most at risk.

But public health officials and experts warn the virus continues to infect people and can, like the coronavirus, morph into new variants that are more efficient at infecting humans. Any delays or pullback in tackling the virus could make it more difficult to control, according to research from the University of Maryland.

“Just because a disease like monkeypox appears controllable does not mean it will stay controllable,” said Philip Johnson, the research’s lead author and University of Maryland biology assistant professor, in a statement. “Slowly simmering epidemics like monkeypox have a higher probability of evolution during the time frame while case numbers are low.”

The city and Nomi Health will offer the shots by appointment only and take people who pre-registered through a state site. Currently about there are 460 city residents on the list out of about 3,700 statewide.

Patients and advocates have criticized the slow rollout of testing and vaccination nationally, which officials believe was due to a combination of low vaccine supply, public health infrastructure burdened by the coronavirus pandemic and underfunding. A concern about stigmatizing the most hard hit in the gay community also may have played a role.

Now there appears to be ample doses available.

Maryland has received 14,539 vials of vaccine from federal officials in recent weeks, which can be divided up to five doses each using a technique called intradermal vaccination where the shot is given between layers of skin in the forearm instead of in the muscle. The U.S. Food and Drug Administration authorized the method in August to stretch limited doses.

In September, the Maryland Department of Health expanded eligibility to anyone at high risk of a monkeypox infection and not just those directly exposed. So far, 7,353 people have been vaccinated in Maryland.

To get the word out, the health department “continues to engage local communities on human monkeypox with a webinar series this month and continuing partnerships with local health departments and community partners,” said Chase Cook, a department spokesman.

Previously, health officials had been alerting medical professionals to be on the lookout for symptoms and refer for testing.

Clusters of monkeypox began showing up in May in European countries that do not normally have significant cases. Soon after cases were detected in the United States and Maryland. They caused a telltale body rash that can last weeks, swollen lymph nodes and achiness that can be severe.

The state has logged 692 cases, with the most, 255, or nearly a third, in Baltimore. About half the cases have been in the city and surrounding metro area. More than 95% have been male, 61% Black and 47% ages 30 to 39.

Sean Arroyo, vice president of operations at Nomi, a nationwide health care provider to underserved communities, said the West Baltimore Street clinic has been busy in the past year offering COVID testing and vaccines.

The lines that were out the door and down the street at times have dropped significantly though there are still widespread cases and the clinic now offers the bivalent omicron COVID vaccine, he said.

Now Nomi will add monkeypox vaccine to the lineup, and later flu vaccine, under a $1 million contract with the city health department that lasts through December.

He and city officials are unsure what the demand will be, especially as cases wane and people feel less fearful of a monkeypox infection. The clinic can vaccinate up to 125 people a day and will get the van into neighborhoods in coming weeks.

“We’ve seen a national drop-off in demand, but there are pockets of demand so we will be here and bring the van into the communities,” Arroyo said. “We’re working on a plan for the van. Not everyone has transportation to get here.”

Health officials say vaccinations will be essential to combating the outbreak.

“Waiting until the number of cases is high again would give monkeypox the opportunity to adapt more substantially to humans,” the University of Maryland’s Johnson said.

The research was published last month in the journal The Lancet. It cited Ebola and the omicron variants of the coronavirus as examples of viruses more difficult to control once they evolve from their original form and jump to humans from animals.

“We have finite public health resources, meaning that we need more research to develop tools that can identify possible early-stage evolutionary adaptations and help guide control efforts to where they’ll be most effective,” Johnson said.","['baltimore', 'monkeypox', 'vaccine', 'cases', 'opening', 'states', 'health', 'nomi', 'officials', 'clinic', 'street', 'merton', 'ferronthe', 'plan', 'inoculation', 'healths', 'city', 'department', 'easily', 'aims', 'accessiblekarl', 'van', 'operations', 'maryland', 'location', 'control', 'virus', 'university', 'shots', 'research', 'public', 'nurse', 'mobile', 'locationkarl', 'johnson']"
2454934955,"Gizmodo","11 Monkeypox Conspiracy Theories Got 1.4 Million Views on TikTok in One Day, Study Finds","https://gizmodo.com/tiktok-monkeypox-conspiracy-theories-study-1849688285","If you ever wondered how long it takes for conspiracy theories to start gaining steam on social media, a study published this week may have a possible answer for you: a little more than one day.

A new study from University of Alberta researchers Marco Zenone and Timothy Caulfield documented just how fast health misinformation spreads on TikTok, one of the most popular platforms of the moment. After the World Health Organization recommended public health officials probe public sentiment and address possible misinformation around monkeypox back in May, Zenone and Caulfield decided to conduct a rapid assessment to find out where and how quickly conspiracy theories were spreading on TikTok.

“The study highlights how fast misinformation and conspiracy theories emerge. We should be monitoring platforms to get a sense of the bunk themes so science-informed, engaging, and shareable content can be created and used ASAP to counter the noise,” Caulfield told Gizmodo via email. “For those using TikTok, the study highlights, once again, how much misinformation there is on these platforms.”

To conduct their assessment, the researchers collected and analyzed 864 videos with the hashtag #monkeypox on TikTok on a specific day in May. They identified 153 videos containing conspiracy theories on monkeypox, which generated more than 1.4 million views, 74,328 likes, 7,890 comments, and 13,783 shares.

On average, the videos in their sample were 30.2 hours old, meaning it took them a little more than a day to start making the rounds on TikTok. The researchers published their study in JAMA Network Open Tuesday.

Zenone and Caulfield identified 11 conspiracy theories associated with #monkeypox hashtag on TikTok. The three most popular theories propagated the false ideas that monkeypox was the next orchestrated pandemic, that monkeypox was introduced to force more people to receive vaccines, and that Microsoft cofounder Bill Gates was involved in the monkeypox outbreak. None of these conspiracy theories are true.

“It’s almost like they knew it was coming, like it was a giant plan, from one pandemic to the next, that’s all it’s going to be now guys, that way they can keep all the control they want and keep everyone scared….This is a giant plan,” one person said in a TikTok video, according to a transcript in the study.

Other conspiracy theories speculated that monkeypox was a ploy to give the WHO power over sovereign countries, that the monkeys that got loose in Pennsylvania had monkeypox and were released on purpose, and that monkeypox was created in lab, among others. Again, none of these are true.

The study was not without its limitations. According to the authors, one limitation was that they only analyzed videos on TikTok in English under one hashtag. They acknowledged that there were likely TikTok videos with conspiracy theories in other languages and different hashtags.

When asked about Zenone and Caulfield’s study, TikTok told Gizmodo in an email on Friday that it works with the WHO to provide accurate information to its users.

“We remove medical misinformation about monkeypox and have partnered with the World Health Organization to make it easier for people to access facts through video labels, search, prompts, and hashtag PSAs,” a spokesperson said. “We also work with independent fact-checkers who assess content so that we can consistently remove violations of our policies.”

The spokesperson said that TikTok would remove the content cited in the study if the researchers provided them with the links. The study included a summary of the conspiracy theories found and their themes, but not the links.

Caulfield said the study is a reminder that public health officials need to adopt a range of response to address misinformation on social media, including “rapid debunking and content-informed pre-bunking.”

“We can warn people that about the kind of bunk that is emerging,” he said.","['views', 'day', '14m', '11', 'monkeypox', 'tiktok', 'theories', 'conspiracy', 'study', 'misinformation', 'videos', 'health', 'researchers', 'hashtag', 'caulfield', 'zenone', 'remove', 'public', 'content', 'world', 'video', 'told', 'themes', 'start', 'spokesperson', 'social', 'rapid', 'published', 'popular', 'platforms', 'plan', 'pandemic', 'organization', 'officials', 'media']"
2456187498,"ABC News","2 die of monkeypox weeks after being diagnosed","https://abcnews.go.com/US/people-die-chicago-weeks-diagnosed-monkeypox/story?id=91913356","Two Chicago residents died after being diagnosed with the monkeypox virus, the city's Department of Health announced. The two were diagnosed with monkeypox over six weeks ago and had been hospitalized.

The two had several other health conditions, including weakened immune systems, city officials said. The two deaths were unrelated to each other, they said.

""Though the number of new MPV cases has declined substantially since summer, this is a stark reminder that MPV is dangerous and can cause serious illness, and in very rare cases, even death,"" said Chicago Department of Public Health Commissioner Allison Arwady on Friday. ""Our hearts go out to these individuals' families and friends.""

Officials said they would not disclose any other information about the two cases, including where they were being treated, to protect their privacy.

The U.S. has reported over 27,000 cases and six total deaths due to monkeypox, according to the Centers for Disease Control and Prevention. Monkeypox cases have been reported in all 50 states.

The first confirmed case of monkeypox in the U.S. was reported in Massachusetts in May.

Monkeypox symptoms usually start within three weeks of exposure to the virus and the illness typically lasts two to four weeks, according to the CDC.

People with monkeypox get a rash that may be located on or near the genitals or anus and could be on other areas like hands, feet, chest, face or mouth. Other symptoms can include fever, chills, swollen lymph nodes, exhaustion, muscle aches and backache, headache and respiratory symptoms, according to the CDC.

Those infected may experience all or only a few symptoms. If someone has flue-like symptoms they will usually develop a rash one to four days later, the CDC says.

Officials said death due to monkeypox still remains rare. Among more than 75,000 cases reported in 2022, there have been 32 reported deaths, according to the World Health Organization.

""The vast majority of people with [monkeypox] who died have had other health conditions along with [monkeypox] causing severely weakened immune systems,"" said Arwady.

She added, ""Please continue to take it seriously. If you’re at risk of MPV infection, take prevention steps and get vaccinated to protect yourself and your loved ones. These measures are especially important if you have comorbidities and/or a weakened immune system.""

Chicago health officials encourage individuals who meet the eligibility criteria to get two doses of the monkeypox vaccine, 28 days apart.","['die', 'monkeypox', 'weeks', 'diagnosed', 'chicago', 'health', 'cases', 'symptoms', 'reported', 'weakened', 'mpv', 'immune', 'deaths', 'virus', 'systems', 'rash', 'rare', 'protect', 'prevention', 'officials', 'individuals', 'including', 'illness', 'died', 'department', 'death', 'days', 'conditions', 'youre', 'world', 'vast', 'vaccine', 'vaccinated', 'unrelated', 'typically']"
2456323211,"UPI","At least six more people who tested positive for monkeypox have died in U.S.","https://www.upi.com/Health_News/2022/10/23/six-more-people-monkeypox-died/8801666554567/","Oct. 23 (UPI) -- At least six more people who tested positive for monkeypox have died, including two in Chicago, two in New York, one in Nevada and one in Maryland.

In all, nine deaths have been reported, according to state reports, with the Centers for Disease Control and Prevention listing six through Friday. The six additional deaths were announced by state agencies on Thursday and Friday.



Nationally there are 27,884 cases.

The Chicago Department of Public Health announced two deaths Friday, and both who had multiple other health conditions including weakened immune systems.

Both people were described as adults who had been hospitalized for more than six weeks after being diagnosed with the virus. ""Our hearts go out to these individuals' families and friends,"" said CDPH Commissioner Allison Arwady.

""Though the number of new MPV cases has declined substantially since summer, this is a stark reminder that MPV is dangerous and can cause serious illness, and in very rare cases, even death.""

The Chicago announcement came as the Maryland Department of Health said in a statement that a person who died was immunocompromised but that the monkeypox was a ""contributing factor"" in their death.



""Human monkeypox is still circulating and can cause severe illness and death,"" said Dr. Jinlene Chan, the state's deputy secretary for public health services.

""If you are eligible, such as being immunocompromised or at-risk, the best way to protect yourself against serious illness from MPX is by getting vaccinated.""

Another two people were reported Thursday to have died in New York City, according to CBS News. Both of those patients had prior health issues.

""We are deeply saddened by the two reported deaths and our hearts go out to the individuals' loved ones and community,"" New York City Department of Health and Mental Hygiene said in a statement.

""Every effort will be made to prevent additional suffering from this virus through continued community engagement, information-sharing and vaccination.""

The sixth new death was reported in Nevada on Thursday of a resident in Clark County, described as a male over the age of 50 with underlying medical conditions.

""This is a tragic situation, and our sympathies are with his family and friends,"" said Dr. Fermin Leguen, an official with the Southern Nevada Health District.

The new deaths came after the first death was confirmed in Los Angeles County on Sept. 12. That person was ""severely immunocompromised"" and had been hospitalized for the illness.



Ohio announced the second death in late September.","['tested', 'positive', 'monkeypox', 'died', 'health', 'deaths', 'reported', 'death', 'york', 'nevada', 'immunocompromised', 'illness', 'department', 'chicago', 'announced', 'virus', 'state', 'public', 'person', 'mpv', 'individuals', 'including', 'hospitalized', 'hearts', 'friends', 'dr', 'county', 'community', 'city', 'cases', 'additional', 'weeks', 'weakened', 'vaccinationthe', 'vaccinatedanother']"
2459412289,"The Nation ","Learning From the “Bad Gays” of History","https://www.thenation.com/article/culture/bad-gays-podcast-interview/","Along with the historic rate of youth LGBTQ+ identification—20.8 percent of Gen Z respondents answered a Gallup poll affirmatively last year—a remarkable feature of the contemporary sexual order is the ready availability of popular histories of queer activism. This arms present conflicts over gender and sexuality with a sense of how long the fight has been prepared for, and a lineage of dignified predecessors in struggle to join. But in this historical narrative, the reality of these ancestors as engaged political actors can be paradoxically easy to miss. Personal queer history is often confirmed but not challenged by historical queer persons, who can remain sealed behind this narrative even if they are still alive. 1

Huw Lemmey and Ben Miller’s popular podcast and now book, Bad Gays, takes a slightly arch approach to deliver a corrective to the dominant narrative of heroic queers perfecting liberal society. In each of their carefully researched chapters, they adopt one or more of the titular “bad gays” as an opportunity for a complicated discussion of certain unsavory characters who nevertheless left decisive marks on the shape of contemporary sexual and gender identities, or whose experience provides a useful reference point against which to measure their change. 2

The “bad gay” is a venerable slur, gleefully deployed against Nazis or other figures of evil to distance their acts from implicitly straight innocence by the further charge of sexual deviance or, better, self-hatred. And in fact Ernst Röhm, J. Edgar Hoover, and Roy Cohn all make the appalling roster here, though Lemmey and Miller’s point is not to blame the 20th century on closet cases but to enrich queer politics with a supple enough historical sense to move inventively, without naturalizing the moral categories it wants to explode. 3

Advancing briskly from Hadrian to Lawrence of Arabia, and Yukio Mishima to Margaret Mead, their negative canon illuminates the long prehistory of the contradictory situation we all find ourselves in now, with a partially liberated sexual and gender order that preserves archaic violence alongside innovative forms of freedom. Recently, I corresponded with Lemmey and Miller to learn more about their approach to what they call “homosexual history.”4

—Max Fox5

Max Fox: One of the bolder premises in the book is your claim that the project of homosexuality was a failure. What do you mean by that?6

Ben Miller: The quote is that the book “investigates the failure of white male homosexuality as an identity and a political project.” White male homosexuality is one of the most successful political projects of the 20th century in terms of its ability to achieve civil rights and state recognition in record time. Huw and I are both white male homosexuals; we stand on top of that identity and are implicated in its successes, failures, exclusions, and the violence it’s done to others on its long march through the institutions. Our book is a counterhistory of that march through the institutions, one which focuses on the various poisons baked into the cake of that identitarian and political project from the beginning, by way of trying to dream a wilder, more inclusive, more powerful, more fun, and more interesting future for everyone.7

Popular

""swipe left below to view more authors""Swipe →

We’re Letting a Public Health Disaster Unfold In Slow Motion We’re Letting a Public Health Disaster Unfold In Slow Motion

Gregg Gonsalves

Clarence Thomas Broke the Law. Why Is He Not Being Prosecuted? Clarence Thomas Broke the Law. Why Is He Not Being Prosecuted?

Highlights / William W. Taylor III

Alabama’s IVF Ruling Is Christian Theology Masquerading as Law Alabama’s IVF Ruling Is Christian Theology Masquerading as Law

Elie Mystal

The Divided Landscape of Indian American Politics The Divided Landscape of Indian American Politics

Feature / Jeet Heer

What are the poisons baked into the cake? Well, we identify some primary themes that run through the stories, all of which are common parlance in scholarly and activist communities but less well-known in queer public history. One is the degree to which the white gay man benefited from and evolved out of European colonization of the Global South—ideas about colonized people circulated in metropolitan capitals and served as the foundation for gay activists’ claims about themselves, their histories, and their identities.8

Meanwhile, those gays were often complicit in the colonial project—some, like Cecil Rhodes, were leaders of that project—and too many white gay movements have ignored or actively oppressed queer-of-color organizing. Another is the white gay man’s rejection of femininity and gender nonconformity: In trying to be a “real man,” he’s often thrown allies under the bus. In telling these stories, we hope to give people tools with which to think critically about our past, understand how we are implicated in it, and dream the future forward.9

MF: The gambit of thinking about “bad gays” is a way to move against a certain figure of the homosexual as an eternally and piously oppressed identity, which was central to bids for rights on the basis of its respectability. But in other ways, the bad figure seems to have been uncritically reactivated recently—it’s swirling around the panic over “grooming” and threatened to merge with the response to monkeypox. Does your historical investigation give you a better way of responding to this slur than respectability politics would?10

Huw Lemmey: I think orienting one’s sexual politics around an appeal to a third party is a strange compulsion that doesn’t really work for anyone. It’s a continuation of that same imperative that’s leveled upon the left in general to dilute its goals and ideas to appeal to a mythical “normal” voter: The costs outpace the rewards, simultaneously invalidating our own desires while casting the “norm” as natural. So in terms of gay politics, there may be ever more visibility for gay people, but the depth of that representation is shallow; the idea of what sexuality could mean, how it could challenge and strengthen us, is limited. At the same time, that limits our ability to fight back when the “norm” shifts against us. The response to monkeypox is a great example: When outbreaks started occurring in major European and US cities, it was gay men who were disproportionately affected. To me, that was unsurprising; although there are lots of ways to be gay, there is a different sex culture among many gay men in cities. Yet when those same groups started advocating for access to emergency health care and vaccines, in addition to the usual government foot-dragging and resistance, we also saw a pushback from other LGBTQ people claiming that targeting gay men for vaccine programs was “stigmatizing” homosexuality and would label monkeypox as a “gay plague.” There were even a large number of accusations that targeting a vulnerable demographic for increased health care was a rerun of the stigmatization we saw during the early AIDS crisis—a terrible misreading of history.11

I think part of this problem emerges from the reluctance or inability to have honest and frank conversations between ourselves as gay people. Gay life has broken through into mainstream culture, but largely for a sympathetic straight audience, and discussions tend to be oriented outwards. As a result, there’s less space for us to talk between ourselves and represent ourselves to ourselves. So when we started Bad Gays, other gays were our audience. We wanted to have conversations that didn’t shy away from those complex conversations about the historical figures and identities that have shaped our contemporary identity. I think that’s an important political project; when other gays accuse us, as they have, of “airing our dirty linen in public,” I’m OK with that, because it means we’ve given up censoring our conversations for the sake of straight people.12

MF: You argue against an idea of linear progression for thinking about this history, though this a cherished concept for people who want to warn against “going backwards.” What is a more useful way to think about this?13

BM: History isn’t an arc that bends in any particular direction; it’s poems about ghosts, and sometimes they rhyme, but they don’t always make sense. Imagining gay history as a seamless evolution of ever-increasing rights and visibility is profoundly historically inaccurate, and also boring and reactionary. It led, for example, to the popularization of triumph narratives about civil rights achievements in the mid-2010s that helped continue demobilizing gay movements; now, only a few years later, new far-right moral panics about “groomers” and trans kids demonstrate how short-sighted that demobilization was. Once you realize the value of liberation can go up or down, you actually appreciate the strategic and ethical need to align the liberation of sexual and gender minorities with a universalist politics.14

HL: I think it flatters everyone to suggest that we are smarter, kinder, and more just than those who came before us. Sadly, it isn’t true; history suggests that the gay identity is formed from a series of moral panics. These moral panics counterintuitively communicate to people the presence and availability of deviating from the restrictive norms and finding solidarity in gay life. It’s useful and important to be aware of the fact that those who tolerate you now, or even think of themselves as “allies,” may very well be complicit in the next reactionary wave. The emphasis must surely be on building a wider form of political solidarity to help as many of us as possible survive.15

MF: I was struck by this question you pose in your introduction: “Why do configurations of identity and desire that seem to have expired continue to hold such power over so many people?” Do you think you’ve come to some understanding through writing this book?16

BM: Michel Foucault was joking about the sexual liberation movements believing that “tomorrow, sex will be good again” in the 1970s! I think we get through it by going through it and actually addressing and engaging with it, not simply rejecting it.17

HL: None of us are immune to the idea that things were simpler in the past, that we just missed a golden age. Not just the past—I think we also look sideways at how others organize their desire and wish we could have some of that. But I think, in terms of desire, there’s also a feeling that we want to better understand the modes of identity that we’ve inherited. My conclusion from writing the book is that much of the deep sexual anxiety we’re seeing in Europe and the US at the moment, from gay as well as straight people, comes from an epochal shift within our current sex-gender system that is very confusing for people who have come to think of their sexuality as a transhistorical truth, something unchanged through the centuries that has only, in the past century, been allowed to flower. That change looks like a threat, but history suggests it’s just the latest turn in an ever-shifting fluctuation of identities.18

MF: I’ve seen people argue that because the terms and categories change, the historical basis for a coalitional identity is a romantic fabrication. You say that coalition is the only thing that’s ever worked. Why is that?19

BM: Well, lesbians were targeted by the Nazis, as were trans people, and Sylvia Rivera and Marsha P. Johnson sure did think of themselves as women and as people whose social identities were profoundly shaped by gender transgression, even if they lived some of their lives at a moment when identity categories were sliced somewhat differently and a word like “gay” was more capacious than it is now. Post-Foucauldian gay and lesbian history has learned some of the wrong lessons: As Helmut Puff wrote a few years back, “A generation of researchers translated a somewhat paradoxical [argument], especially in the standard English translation, into a road map on how to do research on the history of homosexuality.” If our intervention into public history is to urge people to be more precise and specific and understand queer history in more complicated ways, then I think we’re also thumbing our nose a bit at certain strands of academic history that get bogged down in terminological debates that can often—as in the case of the gay men who object to the remembrance of the Nazi persecution of trans people and lesbians, or the gay men who insist that Marsha and Sylvia weren’t actually meaningfully trans––become reactionary.20

MF: Does this history give us a way to think about the contemporary fascist mobilization around trans people, or does that come out of a different historical sequence?21

BM: The history of fascist mobilization against trans people is extremely present in our book, most prominently in the chapter about Weimar history. For me it is impossible to look at the ways in which sex and gender deviance were constructed as threats to the nation and not see profoundly disturbing correspondences with today’s transphobic mobilizations. The cover of Abigail Shrier’s book, Irreversible Damage, with the little white girl’s reproductive organs obliterated by a black hole—what she calls “the transgender craze seducing our daughters”—could be a Nazi propaganda poster.22

HL: History doesn’t repeat; it rhymes, to paraphrase Twain. The current moment of fascist mobilization is not the same as that in the ’30s, but there is plenty to learn from that period about the anxieties and hatreds that were fed, and fed upon, by the Nazis. Perhaps most important would be the anxieties around collapsing masculinity, blurring traditional gender roles, and the fear that the state is becoming weak. It’s telling that, despite the US spending more than the next eight largest countries combined on its own military, there is such a willing audience for the idea that LGBTQ people are weakening US defense that the traditional transphobic joke has as its punch line an attack helicopter; that upon the Russian invasion of Ukraine, there was a sudden spike in conversations about the tolerance of LGBTQ people in Europe having strengthened Putin’s resolve; and so on. These fears of sexual and moral degradation, military and masculine weakness, and the penetrability of a nation’s sovereignty—all of them have precedent in interwar Europe, as do the hate campaigns that are springing from them.23

In recent decades, the idea that homosexual tolerance, and indeed homosexuality, was the logical consequence of the Western liberal project has become commonplace, utilized to conscript gay rights into that project, to exclude LGBTQ Muslims, and to demonize brown people in general. Any gay person who has argued against Western interventionist policy, or for the rights of the Palestinian people, will recognize this—as well as the inevitable wide-eyed, salivating, and gleeful response from a straight person that “they’d throw you off the top of a building over there.” Not only has that project demonized others, but it has helped boost this nationalist obsession with sexual moral hygiene and the integrity of borders. These are chickens coming home to roost; history proves that even the most masculinist, fascist, flag-waving gays rarely survive what follows.24

MF: The chapter on Weimar Germany is especially interesting, since that time and place loom so large in liberal minds as a figure of sexual liberation inviting reactionary backlash. This ends up agreeing with preserving an idea of sexual freedom as decadence. What would you say your investigation of the Weimar gays actually teaches us?25

BM: Historian Laurie Marhoefer’s argument, [in Sex and the Weimar Republic] proposes that Weimar Berlin’s sexual liberation movement was much like the movements of the 1960s and 1970s in the English-speaking world: They both had multiple ideological and intellectual strands, were complex and often contradictory, and had central elements that were willing to accept a more “scientific” and progressive understanding of sexual and gender difference in exchange for sharpened penalties against people understood to be particularly deviant, like sex workers. This does not, of course, mean that Nazi backlash against gay and trans visibility wasn’t a huge part of their project of murder and repression. I think this way of looking at Weimar helps us get closer to an understanding of the similarities between that moment and our own.26

MF: The current public understanding of homosexuality is one that you trace as emerging from a series of concessions to power, punctuated by moments of revolt and opportunities for alliance. What would you say that people interested in moving beyond this project should be looking for? 27

HL: Most fundamentally, that same-sex desire is not an identity category strong enough to ensure solidarity in and of itself, and that a wider coalition is necessary. At the same time, coalitions cannot demand that one party lives like the other party, or that one party bends to meet the demands of the other. We are all different people; our experiences even within that identity category vary vastly, inflected by our other identities. Lastly, that difference perseveres and survives.28

BM: We end the book with a dance through some moments when queer people and movements approached, however fleetingly, a lived politics of alliance capable of making transformative change. Some of these moments––like the Combahee River Collective and its movement-defining statement––are well-known, others of them less so. One of my favorite stories in that conclusion comes from Allan Bérubé and Aaron Lecklider’s research into the pro-gay, anti-racist Communist Marine Cooks and Stewards union that worked on the Pacific Merchant Marine fleet in the 1930s. They had signs saying: “No Red-Baiting, No Race-Baiting, No Queen-Baiting.” Someone threatened to beat up a member for being a queen, and he beat him bloody with a soup ladle and said, essentially, that a union queen was willing to be mean to defend her comrades. We should all aspire to that.29

MF: Your last profile is of Pim Fortuyn, who synthesizes some of the worst strains of masculinism with the liberal appeals to tolerance that preserve the idea of homosexuality as bad but whiteness as good because it can withstand it. You draw parallels with Milo Yiannopolous, Andrew Sullivan—maybe we would include Glenn Greenwald in a couple of years. Are gays like this the future, or can we defeat them?30

BM: This is the more pessimistic part of our conclusion: that the center-right acceptance of certain elements of the liberal rights consensus about gays and lesbians will lead to more Fortuyns and Sullivans. Indeed, to the extent that Sullivan helped theorize that rights consensus with his arguments for demobilization after AIDS and marriage equality as a dignifying signature issue, this was intentional. I think we can defeat them, but I also fear they will grow in number.31","['learning', 'history', 'gays', 'bad', 'gay', 'sexual', 'identity', 'project', 'gender', 'rights', 'homosexuality', 'book', 'white', 'queer', 'idea', 'historical', 'weimar', 'trans', 'public', 'politics', 'political', 'moral', 'straight', 'sex', 'movements', 'men', 'liberation', 'liberal', 'lgbtq', 'conversations', 'ways', 'understanding', 'terms', 'party', 'moment']"
2459144902,"mlive.com","Michigan adds 16 monkeypox infections across 7 counties","https://www.mlive.com/public-interest/2022/10/michigan-adds-16-monkeypox-infections-across-7-counties.html","Michigan identified another 16 monkeypox virus cases last week, which increased the outbreak total 5% to 327 known infections.

The latest weekly increase was greater than the national average (2%) but held consistent to the state’s weekly transmission reports, compiled by the Michigan Department of Health and Human Services.

New cases were spread across seven counties, including Eaton County, which became the 23rd county to report its first confirmed infection. The other new cases were from Genesee, Ingham, Kent, Macomb, Washtenaw and Wayne.

Monkeypox is a viral disease that may cause a rash that looks like pimples or blisters, among other symptoms. It is typically spread through close contact by an infected person, or through touching shared objects, fabrics or surfaces.

National health leaders have noted the decline in monkeypox infections throughout the country, but said low-level transmission of the virus could continue indefinitely in the U.S. That would be a change from what’s been commonplace before the current outbreak, when the virus was rarely found in North America.

Below is a map of Michigan’s reported monkeypox cases as of Tuesday, Oct. 25. Hover over a county to see how many known cases have been identified.

Can’t see the map? Click here.

As of Tuesday, there were 28,061 total cases identified throughout the U.S. Michigan ranks 16th, far behind leaders California, New York, Florida, Texas and Georgia.

A vaccine against monkeypox, smallpox, and other similar infections is available for individuals at greater risk of being infected. If you believe you’ve been exposed to the virus and/or start experiencing symptoms, contact a health care provider or your local health department.

For the latest updates on the 2022 monkeypox outbreak, visit the CDC website or Michigan’s monkeypox web page.

","['counties', 'adds', '16', 'monkeypox', 'michigan', 'infections', 'cases', 'virus', 'health', 'outbreak', 'county', 'weekly', 'transmission', 'total', 'symptoms', 'spread', 'reports', 'michigans', 'map', 'leaders', 'latest', 'infected', 'identified', 'greater', 'contact', 'youve', 'york', 'whats', 'week', 'website', 'web', 'waynemonkeypox', 'washtenaw', 'visit', 'viral']"
2459265338,"ABC News","Immunocompromised at high risk for severe effects, death from monkeypox: CDC report","https://abcnews.go.com/Health/patients-weakened-immune-system-suffer-severe-effects-death/story?id=92128529","Immunocompromised patients who contract monkeypox can suffer devastating consequences, according to new federal data.

A report, published Wednesday by the Centers for Disease Control and Prevention, looked at 57 people who were hospitalized with severe cases of the disease between Aug. 10 and Oct. 10.

Almost all the patients had severely weakened immune systems and 82% had HIV.

Just 9% of the HIV patients were receiving antiretroviral therapy -- medication that can suppress viral loads -- making the virus nearly undetectable and therefore intransmissible.

Over time, HIV can weaken a person's immune system, which makes it difficult to fight off diseases such as monkeypox, according to the CDC.

Of the remaining immunocompromised patients, 5% were solid organ transplant recipients. Five percent were pregnant and 3% -- including one HIV patient -- were undergoing chemotherapy.

Because the patients had weakened immune systems, their monkeypox symptoms were also more severe, the CDC said.

All the patients experienced severe rashes while 68% also had severe lesions on various body parts including the face, torso, hands, feet and genitals.

Some patients had damage to other organs, including the eyes, lungs, brain and spinal cord.

The World Health Organization says monkeypox can lead to complications including bacterial lung infections, sepsis, brain inflammation and infection of the cornea.

The report found 30% of patients received ICU care for their symptoms and 21% died. Of the 12 patients who died, monkeypox was a cause of death or contributing factor in five deaths and was not a factor in one death. The other six remain under investigation.

In addition, the report revealed further racial and ethnic disparities. Overall, 68% of patients were Black, highlighting not only the disproportionate effect the monkeypox outbreak has had on minorities but also the disproportionate risk Black Americans have of contracting HIV.

The authors say the report is a ""reminder"" of the severe consequences some patients can face and that public health officials and clinicians need to work to ensure not only that patients at risk for monkeypox are vaccinated but those with HIV receive treatment.

""Monkeypox and HIV have collided with tragic effects,"" said CDC monkeypox incident commander Dr. Jonathan Mermin. ""Today's report reminds all of us that access to monkeypox and HIV prevention and treatment matters -- for people's lives and for public health.""","['suffer', 'effects', 'patients', 'monkeypox', 'severe', 'immune', 'weakened', 'systems', 'death', 'cdc', 'hiv', 'report', 'including', 'health', 'symptoms', 'risk', 'public', 'prevention', 'immunocompromised', 'factor', 'face', 'disproportionate', 'disease', 'died', 'consequences', 'brain', 'black', '68', 'world', 'work', 'weaken', 'virus', 'viral', 'vaccinated', 'undetectable']"
2464046006,"Salon","When monkeypox reaches rural communities, it collides with strained public health systems","https://www.salon.com/2022/10/31/when-monkeypox-reaches-rural-communities-it-collides-with-strained-public-health-systems_partner/","This article originally appeared on KFF Health News.

When a case of monkeypox was reported in Nevada's Humboldt County in August, it was the state's first detected occurrence of the virus in a rural area. Soon, cases were found in other rural counties — Nye, Lyon, and Elko — posing another hurdle for public health systems that have been worn thin by the covid-19 pandemic.

Experts say the response to the monkeypox virus in rural America may be affected by the patchy resources and bitter politics that are a legacy of the pandemic, challenges that some worry could allow sporadic infections to gain a foothold.

""Your embers turn into a forest fire really quickly,"" said Brian Castrucci, president and CEO of the de Beaumont Foundation, a national nonprofit focused on public health policy. ""The challenge is: Do we have the infrastructure in place in rural America for an adequate response to monkeypox, to covid, to whatever is next on the horizon?""

In Humboldt County, local officials galvanized quickly after monkeypox was reported. The local health board issued a news release encouraging residents to be cautious about physical contact and outlining what symptoms to look for — painful or itchy rashes, fever, and headache, among others.

""I don't think this is something we should be afraid of,"" Dr. Charles Stringham, the county's health officer, said in the news release, ""but instead something that each of us can avoid by taking a few relatively simple precautions.""

Local health officials are in a ""primary prevention role,"" Stringham said during an interview. It's a role that includes educating the community about the virus, monitoring the person who tested positive, and checking in with local physicians.

State and local public health officials in Nevada said the response in Humboldt County, where nearly 18,000 people live, and similar efforts in other rural communities follow guidelines set by the Centers for Disease Control and Prevention. State and local health leaders meet monthly to discuss public health issues, which of late have included the monkeypox virus. They said they're confident in local responses.

Still, some residents of rural Nevada said they have been confused about where to find vaccines or whether vaccines were available in their county.

Stevie Noyes, a resident of Winnemucca, Humboldt County's largest city, who identifies as pansexual, said she wouldn't know where to go to get a vaccine for monkeypox. She called a local retail pharmacy, where her family usually gets vaccines, in early September and was told the pharmacy didn't have monkeypox vaccines. The pharmacist didn't know where she could find one in town.

Noyes, a 34-year-old hairdresser, said she's not urgently concerned about monkeypox because no other cases have been detected in the county. Should the virus begin to spread, however, she said, members of the local LGBTQ+ community would lean on one another, rather than local county or health officials.

County and health officials ""take a lot of heat from the town"" on the politics of responding to public health issues, Noyes said. ""What I see a lot is that political influence to where it does curb what's released and it does curb the steps that are taken.""

Despite the venomous discourse Noyes has witnessed, Stringham said that in his experience, the monkeypox virus has not been difficult to respond to politically, especially compared with covid.

CDC data shows that non-Hispanic Black and Hispanic men who have sex with other men are overrepresented in infections across the country. LGBTQ+ advocates have said they're concerned that the government response wasn't reaching their communities even though they are disproportionately affected.

In larger cities, such as Las Vegas, officials have partnered with LGBTQ+ community centers to promote awareness and to distribute educational materials and vaccines. But there is no similar center in Humboldt County, where 57% of voters opposed a ballot question in 2020 that reversed a provision in the state's constitution that banned same-sex marriage. Statewide, the ballot measure was approved by 62% of voters.

Noyes said she's more concerned about prejudice than the virus and fears that because the virus has been linked to men who have sex with men, it could spark retribution against people who identify as LGBTQ+ in Humboldt County. ""A lot of these people, the more you interact with them, the more emboldened and, I mean, eventually dangerous they become,"" she said.

Some people in Winnemucca have been outspoken about calling monkeypox a ""gay virus"" and making jokes on Facebook, she said.

In late September, Noyes helped host Winnemucca's second Pride festival. Immunize Nevada, a nonprofit organization focused on providing vaccines across the state, was there to provide information about covid-19 and monkeypox.

""We're hoping to combat it that way,"" Noyes said.

Kristy Zigenis, program manager for the state's immunization program, said responding to the monkeypox virus in rural places requires nuance. ""If we were to hold a clinic in, say, a rural area, not all of those people might be ready to share with the world that they have participated in this behavior,"" Zigenis said.

She added that public health officials have encountered affected people in Clark County, the home of Las Vegas, who weren't prepared to share their sexual partners' names during contact tracing or couldn't identify their partners. ""I think that probably crosses a bit into the rurals as far as what's going on with the case count,"" she said.

As of Oct. 26, there were 28,087 confirmed cases of the monkeypox virus nationwide, according to the CDC, and 298 in Nevada, putting the state in the second-highest tier for transmission. Most of the state's cases are in Clark County, where more than two-thirds of the state's residents live, but cases have been reported in four rural counties.

Because it's unclear whether monkeypox has spread beyond the one detected case in Humboldt County, Stringham said he's trying to provide enough messaging to keep residents informed, but not too much to cause burnout.

He said he thinks resources would be better directed toward prevention of covid, adding that the situation could change.

To make matters more difficult, the community health nurse, who is responsible for distributing the vaccine from a state-run clinic in Winnemucca, retired months ago, and her replacement, a nurse from Carson City, didn't arrive until October.

""We're working in a bit of a deficit in that respect,"" Stringham said.

During the interim, Zigenis said, Humboldt County residents who met the eligibility requirements to receive a monkeypox vaccine needed to see an administrative assistant in the Winnemucca Community Health Nursing Services office, where 100 doses of the Jynneos vaccine were available. The state agency would then dispatch someone to Humboldt County to administer the vaccine.

Experts say that gap is emblematic of the kinds of difficulties that officials in rural communities across the country face when responding to public health issues.

""The challenge is there may be people who aren't seeking primary care, so cases aren't getting picked up,"" Castrucci said. He added that the focus of resources on covid or monkeypox can cause other health issues to fall through the cracks, especially considering the lack of investment in local public health departments in rural America compared with departments in larger cities.

KHN (Kaiser Health News) is a national newsroom that produces in-depth journalism about health issues. Together with Policy Analysis and Polling, KHN is one of the three major operating programs at KFF (Kaiser Family Foundation). KFF is an endowed nonprofit organization providing information on health issues to the nation.

Subscribe to KHN's free Morning Briefing.","['systems', 'strained', 'reaches', 'communities', 'collides', 'health', 'monkeypox', 'rural', 'public', 'county', 'virus', 'local', 'humboldt', 'officials', 'vaccines', 'cases', 'stringham', 'states', 'residents', 'noyes', 'issues', 'community', 'winnemucca', 'vaccine', 'state', 'response', 'nevada', 'men', 'lgbtq', 'zigenis', 'responding', 'resources', 'reported', 'prevention', 'nonprofit']"
